game_id,pfr_game_id,season,week,game_type,team,opponent,pfr_player_name,pfr_player_id,passing_drops,passing_drop_pct,passing_bad_throws,passing_bad_throw_pct,times_sacked,times_blitzed,times_hurried,times_hit,times_pressured,times_pressured_pct
2020_01_HOU_KC,202009100kan,2020,1,REG,KC,HOU,Patrick Mahomes,MahoPa00,1,0.031,5,0.156,1,13,1,2,4,0.121
2020_01_HOU_KC,202009100kan,2020,1,REG,HOU,KC,Deshaun Watson,WatsDe00,4,0.129,5,0.161,4,13,8,3,15,0.375
2020_01_SEA_ATL,202009130atl,2020,1,REG,ATL,SEA,Matt Ryan,RyanMa00,4,0.075,5,0.094,2,19,4,6,12,0.214
2020_01_SEA_ATL,202009130atl,2020,1,REG,SEA,ATL,Russell Wilson,WilsRu00,1,0.029,2,0.057,3,13,4,6,13,0.333
2020_01_CLE_BAL,202009130rav,2020,1,REG,BAL,CLE,Lamar Jackson,JackLa00,0,0,3,0.125,2,9,7,2,11,0.379
2020_01_CLE_BAL,202009130rav,2020,1,REG,BAL,CLE,Robert Griffin III,GrifRo01,0,0,0,0,0,1,0,0,0,0
2020_01_CLE_BAL,202009130rav,2020,1,REG,CLE,BAL,Baker Mayfield,MayfBa00,1,0.029,6,0.171,2,21,4,4,10,0.238
2020_01_NYJ_BUF,202009130buf,2020,1,REG,BUF,NYJ,Josh Allen,AlleJo02,2,0.044,4,0.089,3,18,4,2,9,0.173
2020_01_NYJ_BUF,202009130buf,2020,1,REG,NYJ,BUF,Sam Darnold,DarnSa00,2,0.061,7,0.212,3,20,3,2,8,0.205
2020_01_LV_CAR,202009130car,2020,1,REG,CAR,LV,Teddy Bridgewater,BridTe00,2,0.059,6,0.176,1,6,3,2,6,0.154
2020_01_LV_CAR,202009130car,2020,1,REG,LV,CAR,Derek Carr,CarrDe02,0,0,3,0.107,0,7,3,0,3,0.1
2020_01_CHI_DET,202009130det,2020,1,REG,DET,CHI,Matthew Stafford,StafMa00,5,0.122,8,0.195,1,8,0,5,6,0.128
2020_01_CHI_DET,202009130det,2020,1,REG,CHI,DET,Mitchell Trubisky,TrubMi00,0,0,12,0.333,1,8,5,4,10,0.256
2020_01_IND_JAX,202009130jax,2020,1,REG,JAX,IND,Gardner Minshew II,MinsGa00,0,0,0,0,4,3,4,0,8,0.286
2020_01_IND_JAX,202009130jax,2020,1,REG,IND,JAX,Philip Rivers,RivePh00,0,0,5,0.109,0,6,0,5,5,0.106
2020_01_GB_MIN,202009130min,2020,1,REG,MIN,GB,Kirk Cousins,CousKi00,2,0.08,3,0.12,2,3,2,2,6,0.194
2020_01_GB_MIN,202009130min,2020,1,REG,GB,MIN,Aaron Rodgers,RodgAa00,2,0.049,6,0.146,0,19,4,2,6,0.136
2020_01_MIA_NE,202009130nwe,2020,1,REG,NE,MIA,Cam Newton,NewtCa00,0,0,1,0.053,2,9,3,1,6,0.273
2020_01_MIA_NE,202009130nwe,2020,1,REG,MIA,NE,Ryan Fitzpatrick,FitzRy00,0,0,4,0.133,1,11,3,4,8,0.235
2020_01_PHI_WAS,202009130was,2020,1,REG,WAS,PHI,Dwayne Haskins,HaskDw00,0,0,10,0.333,3,7,1,5,9,0.25
2020_01_PHI_WAS,202009130was,2020,1,REG,PHI,WAS,Carson Wentz,WentCa00,3,0.071,13,0.31,8,17,1,5,14,0.28
2020_01_LAC_CIN,202009130cin,2020,1,REG,CIN,LAC,Joe Burrow,BurrJo01,2,0.057,7,0.2,3,8,5,3,11,0.256
2020_01_LAC_CIN,202009130cin,2020,1,REG,LAC,CIN,Tyrod Taylor,TaylTy00,1,0.036,6,0.214,2,9,5,2,9,0.265
2020_01_TB_NO,202009130nor,2020,1,REG,NO,TB,Drew Brees,BreeDr00,2,0.069,7,0.241,1,13,4,2,7,0.219
2020_01_TB_NO,202009130nor,2020,1,REG,NO,TB,Taysom Hill,HillTa00,0,0,0,0,0,1,0,0,0,0
2020_01_TB_NO,202009130nor,2020,1,REG,TB,NO,Tom Brady,BradTo00,0,0,8,0.235,3,7,2,4,9,0.225
2020_01_ARI_SF,202009130sfo,2020,1,REG,SF,ARI,Jimmy Garoppolo,GaroJi00,2,0.061,11,0.333,3,10,1,3,7,0.189
2020_01_ARI_SF,202009130sfo,2020,1,REG,ARI,SF,Kyler Murray,MurrKy00,0,0,7,0.189,2,12,4,1,7,0.14
2020_01_DAL_LA,202009130ram,2020,1,REG,LA,DAL,Jared Goff,GoffJa00,3,0.107,2,0.071,1,10,1,2,4,0.118
2020_01_DAL_LA,202009130ram,2020,1,REG,DAL,LA,Dak Prescott,PresDa01,2,0.054,6,0.162,3,8,4,4,11,0.244
2020_01_PIT_NYG,202009140nyg,2020,1,REG,NYG,PIT,Daniel Jones,JoneDa05,4,0.103,5,0.128,3,26,9,5,17,0.362
2020_01_PIT_NYG,202009140nyg,2020,1,REG,PIT,NYG,Ben Roethlisberger,RoetBe00,3,0.097,4,0.129,2,7,4,3,9,0.257
2020_01_TEN_DEN,202009140den,2020,1,REG,DEN,TEN,Drew Lock,LockDr00,3,0.094,5,0.156,0,13,1,5,6,0.171
2020_01_TEN_DEN,202009140den,2020,1,REG,TEN,DEN,Ryan Tannehill,TannRy00,3,0.075,4,0.1,1,5,4,6,11,0.244
2020_02_CIN_CLE,202009170cle,2020,2,REG,CLE,CIN,Baker Mayfield,MayfBa00,0,0,4,0.19,0,14,3,0,3,0.125
2020_02_CIN_CLE,202009170cle,2020,2,REG,CIN,CLE,Joe Burrow,BurrJo01,3,0.051,12,0.203,3,16,6,5,14,0.206
2020_02_NYG_CHI,202009200chi,2020,2,REG,CHI,NYG,Mitchell Trubisky,TrubMi00,1,0.036,4,0.143,4,8,1,1,6,0.182
2020_02_NYG_CHI,202009200chi,2020,2,REG,NYG,CHI,Daniel Jones,JoneDa05,2,0.056,4,0.111,4,14,1,1,6,0.128
2020_02_ATL_DAL,202009200dal,2020,2,REG,DAL,ATL,Dak Prescott,PresDa01,1,0.022,7,0.152,1,10,5,4,10,0.204
2020_02_ATL_DAL,202009200dal,2020,2,REG,DAL,ATL,Andy Dalton,DaltAn00,0,0,0,0,0,1,1,0,1,1
2020_02_ATL_DAL,202009200dal,2020,2,REG,DAL,ATL,Chris Jones,JoneCh02,0,0,0,0,0,0,0,0,0,0
2020_02_ATL_DAL,202009200dal,2020,2,REG,ATL,DAL,Matt Ryan,RyanMa00,2,0.059,4,0.118,1,7,6,3,10,0.244
2020_02_ATL_DAL,202009200dal,2020,2,REG,ATL,DAL,Russell Gage,GageRu00,1,1,0,0,0,1,0,0,0,0
2020_02_DET_GB,202009200gnb,2020,2,REG,GB,DET,Aaron Rodgers,RodgAa00,4,0.133,5,0.167,1,8,0,2,3,0.091
2020_02_DET_GB,202009200gnb,2020,2,REG,DET,GB,Matthew Stafford,StafMa00,3,0.094,6,0.188,4,11,4,2,10,0.263
2020_02_MIN_IND,202009200clt,2020,2,REG,IND,MIN,Philip Rivers,RivePh00,1,0.04,3,0.12,2,3,3,1,6,0.222
2020_02_MIN_IND,202009200clt,2020,2,REG,MIN,IND,Kirk Cousins,CousKi00,1,0.042,5,0.208,3,5,3,3,9,0.31
2020_02_BUF_MIA,202009200mia,2020,2,REG,MIA,BUF,Ryan Fitzpatrick,FitzRy00,2,0.043,5,0.109,3,20,3,7,13,0.25
2020_02_BUF_MIA,202009200mia,2020,2,REG,BUF,MIA,Josh Allen,AlleJo02,2,0.057,7,0.2,1,19,2,2,5,0.135
2020_02_SF_NYJ,202009200nyj,2020,2,REG,NYJ,SF,Sam Darnold,DarnSa00,3,0.094,4,0.125,1,11,3,5,9,0.265
2020_02_SF_NYJ,202009200nyj,2020,2,REG,SF,NYJ,Jimmy Garoppolo,GaroJi00,1,0.063,0,0,1,7,2,5,8,0.471
2020_02_SF_NYJ,202009200nyj,2020,2,REG,SF,NYJ,Nick Mullens,MullNi00,0,0,2,0.182,2,3,0,4,6,0.462
2020_02_LA_PHI,202009200phi,2020,2,REG,PHI,LA,Carson Wentz,WentCa00,4,0.1,5,0.125,0,6,1,3,4,0.091
2020_02_LA_PHI,202009200phi,2020,2,REG,LA,PHI,Jared Goff,GoffJa00,0,0,6,0.231,1,6,3,2,6,0.2
2020_02_DEN_PIT,202009200pit,2020,2,REG,PIT,DEN,Ben Roethlisberger,RoetBe00,4,0.098,3,0.073,1,9,6,2,9,0.214
2020_02_DEN_PIT,202009200pit,2020,2,REG,DEN,PIT,Jeff Driskel,DrisJe00,2,0.061,8,0.242,6,27,4,11,21,0.512
2020_02_DEN_PIT,202009200pit,2020,2,REG,DEN,PIT,Drew Lock,LockDr00,0,0,3,0.6,1,4,3,0,4,0.667
2020_02_CAR_TB,202009200tam,2020,2,REG,TB,CAR,Tom Brady,BradTo00,8,0.229,3,0.086,0,4,0,1,1,0.029
2020_02_CAR_TB,202009200tam,2020,2,REG,CAR,TB,Teddy Bridgewater,BridTe00,0,0,5,0.125,5,14,3,2,10,0.213
2020_02_JAX_TEN,202009200oti,2020,2,REG,TEN,JAX,Ryan Tannehill,TannRy00,1,0.045,1,0.045,1,5,3,3,7,0.259
2020_02_JAX_TEN,202009200oti,2020,2,REG,JAX,TEN,Gardner Minshew II,MinsGa00,2,0.045,6,0.136,2,16,3,3,8,0.16
2020_02_WAS_ARI,202009200crd,2020,2,REG,ARI,WAS,Kyler Murray,MurrKy00,1,0.029,5,0.147,3,7,7,0,10,0.233
2020_02_WAS_ARI,202009200crd,2020,2,REG,WAS,ARI,Dwayne Haskins,HaskDw00,3,0.091,8,0.242,4,12,2,5,11,0.289
2020_02_BAL_HOU,202009200htx,2020,2,REG,HOU,BAL,Deshaun Watson,WatsDe00,0,0,6,0.182,4,18,6,7,17,0.378
2020_02_BAL_HOU,202009200htx,2020,2,REG,BAL,HOU,Lamar Jackson,JackLa00,0,0,3,0.13,4,10,3,1,8,0.258
2020_02_KC_LAC,202009200sdg,2020,2,REG,LAC,KC,Justin Herbert,HerbJu00,0,0,7,0.226,2,13,2,5,9,0.237
2020_02_KC_LAC,202009200sdg,2020,2,REG,KC,LAC,Patrick Mahomes,MahoPa00,1,0.023,10,0.233,1,2,9,7,17,0.315
2020_02_NE_SEA,202009200sea,2020,2,REG,SEA,NE,Russell Wilson,WilsRu00,1,0.04,3,0.12,2,11,4,5,11,0.324
2020_02_NE_SEA,202009200sea,2020,2,REG,NE,SEA,Cam Newton,NewtCa00,1,0.023,11,0.256,1,18,7,4,12,0.255
2020_02_NO_LV,202009210rai,2020,2,REG,LV,NO,Derek Carr,CarrDe02,0,0,5,0.139,3,17,3,1,7,0.167
2020_02_NO_LV,202009210rai,2020,2,REG,NO,LV,Drew Brees,BreeDr00,2,0.053,6,0.158,0,9,0,7,7,0.184
2020_03_MIA_JAX,202009240jax,2020,3,REG,JAX,MIA,Gardner Minshew II,MinsGa00,2,0.048,7,0.167,4,8,3,5,12,0.245
2020_03_MIA_JAX,202009240jax,2020,3,REG,MIA,JAX,Ryan Fitzpatrick,FitzRy00,1,0.05,1,0.05,1,8,1,4,6,0.25
2020_03_CHI_ATL,202009270atl,2020,3,REG,ATL,CHI,Matt Ryan,RyanMa00,3,0.079,12,0.316,2,10,6,5,13,0.325
2020_03_CHI_ATL,202009270atl,2020,3,REG,CHI,ATL,Nick Foles,FoleNi00,1,0.037,5,0.185,0,9,1,6,7,0.241
2020_03_CHI_ATL,202009270atl,2020,3,REG,CHI,ATL,Mitchell Trubisky,TrubMi00,1,0.045,5,0.227,2,7,2,1,5,0.2
2020_03_LA_BUF,202009270buf,2020,3,REG,BUF,LA,Josh Allen,AlleJo02,1,0.031,6,0.188,4,11,5,3,12,0.324
2020_03_LA_BUF,202009270buf,2020,3,REG,LA,BUF,Jared Goff,GoffJa00,0,0,5,0.161,2,13,1,4,7,0.2
2020_03_WAS_CLE,202009270cle,2020,3,REG,CLE,WAS,Baker Mayfield,MayfBa00,2,0.091,3,0.136,2,4,4,2,8,0.308
2020_03_WAS_CLE,202009270cle,2020,3,REG,WAS,CLE,Dwayne Haskins,HaskDw00,3,0.081,9,0.243,3,5,3,0,6,0.146
2020_03_TEN_MIN,202009270min,2020,3,REG,MIN,TEN,Kirk Cousins,CousKi00,0,0,3,0.12,2,13,5,9,16,0.533
2020_03_TEN_MIN,202009270min,2020,3,REG,TEN,MIN,Ryan Tannehill,TannRy00,0,0,5,0.152,1,14,4,6,11,0.282
2020_03_LV_NE,202009270nwe,2020,3,REG,NE,LV,Cam Newton,NewtCa00,1,0.036,4,0.143,2,9,5,2,9,0.29
2020_03_LV_NE,202009270nwe,2020,3,REG,LV,NE,Derek Carr,CarrDe02,0,0,1,0.031,2,7,7,4,13,0.361
2020_03_SF_NYG,202009270nyg,2020,3,REG,NYG,SF,Daniel Jones,JoneDa05,0,0,8,0.258,2,12,7,3,12,0.343
2020_03_SF_NYG,202009270nyg,2020,3,REG,SF,NYG,Nick Mullens,MullNi00,1,0.029,2,0.057,2,17,3,7,12,0.316
2020_03_CIN_PHI,202009270phi,2020,3,REG,PHI,CIN,Carson Wentz,WentCa00,1,0.023,8,0.186,3,14,3,2,8,0.143
2020_03_CIN_PHI,202009270phi,2020,3,REG,CIN,PHI,Joe Burrow,BurrJo01,1,0.024,4,0.095,8,19,3,9,20,0.385
2020_03_HOU_PIT,202009270pit,2020,3,REG,PIT,HOU,Ben Roethlisberger,RoetBe00,3,0.086,6,0.171,2,13,7,3,12,0.308
2020_03_HOU_PIT,202009270pit,2020,3,REG,HOU,PIT,Deshaun Watson,WatsDe00,0,0,5,0.185,5,7,7,6,18,0.545
2020_03_NYJ_IND,202009270clt,2020,3,REG,IND,NYJ,Philip Rivers,RivePh00,0,0,1,0.048,0,6,1,1,2,0.095
2020_03_NYJ_IND,202009270clt,2020,3,REG,IND,NYJ,Jacoby Brissett,BrisJa00,1,0.25,0,0,0,1,2,0,2,0.5
2020_03_NYJ_IND,202009270clt,2020,3,REG,NYJ,IND,Sam Darnold,DarnSa00,1,0.038,4,0.154,2,3,4,5,11,0.306
2020_03_CAR_LAC,202009270sdg,2020,3,REG,LAC,CAR,Justin Herbert,HerbJu00,2,0.042,5,0.104,2,6,5,6,13,0.245
2020_03_CAR_LAC,202009270sdg,2020,3,REG,CAR,LAC,Teddy Bridgewater,BridTe00,1,0.036,4,0.143,2,3,2,0,4,0.129
2020_03_DET_ARI,202009270crd,2020,3,REG,ARI,DET,Kyler Murray,MurrKy00,1,0.03,3,0.091,1,9,1,1,3,0.081
2020_03_DET_ARI,202009270crd,2020,3,REG,DET,ARI,Matthew Stafford,StafMa00,2,0.065,6,0.194,4,15,0,2,6,0.171
2020_03_TB_DEN,202009270den,2020,3,REG,DEN,TB,Jeff Driskel,DrisJe00,3,0.1,7,0.233,5,20,4,3,12,0.324
2020_03_TB_DEN,202009270den,2020,3,REG,DEN,TB,Brett Rypien,RypiBr00,0,0,1,0.111,1,8,0,1,2,0.2
2020_03_TB_DEN,202009270den,2020,3,REG,TB,DEN,Tom Brady,BradTo00,1,0.028,7,0.194,2,10,0,4,6,0.146
2020_03_DAL_SEA,202009270sea,2020,3,REG,SEA,DAL,Russell Wilson,WilsRu00,6,0.158,2,0.053,4,7,3,4,11,0.229
2020_03_DAL_SEA,202009270sea,2020,3,REG,DAL,SEA,Dak Prescott,PresDa01,5,0.089,6,0.107,2,24,2,9,13,0.21
2020_03_GB_NO,202009270nor,2020,3,REG,NO,GB,Drew Brees,BreeDr00,2,0.057,1,0.029,2,5,1,0,3,0.079
2020_03_GB_NO,202009270nor,2020,3,REG,GB,NO,Aaron Rodgers,RodgAa00,1,0.033,7,0.233,1,12,2,2,5,0.147
2020_03_KC_BAL,202009280rav,2020,3,REG,BAL,KC,Lamar Jackson,JackLa00,5,0.185,5,0.185,4,16,3,1,8,0.229
2020_03_KC_BAL,202009280rav,2020,3,REG,KC,BAL,Patrick Mahomes,MahoPa00,1,0.024,5,0.122,0,20,5,4,9,0.196
2020_04_DEN_NYJ,202010010nyj,2020,4,REG,NYJ,DEN,Sam Darnold,DarnSa00,1,0.025,10,0.25,6,23,4,3,13,0.245
2020_04_DEN_NYJ,202010010nyj,2020,4,REG,NYJ,DEN,Joe Flacco,FlacJo00,0,0,0,0,0,0,0,0,0,0
2020_04_DEN_NYJ,202010010nyj,2020,4,REG,DEN,NYJ,Brett Rypien,RypiBr00,1,0.037,1,0.037,0,9,4,5,9,0.29
2020_04_ARI_CAR,202010040car,2020,4,REG,CAR,ARI,Teddy Bridgewater,BridTe00,2,0.056,5,0.139,0,20,1,3,4,0.1
2020_04_ARI_CAR,202010040car,2020,4,REG,ARI,CAR,Kyler Murray,MurrKy00,1,0.032,4,0.129,1,7,3,3,7,0.2
2020_04_JAX_CIN,202010040cin,2020,4,REG,CIN,JAX,Joe Burrow,BurrJo01,3,0.086,2,0.057,1,9,4,4,9,0.231
2020_04_JAX_CIN,202010040cin,2020,4,REG,JAX,CIN,Gardner Minshew II,MinsGa00,0,0,4,0.111,3,9,2,1,6,0.133
2020_04_CLE_DAL,202010040dal,2020,4,REG,DAL,CLE,Dak Prescott,PresDa01,3,0.052,10,0.172,3,18,11,0,14,0.226
2020_04_CLE_DAL,202010040dal,2020,4,REG,CLE,DAL,Baker Mayfield,MayfBa00,0,0,6,0.231,2,12,2,1,5,0.152
2020_04_CLE_DAL,202010040dal,2020,4,REG,CLE,DAL,Jarvis Landry,LandJa00,0,0,0,0,0,0,0,0,0,0
2020_04_NO_DET,202010040det,2020,4,REG,DET,NO,Matthew Stafford,StafMa00,2,0.067,9,0.3,3,8,0,4,7,0.194
2020_04_NO_DET,202010040det,2020,4,REG,NO,DET,Drew Brees,BreeDr00,0,0,5,0.2,2,2,0,4,6,0.222
2020_04_MIN_HOU,202010040htx,2020,4,REG,HOU,MIN,Deshaun Watson,WatsDe00,1,0.032,7,0.226,3,9,3,1,7,0.175
2020_04_MIN_HOU,202010040htx,2020,4,REG,MIN,HOU,Kirk Cousins,CousKi00,0,0,3,0.143,3,12,1,5,9,0.346
2020_04_SEA_MIA,202010040mia,2020,4,REG,MIA,SEA,Ryan Fitzpatrick,FitzRy00,1,0.022,7,0.156,1,5,2,4,7,0.14
2020_04_SEA_MIA,202010040mia,2020,4,REG,SEA,MIA,Russell Wilson,WilsRu00,1,0.03,6,0.182,2,11,2,3,7,0.189
2020_04_LAC_TB,202010040tam,2020,4,REG,TB,LAC,Tom Brady,BradTo00,3,0.065,10,0.217,0,4,4,6,10,0.217
2020_04_LAC_TB,202010040tam,2020,4,REG,LAC,TB,Justin Herbert,HerbJu00,0,0,3,0.12,2,9,11,4,17,0.586
2020_04_BAL_WAS,202010040was,2020,4,REG,WAS,BAL,Dwayne Haskins,HaskDw00,0,0,8,0.182,3,16,4,6,13,0.271
2020_04_BAL_WAS,202010040was,2020,4,REG,BAL,WAS,Lamar Jackson,JackLa00,1,0.048,4,0.19,1,8,2,1,4,0.16
2020_04_BAL_WAS,202010040was,2020,4,REG,BAL,WAS,Robert Griffin III,GrifRo01,0,0,0,0,0,0,0,1,1,1
2020_04_BAL_WAS,202010040was,2020,4,REG,BAL,WAS,Sam Koch,KochSa20,0,0,0,0,0,0,0,0,0,0
2020_04_NYG_LA,202010040ram,2020,4,REG,LA,NYG,Jared Goff,GoffJa00,1,0.031,3,0.094,2,11,3,3,8,0.235
2020_04_NYG_LA,202010040ram,2020,4,REG,NYG,LA,Daniel Jones,JoneDa05,2,0.057,6,0.171,5,17,3,3,11,0.244
2020_04_IND_CHI,202010040chi,2020,4,REG,CHI,IND,Nick Foles,FoleNi00,1,0.024,9,0.214,1,4,2,4,7,0.163
2020_04_IND_CHI,202010040chi,2020,4,REG,IND,CHI,Philip Rivers,RivePh00,1,0.036,6,0.214,1,7,4,2,7,0.233
2020_04_BUF_LV,202010040rai,2020,4,REG,LV,BUF,Derek Carr,CarrDe02,3,0.07,5,0.116,2,16,1,3,6,0.12
2020_04_BUF_LV,202010040rai,2020,4,REG,BUF,LV,Josh Allen,AlleJo02,5,0.156,1,0.031,1,9,2,5,8,0.229
2020_04_PHI_SF,202010040sfo,2020,4,REG,SF,PHI,Nick Mullens,MullNi00,2,0.077,5,0.192,4,6,2,6,12,0.4
2020_04_PHI_SF,202010040sfo,2020,4,REG,SF,PHI,C.J. Beathard,BeatC.00,0,0,1,0.063,1,1,0,3,4,0.2
2020_04_PHI_SF,202010040sfo,2020,4,REG,PHI,SF,Carson Wentz,WentCa00,1,0.038,4,0.154,3,15,5,6,14,0.412
2020_04_NE_KC,202010050kan,2020,4,REG,KC,NE,Patrick Mahomes,MahoPa00,0,0,8,0.286,1,2,3,0,4,0.114
2020_04_NE_KC,202010050kan,2020,4,REG,NE,KC,Brian Hoyer,HoyeBr00,1,0.043,4,0.174,2,11,0,1,3,0.111
2020_04_NE_KC,202010050kan,2020,4,REG,NE,KC,Jarrett Stidham,StidJa00,3,0.25,3,0.25,0,5,0,3,3,0.214
2020_04_ATL_GB,202010050gnb,2020,4,REG,GB,ATL,Aaron Rodgers,RodgAa00,0,0,5,0.152,1,14,3,0,4,0.114
2020_04_ATL_GB,202010050gnb,2020,4,REG,ATL,GB,Matt Ryan,RyanMa00,1,0.026,5,0.128,4,7,3,3,10,0.222
2020_05_TB_CHI,202010080chi,2020,5,REG,CHI,TB,Nick Foles,FoleNi00,0,0,4,0.095,3,17,2,4,9,0.2
2020_05_TB_CHI,202010080chi,2020,5,REG,TB,CHI,Tom Brady,BradTo00,1,0.024,9,0.22,3,7,1,5,9,0.205
2020_05_CAR_ATL,202010110atl,2020,5,REG,ATL,CAR,Matt Ryan,RyanMa00,3,0.086,6,0.171,2,7,5,3,10,0.256
2020_05_CAR_ATL,202010110atl,2020,5,REG,CAR,ATL,Teddy Bridgewater,BridTe00,2,0.059,3,0.088,0,12,2,4,6,0.158
2020_05_CIN_BAL,202010110rav,2020,5,REG,BAL,CIN,Lamar Jackson,JackLa00,0,0,10,0.278,1,13,5,5,11,0.289
2020_05_CIN_BAL,202010110rav,2020,5,REG,CIN,BAL,Joe Burrow,BurrJo01,0,0,9,0.31,7,21,4,8,19,0.487
2020_05_JAX_HOU,202010110htx,2020,5,REG,HOU,JAX,Deshaun Watson,WatsDe00,0,0,5,0.143,1,15,1,4,6,0.158
2020_05_JAX_HOU,202010110htx,2020,5,REG,JAX,HOU,Gardner Minshew II,MinsGa00,1,0.023,9,0.205,3,13,4,2,9,0.164
2020_05_LV_KC,202010110kan,2020,5,REG,KC,LV,Patrick Mahomes,MahoPa00,1,0.024,11,0.262,3,3,16,2,21,0.42
2020_05_LV_KC,202010110kan,2020,5,REG,LV,KC,Derek Carr,CarrDe02,1,0.032,7,0.226,1,12,5,3,9,0.281
2020_05_ARI_NYJ,202010110nyj,2020,5,REG,NYJ,ARI,Joe Flacco,FlacJo00,2,0.065,9,0.29,2,12,11,3,16,0.41
2020_05_ARI_NYJ,202010110nyj,2020,5,REG,ARI,NYJ,Kyler Murray,MurrKy00,1,0.029,4,0.114,1,10,5,0,6,0.158
2020_05_PHI_PIT,202010110pit,2020,5,REG,PIT,PHI,Ben Roethlisberger,RoetBe00,0,0,4,0.118,1,6,3,1,5,0.143
2020_05_PHI_PIT,202010110pit,2020,5,REG,PHI,PIT,Carson Wentz,WentCa00,2,0.057,9,0.257,5,18,5,5,15,0.357
2020_05_PHI_PIT,202010110pit,2020,5,REG,PHI,PIT,Jalen Hurts,HurtJa00,0,0,0,0,0,0,0,0,0,0
2020_05_LA_WAS,202010110was,2020,5,REG,WAS,LA,Alex Smith,SmitAl03,0,0,4,0.235,6,7,4,0,10,0.417
2020_05_LA_WAS,202010110was,2020,5,REG,WAS,LA,Kyle Allen,AlleKy00,1,0.091,0,0,2,6,1,1,4,0.25
2020_05_LA_WAS,202010110was,2020,5,REG,LA,WAS,Jared Goff,GoffJa00,1,0.034,3,0.103,1,5,2,0,3,0.094
2020_05_MIA_SF,202010110sfo,2020,5,REG,SF,MIA,C.J. Beathard,BeatC.00,1,0.056,8,0.444,2,8,0,3,5,0.25
2020_05_MIA_SF,202010110sfo,2020,5,REG,SF,MIA,Jimmy Garoppolo,GaroJi00,1,0.059,3,0.176,3,8,1,1,5,0.25
2020_05_MIA_SF,202010110sfo,2020,5,REG,MIA,SF,Ryan Fitzpatrick,FitzRy00,2,0.074,3,0.111,2,13,2,4,8,0.258
2020_05_IND_CLE,202010110cle,2020,5,REG,CLE,IND,Baker Mayfield,MayfBa00,2,0.054,12,0.324,1,8,3,2,6,0.154
2020_05_IND_CLE,202010110cle,2020,5,REG,CLE,IND,Odell Beckham Jr.,BeckOd00,0,0,0,0,0,1,0,0,0,0
2020_05_IND_CLE,202010110cle,2020,5,REG,IND,CLE,Philip Rivers,RivePh00,0,0,8,0.25,1,4,2,4,7,0.206
2020_05_NYG_DAL,202010110dal,2020,5,REG,DAL,NYG,Dak Prescott,PresDa01,2,0.095,4,0.19,1,6,1,2,4,0.182
2020_05_NYG_DAL,202010110dal,2020,5,REG,DAL,NYG,Andy Dalton,DaltAn00,0,0,0,0,1,2,1,0,2,0.167
2020_05_NYG_DAL,202010110dal,2020,5,REG,DAL,NYG,Cedrick Wilson Jr.,WilsCe01,0,0,0,0,0,1,0,0,0,0
2020_05_NYG_DAL,202010110dal,2020,5,REG,NYG,DAL,Daniel Jones,JoneDa05,2,0.069,5,0.172,2,13,8,7,17,0.486
2020_05_MIN_SEA,202010110sea,2020,5,REG,SEA,MIN,Russell Wilson,WilsRu00,2,0.067,7,0.233,4,14,4,5,13,0.317
2020_05_MIN_SEA,202010110sea,2020,5,REG,MIN,SEA,Kirk Cousins,CousKi00,1,0.026,5,0.132,3,11,5,3,11,0.262
2020_05_LAC_NO,202010120nor,2020,5,REG,NO,LAC,Drew Brees,BreeDr00,4,0.087,7,0.152,2,9,0,3,5,0.102
2020_05_LAC_NO,202010120nor,2020,5,REG,NO,LAC,Taysom Hill,HillTa00,0,0,0,0,0,0,0,1,1,1
2020_05_LAC_NO,202010120nor,2020,5,REG,LAC,NO,Justin Herbert,HerbJu00,3,0.091,9,0.273,3,6,2,8,13,0.342
2020_05_BUF_TEN,202010130oti,2020,5,REG,TEN,BUF,Ryan Tannehill,TannRy00,1,0.036,3,0.107,0,15,0,2,2,0.065
2020_05_BUF_TEN,202010130oti,2020,5,REG,BUF,TEN,Josh Allen,AlleJo02,4,0.1,5,0.125,1,5,0,2,3,0.068
2020_05_BUF_TEN,202010130oti,2020,5,REG,BUF,TEN,Matt Barkley,BarkMa00,1,0.2,0,0,0,0,0,0,0,0
2020_06_CHI_CAR,202010180car,2020,6,REG,CAR,CHI,Teddy Bridgewater,BridTe00,4,0.148,4,0.148,4,4,5,1,10,0.25
2020_06_CHI_CAR,202010180car,2020,6,REG,CHI,CAR,Nick Foles,FoleNi00,2,0.056,5,0.139,0,9,2,8,10,0.25
2020_06_CIN_IND,202010180clt,2020,6,REG,IND,CIN,Philip Rivers,RivePh00,1,0.024,8,0.195,1,10,4,2,7,0.156
2020_06_CIN_IND,202010180clt,2020,6,REG,CIN,IND,Joe Burrow,BurrJo01,3,0.077,2,0.051,2,5,1,3,6,0.143
2020_06_DET_JAX,202010180jax,2020,6,REG,JAX,DET,Gardner Minshew II,MinsGa00,3,0.068,11,0.25,1,8,11,4,16,0.34
2020_06_DET_JAX,202010180jax,2020,6,REG,DET,JAX,Matthew Stafford,StafMa00,2,0.065,5,0.161,0,12,9,4,13,0.406
2020_06_ATL_MIN,202010180min,2020,6,REG,MIN,ATL,Kirk Cousins,CousKi00,0,0,6,0.171,1,10,3,7,11,0.297
2020_06_ATL_MIN,202010180min,2020,6,REG,ATL,MIN,Matt Ryan,RyanMa00,0,0,7,0.179,2,10,1,3,6,0.136
2020_06_DEN_NE,202010180nwe,2020,6,REG,NE,DEN,Cam Newton,NewtCa00,0,0,6,0.24,4,14,1,4,9,0.281
2020_06_DEN_NE,202010180nwe,2020,6,REG,NE,DEN,Julian Edelman,EdelJu00,0,0,0,0,0,1,0,0,0,0
2020_06_DEN_NE,202010180nwe,2020,6,REG,DEN,NE,Drew Lock,LockDr00,1,0.042,10,0.417,2,16,1,2,5,0.185
2020_06_WAS_NYG,202010180nyg,2020,6,REG,NYG,WAS,Daniel Jones,JoneDa05,0,0,2,0.111,1,8,4,4,9,0.429
2020_06_WAS_NYG,202010180nyg,2020,6,REG,WAS,NYG,Kyle Allen,AlleKy00,0,0,5,0.125,3,11,4,6,13,0.277
2020_06_BAL_PHI,202010180phi,2020,6,REG,PHI,BAL,Carson Wentz,WentCa00,5,0.128,9,0.231,6,25,4,11,21,0.447
2020_06_BAL_PHI,202010180phi,2020,6,REG,BAL,PHI,Lamar Jackson,JackLa00,3,0.12,3,0.12,3,3,4,1,8,0.242
2020_06_CLE_PIT,202010180pit,2020,6,REG,PIT,CLE,Ben Roethlisberger,RoetBe00,1,0.045,2,0.091,2,7,1,0,3,0.125
2020_06_CLE_PIT,202010180pit,2020,6,REG,PIT,CLE,Mason Rudolph,RudoMa00,0,0,0,0,0,0,0,0,0,0
2020_06_CLE_PIT,202010180pit,2020,6,REG,CLE,PIT,Baker Mayfield,MayfBa00,1,0.059,4,0.235,4,9,3,2,9,0.391
2020_06_CLE_PIT,202010180pit,2020,6,REG,CLE,PIT,Case Keenum,KeenCa00,0,0,3,0.3,0,2,0,2,2,0.2
2020_06_HOU_TEN,202010180oti,2020,6,REG,TEN,HOU,Ryan Tannehill,TannRy00,2,0.049,3,0.073,2,14,4,4,10,0.233
2020_06_HOU_TEN,202010180oti,2020,6,REG,HOU,TEN,Deshaun Watson,WatsDe00,1,0.028,5,0.139,2,9,3,3,8,0.19
2020_06_HOU_TEN,202010180oti,2020,6,REG,HOU,TEN,Randall Cobb,CobbRa00,0,0,1,1,0,1,0,0,0,0
2020_06_NYJ_MIA,202010180mia,2020,6,REG,MIA,NYJ,Ryan Fitzpatrick,FitzRy00,2,0.074,5,0.185,2,7,0,1,3,0.1
2020_06_NYJ_MIA,202010180mia,2020,6,REG,MIA,NYJ,Tua Tagovailoa,TagoTu00,0,0,0,0,0,2,0,0,0,0
2020_06_NYJ_MIA,202010180mia,2020,6,REG,NYJ,MIA,Joe Flacco,FlacJo00,2,0.051,9,0.231,3,26,2,7,12,0.255
2020_06_GB_TB,202010180tam,2020,6,REG,TB,GB,Tom Brady,BradTo00,3,0.115,6,0.231,0,12,0,4,4,0.148
2020_06_GB_TB,202010180tam,2020,6,REG,TB,GB,Blaine Gabbert,GabbBl00,1,1,0,0,0,1,0,0,0,0
2020_06_GB_TB,202010180tam,2020,6,REG,GB,TB,Aaron Rodgers,RodgAa00,4,0.129,6,0.194,4,18,1,7,12,0.293
2020_06_LA_SF,202010180sfo,2020,6,REG,SF,LA,Jimmy Garoppolo,GaroJi00,3,0.091,5,0.152,0,8,1,3,4,0.118
2020_06_LA_SF,202010180sfo,2020,6,REG,LA,SF,Jared Goff,GoffJa00,3,0.081,10,0.27,0,8,1,2,3,0.077
2020_06_KC_BUF,202010190buf,2020,6,REG,BUF,KC,Josh Allen,AlleJo02,2,0.08,6,0.24,0,14,6,5,11,0.355
2020_06_KC_BUF,202010190buf,2020,6,REG,KC,BUF,Patrick Mahomes,MahoPa00,3,0.115,1,0.038,1,0,1,3,5,0.152
2020_06_ARI_DAL,202010190dal,2020,6,REG,DAL,ARI,Andy Dalton,DaltAn00,5,0.096,7,0.135,3,22,2,5,10,0.169
2020_06_ARI_DAL,202010190dal,2020,6,REG,ARI,DAL,Kyler Murray,MurrKy00,1,0.048,9,0.429,1,4,5,0,6,0.222
2020_07_NYG_PHI,202010220phi,2020,7,REG,PHI,NYG,Carson Wentz,WentCa00,0,0,9,0.22,3,12,3,7,13,0.271
2020_07_NYG_PHI,202010220phi,2020,7,REG,NYG,PHI,Daniel Jones,JoneDa05,3,0.103,4,0.138,3,11,0,5,8,0.235
2020_07_DET_ATL,202010250atl,2020,7,REG,ATL,DET,Matt Ryan,RyanMa00,4,0.1,3,0.075,2,15,4,5,11,0.25
2020_07_DET_ATL,202010250atl,2020,7,REG,DET,ATL,Matthew Stafford,StafMa00,1,0.031,5,0.156,2,13,1,4,7,0.179
2020_07_CLE_CIN,202010250cin,2020,7,REG,CIN,CLE,Joe Burrow,BurrJo01,1,0.021,3,0.064,4,12,1,3,8,0.154
2020_07_CLE_CIN,202010250cin,2020,7,REG,CIN,CLE,Tyler Boyd,BoydTy00,0,0,0,0,0,0,0,0,0,0
2020_07_CLE_CIN,202010250cin,2020,7,REG,CLE,CIN,Baker Mayfield,MayfBa00,1,0.037,3,0.111,0,9,1,5,6,0.214
2020_07_CLE_CIN,202010250cin,2020,7,REG,CLE,CIN,Jarvis Landry,LandJa00,0,0,0,0,0,0,0,1,1,1
2020_07_GB_HOU,202010250htx,2020,7,REG,HOU,GB,Deshaun Watson,WatsDe00,3,0.079,3,0.079,3,12,4,1,8,0.167
2020_07_GB_HOU,202010250htx,2020,7,REG,GB,HOU,Aaron Rodgers,RodgAa00,2,0.059,9,0.265,0,11,1,1,2,0.059
2020_07_CAR_NO,202010250nor,2020,7,REG,NO,CAR,Drew Brees,BreeDr00,1,0.029,2,0.059,1,6,1,2,4,0.108
2020_07_CAR_NO,202010250nor,2020,7,REG,NO,CAR,Taysom Hill,HillTa00,0,0,0,0,0,0,0,0,0,0
2020_07_CAR_NO,202010250nor,2020,7,REG,CAR,NO,Teddy Bridgewater,BridTe00,0,0,3,0.111,1,12,6,1,8,0.258
2020_07_BUF_NYJ,202010250nyj,2020,7,REG,NYJ,BUF,Sam Darnold,DarnSa00,0,0,5,0.238,6,11,4,2,12,0.414
2020_07_BUF_NYJ,202010250nyj,2020,7,REG,BUF,NYJ,Josh Allen,AlleJo02,0,0,7,0.171,2,17,6,1,9,0.188
2020_07_PIT_TEN,202010250oti,2020,7,REG,TEN,PIT,Ryan Tannehill,TannRy00,0,0,5,0.172,2,11,3,5,10,0.303
2020_07_PIT_TEN,202010250oti,2020,7,REG,TEN,PIT,Brett Kern,KernBr20,0,0,0,0,0,0,0,0,0,0
2020_07_PIT_TEN,202010250oti,2020,7,REG,PIT,TEN,Ben Roethlisberger,RoetBe00,3,0.061,6,0.122,0,17,2,5,7,0.143
2020_07_DAL_WAS,202010250was,2020,7,REG,WAS,DAL,Kyle Allen,AlleKy00,1,0.048,3,0.143,2,12,4,2,8,0.286
2020_07_DAL_WAS,202010250was,2020,7,REG,DAL,WAS,Andy Dalton,DaltAn00,4,0.222,2,0.111,3,8,1,2,6,0.24
2020_07_DAL_WAS,202010250was,2020,7,REG,DAL,WAS,Ben DiNucci,DiNuBe00,0,0,1,0.333,3,0,1,0,4,0.667
2020_07_TB_LV,202010250rai,2020,7,REG,LV,TB,Derek Carr,CarrDe02,1,0.028,8,0.222,3,20,4,3,10,0.244
2020_07_TB_LV,202010250rai,2020,7,REG,TB,LV,Tom Brady,BradTo00,1,0.024,4,0.098,0,9,0,1,1,0.022
2020_07_KC_DEN,202010250den,2020,7,REG,DEN,KC,Drew Lock,LockDr00,1,0.026,9,0.237,3,11,4,3,10,0.227
2020_07_KC_DEN,202010250den,2020,7,REG,KC,DEN,Patrick Mahomes,MahoPa00,1,0.045,6,0.273,3,8,1,3,7,0.269
2020_07_KC_DEN,202010250den,2020,7,REG,KC,DEN,Chad Henne,HennCh01,0,0,0,0,1,1,0,0,1,0.333
2020_07_JAX_LAC,202010250sdg,2020,7,REG,LAC,JAX,Justin Herbert,HerbJu00,2,0.048,11,0.262,1,12,3,4,8,0.17
2020_07_JAX_LAC,202010250sdg,2020,7,REG,LAC,JAX,Easton Stick,SticEa00,0,0,0,0,0,1,0,0,0,0
2020_07_JAX_LAC,202010250sdg,2020,7,REG,JAX,LAC,Gardner Minshew II,MinsGa00,1,0.038,10,0.385,5,9,5,2,12,0.333
2020_07_SF_NE,202010250nwe,2020,7,REG,NE,SF,Cam Newton,NewtCa00,1,0.071,3,0.214,1,6,5,0,6,0.333
2020_07_SF_NE,202010250nwe,2020,7,REG,NE,SF,Jarrett Stidham,StidJa00,0,0,1,0.125,1,5,1,0,2,0.167
2020_07_SF_NE,202010250nwe,2020,7,REG,SF,NE,Jimmy Garoppolo,GaroJi00,1,0.04,3,0.12,1,7,1,1,3,0.111
2020_07_SEA_ARI,202010250crd,2020,7,REG,ARI,SEA,Kyler Murray,MurrKy00,3,0.068,7,0.159,0,3,5,0,5,0.096
2020_07_SEA_ARI,202010250crd,2020,7,REG,SEA,ARI,Russell Wilson,WilsRu00,2,0.042,9,0.188,2,26,6,7,15,0.263
2020_07_CHI_LA,202010260ram,2020,7,REG,LA,CHI,Jared Goff,GoffJa00,0,0,5,0.161,1,9,1,5,7,0.2
2020_07_CHI_LA,202010260ram,2020,7,REG,CHI,LA,Nick Foles,FoleNi00,1,0.026,4,0.105,4,18,4,3,11,0.25
2020_08_ATL_CAR,202010290car,2020,8,REG,CAR,ATL,Teddy Bridgewater,BridTe00,1,0.045,3,0.136,3,9,1,3,7,0.233
2020_08_ATL_CAR,202010290car,2020,8,REG,CAR,ATL,Phillip Walker,WalkPh00,0,0,3,0.75,0,1,1,0,1,0.25
2020_08_ATL_CAR,202010290car,2020,8,REG,ATL,CAR,Matt Ryan,RyanMa00,2,0.067,2,0.067,2,10,1,3,6,0.167
2020_08_PIT_BAL,202011010rav,2020,8,REG,BAL,PIT,Lamar Jackson,JackLa00,1,0.038,9,0.346,4,11,2,6,12,0.324
2020_08_PIT_BAL,202011010rav,2020,8,REG,PIT,BAL,Ben Roethlisberger,RoetBe00,2,0.063,6,0.188,2,12,0,4,6,0.176
2020_08_NE_BUF,202011010buf,2020,8,REG,BUF,NE,Josh Allen,AlleJo02,1,0.056,3,0.167,1,12,2,4,7,0.318
2020_08_NE_BUF,202011010buf,2020,8,REG,NE,BUF,Cam Newton,NewtCa00,2,0.087,6,0.261,2,11,2,3,7,0.25
2020_08_TEN_CIN,202011010cin,2020,8,REG,CIN,TEN,Joe Burrow,BurrJo01,1,0.029,4,0.114,0,17,3,2,5,0.132
2020_08_TEN_CIN,202011010cin,2020,8,REG,TEN,CIN,Ryan Tannehill,TannRy00,1,0.034,5,0.172,1,13,1,4,6,0.182
2020_08_LV_CLE,202011010cle,2020,8,REG,CLE,LV,Baker Mayfield,MayfBa00,6,0.24,5,0.2,0,4,3,1,4,0.138
2020_08_LV_CLE,202011010cle,2020,8,REG,LV,CLE,Derek Carr,CarrDe02,2,0.091,3,0.136,2,3,2,0,4,0.133
2020_08_IND_DET,202011010det,2020,8,REG,DET,IND,Matthew Stafford,StafMa00,2,0.049,11,0.268,5,20,10,4,19,0.396
2020_08_IND_DET,202011010det,2020,8,REG,IND,DET,Philip Rivers,RivePh00,4,0.125,5,0.156,2,8,1,2,5,0.143
2020_08_IND_DET,202011010det,2020,8,REG,IND,DET,Zach Pascal,PascZa00,0,0,1,1,0,0,0,0,0,0
2020_08_MIN_GB,202011010gnb,2020,8,REG,GB,MIN,Aaron Rodgers,RodgAa00,2,0.054,6,0.162,1,10,3,2,6,0.136
2020_08_MIN_GB,202011010gnb,2020,8,REG,MIN,GB,Kirk Cousins,CousKi00,1,0.071,2,0.143,1,10,2,0,3,0.2
2020_08_NYJ_KC,202011010kan,2020,8,REG,KC,NYJ,Patrick Mahomes,MahoPa00,2,0.048,7,0.167,0,16,1,3,4,0.095
2020_08_NYJ_KC,202011010kan,2020,8,REG,KC,NYJ,Chad Henne,HennCh01,1,0.25,0,0,0,2,1,0,1,0.25
2020_08_NYJ_KC,202011010kan,2020,8,REG,KC,NYJ,Tommy Townsend,TownTo01,0,0,0,0,0,0,0,0,0,0
2020_08_NYJ_KC,202011010kan,2020,8,REG,NYJ,KC,Sam Darnold,DarnSa00,2,0.071,6,0.214,1,15,0,4,5,0.143
2020_08_LA_MIA,202011010mia,2020,8,REG,MIA,LA,Tua Tagovailoa,TagoTu00,3,0.136,4,0.182,1,8,0,2,3,0.125
2020_08_LA_MIA,202011010mia,2020,8,REG,LA,MIA,Jared Goff,GoffJa00,4,0.069,7,0.121,2,30,1,9,12,0.19
2020_08_LAC_DEN,202011010den,2020,8,REG,DEN,LAC,Drew Lock,LockDr00,0,0,7,0.179,2,3,5,4,11,0.25
2020_08_LAC_DEN,202011010den,2020,8,REG,LAC,DEN,Justin Herbert,HerbJu00,2,0.049,5,0.122,2,14,15,2,19,0.404
2020_08_LAC_DEN,202011010den,2020,8,REG,LAC,DEN,Keenan Allen,AlleKe00,0,0,1,1,0,0,0,0,0,0
2020_08_NO_CHI,202011010chi,2020,8,REG,CHI,NO,Nick Foles,FoleNi00,4,0.098,7,0.171,5,15,1,2,8,0.174
2020_08_NO_CHI,202011010chi,2020,8,REG,NO,CHI,Drew Brees,BreeDr00,2,0.049,5,0.122,1,9,3,2,6,0.14
2020_08_SF_SEA,202011010sea,2020,8,REG,SEA,SF,Russell Wilson,WilsRu00,1,0.028,6,0.167,2,18,5,1,8,0.2
2020_08_SF_SEA,202011010sea,2020,8,REG,SF,SEA,Nick Mullens,MullNi00,0,0,3,0.125,0,14,0,4,4,0.16
2020_08_SF_SEA,202011010sea,2020,8,REG,SF,SEA,Jimmy Garoppolo,GaroJi00,1,0.063,2,0.125,3,10,2,1,6,0.3
2020_08_DAL_PHI,202011010phi,2020,8,REG,PHI,DAL,Carson Wentz,WentCa00,2,0.08,4,0.16,4,9,3,4,11,0.344
2020_08_DAL_PHI,202011010phi,2020,8,REG,PHI,DAL,Jalen Hurts,HurtJa00,0,0,0,0,0,0,0,0,0,0
2020_08_DAL_PHI,202011010phi,2020,8,REG,DAL,PHI,Ben DiNucci,DiNuBe00,2,0.053,12,0.316,4,14,7,5,16,0.356
2020_08_TB_NYG,202011020nyg,2020,8,REG,NYG,TB,Daniel Jones,JoneDa05,0,0,11,0.275,3,21,6,7,16,0.356
2020_08_TB_NYG,202011020nyg,2020,8,REG,NYG,TB,Golden Tate,TateGo00,0,0,0,0,0,0,0,1,1,1
2020_08_TB_NYG,202011020nyg,2020,8,REG,TB,NYG,Tom Brady,BradTo00,0,0,6,0.15,2,9,3,2,7,0.167
2020_09_GB_SF,202011050sfo,2020,9,REG,SF,GB,Nick Mullens,MullNi00,2,0.059,6,0.176,1,8,4,5,10,0.278
2020_09_GB_SF,202011050sfo,2020,9,REG,GB,SF,Aaron Rodgers,RodgAa00,1,0.033,2,0.067,1,11,4,0,5,0.152
2020_09_DEN_ATL,202011080atl,2020,9,REG,ATL,DEN,Matt Ryan,RyanMa00,1,0.029,4,0.114,2,13,5,7,14,0.368
2020_09_DEN_ATL,202011080atl,2020,9,REG,DEN,ATL,Drew Lock,LockDr00,2,0.044,13,0.289,1,12,10,9,20,0.364
2020_09_SEA_BUF,202011080buf,2020,9,REG,BUF,SEA,Josh Allen,AlleJo02,1,0.026,6,0.158,7,26,3,2,12,0.25
2020_09_SEA_BUF,202011080buf,2020,9,REG,SEA,BUF,Russell Wilson,WilsRu00,0,0,6,0.15,5,18,4,8,17,0.362
2020_09_BAL_IND,202011080clt,2020,9,REG,IND,BAL,Philip Rivers,RivePh00,1,0.025,11,0.275,0,12,4,2,6,0.14
2020_09_BAL_IND,202011080clt,2020,9,REG,IND,BAL,Jacoby Brissett,BrisJa00,0,0,0,0,0,0,1,0,1,1
2020_09_BAL_IND,202011080clt,2020,9,REG,BAL,IND,Lamar Jackson,JackLa00,1,0.043,1,0.043,2,8,2,0,4,0.138
2020_09_HOU_JAX,202011080jax,2020,9,REG,JAX,HOU,Jake Luton,LutoJa00,2,0.053,8,0.211,2,14,2,3,7,0.171
2020_09_HOU_JAX,202011080jax,2020,9,REG,HOU,JAX,Deshaun Watson,WatsDe00,1,0.034,6,0.207,2,20,4,2,8,0.2
2020_09_CAR_KC,202011080kan,2020,9,REG,KC,CAR,Patrick Mahomes,MahoPa00,3,0.068,10,0.227,2,10,0,6,8,0.167
2020_09_CAR_KC,202011080kan,2020,9,REG,CAR,KC,Teddy Bridgewater,BridTe00,0,0,4,0.093,2,16,4,7,13,0.25
2020_09_CAR_KC,202011080kan,2020,9,REG,CAR,KC,Joseph Charlton,CharJo01,0,0,0,0,0,0,0,0,0,0
2020_09_DET_MIN,202011080min,2020,9,REG,MIN,DET,Kirk Cousins,CousKi00,1,0.05,3,0.15,1,6,2,1,4,0.19
2020_09_DET_MIN,202011080min,2020,9,REG,DET,MIN,Matthew Stafford,StafMa00,2,0.063,5,0.156,2,6,1,2,5,0.147
2020_09_DET_MIN,202011080min,2020,9,REG,DET,MIN,Chase Daniel,DaniCh00,2,0.167,2,0.167,0,2,0,1,1,0.071
2020_09_CHI_TEN,202011080oti,2020,9,REG,TEN,CHI,Ryan Tannehill,TannRy00,3,0.143,3,0.143,3,9,1,3,7,0.28
2020_09_CHI_TEN,202011080oti,2020,9,REG,CHI,TEN,Nick Foles,FoleNi00,0,0,6,0.125,3,14,3,6,12,0.214
2020_09_NYG_WAS,202011080was,2020,9,REG,WAS,NYG,Alex Smith,SmitAl03,1,0.031,4,0.125,2,9,3,4,9,0.265
2020_09_NYG_WAS,202011080was,2020,9,REG,WAS,NYG,Kyle Allen,AlleKy00,0,0,0,0,0,2,0,0,0,0
2020_09_NYG_WAS,202011080was,2020,9,REG,NYG,WAS,Daniel Jones,JoneDa05,3,0.091,6,0.182,5,19,3,4,12,0.308
2020_09_LV_LAC,202011080sdg,2020,9,REG,LAC,LV,Justin Herbert,HerbJu00,1,0.024,7,0.171,2,5,5,5,12,0.255
2020_09_LV_LAC,202011080sdg,2020,9,REG,LV,LAC,Derek Carr,CarrDe02,1,0.043,3,0.13,1,6,1,3,5,0.192
2020_09_MIA_ARI,202011080crd,2020,9,REG,ARI,MIA,Kyler Murray,MurrKy00,0,0,2,0.08,1,15,3,4,8,0.25
2020_09_MIA_ARI,202011080crd,2020,9,REG,MIA,ARI,Tua Tagovailoa,TagoTu00,0,0,5,0.192,3,17,0,0,3,0.088
2020_09_PIT_DAL,202011080dal,2020,9,REG,DAL,PIT,Garrett Gilbert,GilbGa01,0,0,11,0.297,2,17,10,6,18,0.429
2020_09_PIT_DAL,202011080dal,2020,9,REG,PIT,DAL,Ben Roethlisberger,RoetBe00,3,0.071,8,0.19,0,7,1,2,3,0.07
2020_09_PIT_DAL,202011080dal,2020,9,REG,PIT,DAL,Mason Rudolph,RudoMa00,0,0,1,0.333,0,1,1,0,1,0.333
2020_09_NO_TB,202011080tam,2020,9,REG,TB,NO,Tom Brady,BradTo00,2,0.054,8,0.216,3,12,6,6,15,0.366
2020_09_NO_TB,202011080tam,2020,9,REG,NO,TB,Drew Brees,BreeDr00,1,0.032,3,0.097,1,15,2,3,6,0.182
2020_09_NO_TB,202011080tam,2020,9,REG,NO,TB,Taysom Hill,HillTa00,0,0,0,0,0,2,0,0,0,0
2020_09_NO_TB,202011080tam,2020,9,REG,NO,TB,Jameis Winston,WinsJa00,0,0,0,0,0,1,0,0,0,0
2020_09_NE_NYJ,202011090nyj,2020,9,REG,NYJ,NE,Joe Flacco,FlacJo00,0,0,4,0.167,1,12,0,3,4,0.154
2020_09_NE_NYJ,202011090nyj,2020,9,REG,NE,NYJ,Cam Newton,NewtCa00,0,0,5,0.147,0,23,1,4,5,0.139
2020_10_IND_TEN,202011120oti,2020,10,REG,TEN,IND,Ryan Tannehill,TannRy00,1,0.037,7,0.259,1,4,2,4,7,0.233
2020_10_IND_TEN,202011120oti,2020,10,REG,IND,TEN,Philip Rivers,RivePh00,1,0.028,3,0.083,1,6,1,1,3,0.075
2020_10_TB_CAR,202011150car,2020,10,REG,CAR,TB,Teddy Bridgewater,BridTe00,1,0.042,3,0.125,1,10,2,4,7,0.25
2020_10_TB_CAR,202011150car,2020,10,REG,CAR,TB,Phillip Walker,WalkPh00,0,0,2,0.5,1,0,0,1,2,0.4
2020_10_TB_CAR,202011150car,2020,10,REG,TB,CAR,Tom Brady,BradTo00,1,0.026,9,0.231,1,14,5,6,12,0.293
2020_10_HOU_CLE,202011150cle,2020,10,REG,CLE,HOU,Baker Mayfield,MayfBa00,0,0,6,0.316,1,8,1,1,3,0.136
2020_10_HOU_CLE,202011150cle,2020,10,REG,HOU,CLE,Deshaun Watson,WatsDe00,0,0,7,0.241,2,13,1,1,4,0.118
2020_10_WAS_DET,202011150det,2020,10,REG,DET,WAS,Matthew Stafford,StafMa00,2,0.063,6,0.188,1,11,4,0,5,0.147
2020_10_WAS_DET,202011150det,2020,10,REG,WAS,DET,Alex Smith,SmitAl03,1,0.019,13,0.245,2,4,9,6,17,0.293
2020_10_JAX_GB,202011150gnb,2020,10,REG,GB,JAX,Aaron Rodgers,RodgAa00,2,0.061,4,0.121,1,10,2,2,5,0.139
2020_10_JAX_GB,202011150gnb,2020,10,REG,JAX,GB,Jake Luton,LutoJa00,2,0.061,10,0.303,3,13,4,1,8,0.211
2020_10_PHI_NYG,202011150nyg,2020,10,REG,NYG,PHI,Daniel Jones,JoneDa05,2,0.071,4,0.143,3,9,1,4,8,0.242
2020_10_PHI_NYG,202011150nyg,2020,10,REG,PHI,NYG,Carson Wentz,WentCa00,3,0.083,8,0.222,3,16,1,9,13,0.317
2020_10_BUF_ARI,202011150crd,2020,10,REG,ARI,BUF,Kyler Murray,MurrKy00,1,0.031,4,0.125,3,15,1,1,5,0.125
2020_10_BUF_ARI,202011150crd,2020,10,REG,BUF,ARI,Josh Allen,AlleJo02,3,0.065,8,0.174,0,27,6,4,10,0.2
2020_10_BUF_ARI,202011150crd,2020,10,REG,BUF,ARI,Isaiah McKenzie,McKeIs00,0,0,0,0,0,0,0,0,0,0
2020_10_DEN_LV,202011150rai,2020,10,REG,LV,DEN,Derek Carr,CarrDe02,2,0.091,3,0.136,0,5,2,0,2,0.074
2020_10_DEN_LV,202011150rai,2020,10,REG,DEN,LV,Drew Lock,LockDr00,6,0.133,11,0.244,2,13,7,6,15,0.306
2020_10_LAC_MIA,202011150mia,2020,10,REG,MIA,LAC,Tua Tagovailoa,TagoTu00,1,0.042,5,0.208,0,10,0,1,1,0.038
2020_10_LAC_MIA,202011150mia,2020,10,REG,LAC,MIA,Justin Herbert,HerbJu00,0,0,6,0.188,2,15,1,6,9,0.25
2020_10_SEA_LA,202011150ram,2020,10,REG,LA,SEA,Jared Goff,GoffJa00,3,0.083,4,0.111,3,21,3,2,8,0.19
2020_10_SEA_LA,202011150ram,2020,10,REG,SEA,LA,Russell Wilson,WilsRu00,1,0.029,8,0.229,6,13,3,7,16,0.32
2020_10_SF_NO,202011150nor,2020,10,REG,NO,SF,Drew Brees,BreeDr00,0,0,3,0.231,0,3,0,1,1,0.077
2020_10_SF_NO,202011150nor,2020,10,REG,NO,SF,Jameis Winston,WinsJa00,0,0,3,0.3,2,4,1,1,4,0.308
2020_10_SF_NO,202011150nor,2020,10,REG,SF,NO,Nick Mullens,MullNi00,0,0,8,0.211,2,18,4,6,12,0.293
2020_10_SF_NO,202011150nor,2020,10,REG,SF,NO,C.J. Beathard,BeatC.00,0,0,0,0,0,0,0,0,0,0
2020_10_CIN_PIT,202011150pit,2020,10,REG,PIT,CIN,Ben Roethlisberger,RoetBe00,3,0.065,12,0.261,0,17,1,8,9,0.196
2020_10_CIN_PIT,202011150pit,2020,10,REG,CIN,PIT,Joe Burrow,BurrJo01,3,0.079,10,0.263,4,17,3,5,12,0.273
2020_10_BAL_NE,202011150nwe,2020,10,REG,NE,BAL,Cam Newton,NewtCa00,1,0.063,2,0.125,1,12,4,1,6,0.333
2020_10_BAL_NE,202011150nwe,2020,10,REG,NE,BAL,Jakobi Meyers,MeyeJa01,0,0,0,0,0,1,0,1,1,1
2020_10_BAL_NE,202011150nwe,2020,10,REG,BAL,NE,Lamar Jackson,JackLa00,3,0.088,4,0.118,2,2,10,0,12,0.3
2020_10_MIN_CHI,202011160chi,2020,10,REG,CHI,MIN,Nick Foles,FoleNi00,0,0,7,0.28,2,13,0,8,10,0.345
2020_10_MIN_CHI,202011160chi,2020,10,REG,CHI,MIN,Tyler Bray,BrayTy00,0,0,3,0.75,0,0,0,1,1,0.2
2020_10_MIN_CHI,202011160chi,2020,10,REG,MIN,CHI,Kirk Cousins,CousKi00,3,0.094,3,0.094,1,7,2,4,7,0.189
2020_11_ARI_SEA,202011190sea,2020,11,REG,SEA,ARI,Russell Wilson,WilsRu00,3,0.111,1,0.037,3,10,5,5,13,0.342
2020_11_ARI_SEA,202011190sea,2020,11,REG,ARI,SEA,Kyler Murray,MurrKy00,0,0,6,0.154,3,16,8,4,15,0.319
2020_11_TEN_BAL,202011220rav,2020,11,REG,BAL,TEN,Lamar Jackson,JackLa00,2,0.071,3,0.107,1,5,2,1,4,0.121
2020_11_TEN_BAL,202011220rav,2020,11,REG,TEN,BAL,Ryan Tannehill,TannRy00,1,0.032,7,0.226,2,19,2,6,10,0.286
2020_11_TEN_BAL,202011220rav,2020,11,REG,TEN,BAL,Logan Woodside,WoodLo00,0,0,0,0,0,0,0,0,0,0
2020_11_DET_CAR,202011220car,2020,11,REG,CAR,DET,Phillip Walker,WalkPh00,3,0.088,5,0.147,1,13,2,1,4,0.114
2020_11_DET_CAR,202011220car,2020,11,REG,CAR,DET,D.J. Moore,MoorD.00,0,0,1,1,0,1,0,0,0,0
2020_11_DET_CAR,202011220car,2020,11,REG,DET,CAR,Matthew Stafford,StafMa00,4,0.125,5,0.156,5,13,3,3,11,0.282
2020_11_PHI_CLE,202011220cle,2020,11,REG,CLE,PHI,Baker Mayfield,MayfBa00,1,0.056,5,0.278,3,7,3,0,6,0.24
2020_11_PHI_CLE,202011220cle,2020,11,REG,PHI,CLE,Carson Wentz,WentCa00,0,0,5,0.147,5,8,3,6,14,0.35
2020_11_NE_HOU,202011220htx,2020,11,REG,HOU,NE,Deshaun Watson,WatsDe00,2,0.054,5,0.135,0,4,8,2,10,0.233
2020_11_NE_HOU,202011220htx,2020,11,REG,NE,HOU,Cam Newton,NewtCa00,1,0.026,6,0.158,2,18,11,6,19,0.452
2020_11_PIT_JAX,202011220jax,2020,11,REG,JAX,PIT,Jake Luton,LutoJa00,1,0.03,12,0.364,2,17,4,6,12,0.308
2020_11_PIT_JAX,202011220jax,2020,11,REG,PIT,JAX,Ben Roethlisberger,RoetBe00,1,0.022,8,0.174,0,19,0,3,3,0.065
2020_11_ATL_NO,202011220nor,2020,11,REG,NO,ATL,Taysom Hill,HillTa00,2,0.087,1,0.043,3,8,2,2,7,0.233
2020_11_ATL_NO,202011220nor,2020,11,REG,ATL,NO,Matt Ryan,RyanMa00,3,0.086,7,0.2,8,20,2,4,14,0.311
2020_11_CIN_WAS,202011220was,2020,11,REG,WAS,CIN,Alex Smith,SmitAl03,1,0.042,3,0.125,2,9,1,3,6,0.222
2020_11_CIN_WAS,202011220was,2020,11,REG,CIN,WAS,Joe Burrow,BurrJo01,2,0.059,5,0.147,0,14,0,5,5,0.143
2020_11_CIN_WAS,202011220was,2020,11,REG,CIN,WAS,Ryan Finley,FinlRy00,1,0.1,4,0.4,4,10,3,2,9,0.6
2020_11_MIA_DEN,202011220den,2020,11,REG,DEN,MIA,Drew Lock,LockDr00,0,0,8,0.267,0,13,3,4,7,0.226
2020_11_MIA_DEN,202011220den,2020,11,REG,MIA,DEN,Tua Tagovailoa,TagoTu00,2,0.105,5,0.263,6,13,4,1,11,0.423
2020_11_MIA_DEN,202011220den,2020,11,REG,MIA,DEN,Ryan Fitzpatrick,FitzRy00,1,0.056,1,0.056,0,3,0,1,1,0.053
2020_11_NYJ_LAC,202011220sdg,2020,11,REG,LAC,NYJ,Justin Herbert,HerbJu00,2,0.041,7,0.143,3,20,7,4,14,0.259
2020_11_NYJ_LAC,202011220sdg,2020,11,REG,NYJ,LAC,Joe Flacco,FlacJo00,1,0.036,7,0.25,1,6,3,7,11,0.344
2020_11_GB_IND,202011220clt,2020,11,REG,IND,GB,Philip Rivers,RivePh00,0,0,2,0.057,1,8,2,4,7,0.189
2020_11_GB_IND,202011220clt,2020,11,REG,GB,IND,Aaron Rodgers,RodgAa00,1,0.029,6,0.171,1,5,2,0,3,0.073
2020_11_DAL_MIN,202011220min,2020,11,REG,MIN,DAL,Kirk Cousins,CousKi00,2,0.071,4,0.143,2,12,5,7,14,0.424
2020_11_DAL_MIN,202011220min,2020,11,REG,DAL,MIN,Andy Dalton,DaltAn00,3,0.097,3,0.097,1,8,1,1,3,0.088
2020_11_KC_LV,202011220rai,2020,11,REG,LV,KC,Derek Carr,CarrDe02,3,0.103,2,0.069,0,10,3,1,4,0.121
2020_11_KC_LV,202011220rai,2020,11,REG,KC,LV,Patrick Mahomes,MahoPa00,2,0.047,3,0.07,0,9,1,5,6,0.128
2020_11_KC_LV,202011220rai,2020,11,REG,KC,LV,Travis Kelce,KelcTr00,0,0,0,0,0,0,0,0,0,0
2020_11_LA_TB,202011230tam,2020,11,REG,TB,LA,Tom Brady,BradTo00,4,0.085,13,0.277,1,9,0,4,5,0.102
2020_11_LA_TB,202011230tam,2020,11,REG,LA,TB,Jared Goff,GoffJa00,2,0.041,6,0.122,0,20,3,3,6,0.118
2020_12_HOU_DET,202011260det,2020,12,REG,DET,HOU,Matthew Stafford,StafMa00,2,0.049,5,0.122,4,22,4,5,13,0.277
2020_12_HOU_DET,202011260det,2020,12,REG,DET,HOU,Jamal Agnew,AgneJa00,0,0,0,0,0,0,0,0,0,0
2020_12_HOU_DET,202011260det,2020,12,REG,HOU,DET,Deshaun Watson,WatsDe00,1,0.043,2,0.087,2,6,6,1,9,0.3
2020_12_WAS_DAL,202011260dal,2020,12,REG,DAL,WAS,Andy Dalton,DaltAn00,2,0.059,4,0.118,3,17,0,2,5,0.125
2020_12_WAS_DAL,202011260dal,2020,12,REG,WAS,DAL,Alex Smith,SmitAl03,1,0.043,0,0,3,9,3,3,9,0.3
2020_12_WAS_DAL,202011260dal,2020,12,REG,WAS,DAL,Logan Thomas,ThomLo00,0,0,0,0,0,0,0,0,0,0
2020_12_LV_ATL,202011290atl,2020,12,REG,ATL,LV,Matt Ryan,RyanMa00,2,0.054,7,0.189,1,10,5,7,13,0.317
2020_12_LV_ATL,202011290atl,2020,12,REG,LV,ATL,Derek Carr,CarrDe02,1,0.031,7,0.219,3,16,6,4,13,0.351
2020_12_LV_ATL,202011290atl,2020,12,REG,LV,ATL,Nathan Peterman,PeteNa00,0,0,1,0.2,2,1,0,0,2,0.25
2020_12_LAC_BUF,202011290buf,2020,12,REG,BUF,LAC,Josh Allen,AlleJo02,0,0,3,0.125,2,7,0,5,7,0.259
2020_12_LAC_BUF,202011290buf,2020,12,REG,BUF,LAC,Cole Beasley,BeasCo00,0,0,0,0,0,0,0,0,0,0
2020_12_LAC_BUF,202011290buf,2020,12,REG,LAC,BUF,Justin Herbert,HerbJu00,4,0.078,8,0.157,3,28,5,5,13,0.236
2020_12_NYG_CIN,202011290cin,2020,12,REG,CIN,NYG,Brandon Allen,AlleBr00,2,0.074,4,0.148,2,5,1,7,10,0.303
2020_12_NYG_CIN,202011290cin,2020,12,REG,NYG,CIN,Daniel Jones,JoneDa05,2,0.074,3,0.111,0,7,1,0,1,0.033
2020_12_NYG_CIN,202011290cin,2020,12,REG,NYG,CIN,Colt McCoy,McCoCo00,0,0,4,0.4,0,5,0,3,3,0.25
2020_12_NYG_CIN,202011290cin,2020,12,REG,NYG,CIN,Golden Tate,TateGo00,0,0,0,0,0,1,0,0,0,0
2020_12_TEN_IND,202011290clt,2020,12,REG,IND,TEN,Philip Rivers,RivePh00,1,0.025,11,0.275,1,11,4,4,9,0.209
2020_12_TEN_IND,202011290clt,2020,12,REG,IND,TEN,Jacoby Brissett,BrisJa00,0,0,2,1,1,1,0,0,1,0.25
2020_12_TEN_IND,202011290clt,2020,12,REG,TEN,IND,Ryan Tannehill,TannRy00,0,0,4,0.2,1,7,5,1,7,0.304
2020_12_CLE_JAX,202011290jax,2020,12,REG,JAX,CLE,Mike Glennon,GlenMi00,1,0.03,7,0.212,0,8,0,2,2,0.056
2020_12_CLE_JAX,202011290jax,2020,12,REG,CLE,JAX,Baker Mayfield,MayfBa00,0,0,7,0.259,2,10,2,0,4,0.125
2020_12_CAR_MIN,202011290min,2020,12,REG,MIN,CAR,Kirk Cousins,CousKi00,1,0.024,5,0.119,2,16,3,8,13,0.265
2020_12_CAR_MIN,202011290min,2020,12,REG,CAR,MIN,Teddy Bridgewater,BridTe00,2,0.063,4,0.125,0,9,3,3,6,0.158
2020_12_ARI_NE,202011290nwe,2020,12,REG,NE,ARI,Cam Newton,NewtCa00,1,0.059,5,0.294,3,10,1,1,5,0.238
2020_12_ARI_NE,202011290nwe,2020,12,REG,ARI,NE,Kyler Murray,MurrKy00,1,0.03,8,0.242,2,9,0,3,5,0.128
2020_12_MIA_NYJ,202011290nyj,2020,12,REG,NYJ,MIA,Sam Darnold,DarnSa00,2,0.074,5,0.185,3,13,9,2,14,0.438
2020_12_MIA_NYJ,202011290nyj,2020,12,REG,MIA,NYJ,Ryan Fitzpatrick,FitzRy00,0,0,9,0.231,4,28,11,5,20,0.465
2020_12_NO_DEN,202011290den,2020,12,REG,DEN,NO,Kendall Hinton,HintKe00,0,0,4,0.5,1,5,1,4,6,0.545
2020_12_NO_DEN,202011290den,2020,12,REG,NO,DEN,Taysom Hill,HillTa00,0,0,3,0.214,3,3,4,1,8,0.381
2020_12_SF_LA,202011290ram,2020,12,REG,LA,SF,Jared Goff,GoffJa00,1,0.033,9,0.3,2,9,0,5,7,0.189
2020_12_SF_LA,202011290ram,2020,12,REG,SF,LA,Nick Mullens,MullNi00,3,0.088,3,0.088,2,5,3,5,10,0.27
2020_12_KC_TB,202011290tam,2020,12,REG,TB,KC,Tom Brady,BradTo00,1,0.024,12,0.293,1,18,2,6,9,0.214
2020_12_KC_TB,202011290tam,2020,12,REG,KC,TB,Patrick Mahomes,MahoPa00,1,0.022,6,0.133,2,9,6,6,14,0.264
2020_12_KC_TB,202011290tam,2020,12,REG,KC,TB,Travis Kelce,KelcTr00,0,0,0,0,0,0,0,0,0,0
2020_12_CHI_GB,202011290gnb,2020,12,REG,GB,CHI,Aaron Rodgers,RodgAa00,2,0.069,3,0.103,0,11,2,0,2,0.065
2020_12_CHI_GB,202011290gnb,2020,12,REG,CHI,GB,Mitchell Trubisky,TrubMi00,1,0.023,10,0.227,3,7,3,5,11,0.22
2020_12_SEA_PHI,202011300phi,2020,12,REG,PHI,SEA,Carson Wentz,WentCa00,2,0.049,10,0.244,6,23,3,6,15,0.278
2020_12_SEA_PHI,202011300phi,2020,12,REG,PHI,SEA,Jalen Hurts,HurtJa00,0,0,0,0,0,0,0,0,0,0
2020_12_SEA_PHI,202011300phi,2020,12,REG,SEA,PHI,Russell Wilson,WilsRu00,1,0.033,7,0.233,2,4,2,5,9,0.257
2020_12_BAL_PIT,202012020pit,2020,12,REG,PIT,BAL,Ben Roethlisberger,RoetBe00,4,0.078,5,0.098,0,18,4,6,10,0.196
2020_12_BAL_PIT,202012020pit,2020,12,REG,BAL,PIT,Robert Griffin III,GrifRo01,0,0,4,0.333,3,6,0,2,5,0.333
2020_12_BAL_PIT,202012020pit,2020,12,REG,BAL,PIT,Trace McSorley,McSoTr00,0,0,3,0.5,0,2,2,0,2,0.286
2020_13_NO_ATL,202012060atl,2020,13,REG,ATL,NO,Matt Ryan,RyanMa00,1,0.026,10,0.263,3,9,2,6,11,0.262
2020_13_NO_ATL,202012060atl,2020,13,REG,NO,ATL,Taysom Hill,HillTa00,2,0.054,5,0.135,2,18,0,3,5,0.116
2020_13_DET_CHI,202012060chi,2020,13,REG,CHI,DET,Mitchell Trubisky,TrubMi00,2,0.061,4,0.121,2,11,0,1,3,0.081
2020_13_DET_CHI,202012060chi,2020,13,REG,DET,CHI,Matthew Stafford,StafMa00,1,0.024,9,0.214,2,6,5,1,8,0.182
2020_13_IND_HOU,202012060htx,2020,13,REG,HOU,IND,Deshaun Watson,WatsDe00,0,0,4,0.108,5,6,5,4,14,0.292
2020_13_IND_HOU,202012060htx,2020,13,REG,IND,HOU,Philip Rivers,RivePh00,2,0.057,3,0.086,3,14,1,2,6,0.158
2020_13_CIN_MIA,202012060mia,2020,13,REG,MIA,CIN,Tua Tagovailoa,TagoTu00,1,0.026,8,0.211,0,16,2,2,4,0.1
2020_13_CIN_MIA,202012060mia,2020,13,REG,CIN,MIA,Brandon Allen,AlleBr00,1,0.053,5,0.263,5,9,0,3,8,0.32
2020_13_CIN_MIA,202012060mia,2020,13,REG,CIN,MIA,Ryan Finley,FinlRy00,0,0,0,0,1,2,0,2,3,0.375
2020_13_CIN_MIA,202012060mia,2020,13,REG,CIN,MIA,Tyler Boyd,BoydTy00,0,0,1,1,0,1,0,0,0,0
2020_13_JAX_MIN,202012060min,2020,13,REG,MIN,JAX,Kirk Cousins,CousKi00,1,0.025,5,0.125,4,19,1,10,15,0.313
2020_13_JAX_MIN,202012060min,2020,13,REG,JAX,MIN,Mike Glennon,GlenMi00,0,0,9,0.22,2,9,3,3,8,0.17
2020_13_LV_NYJ,202012060nyj,2020,13,REG,NYJ,LV,Sam Darnold,DarnSa00,1,0.048,4,0.19,3,9,2,5,10,0.357
2020_13_LV_NYJ,202012060nyj,2020,13,REG,LV,NYJ,Derek Carr,CarrDe02,2,0.043,13,0.283,2,28,3,4,9,0.176
2020_13_CLE_TEN,202012060oti,2020,13,REG,TEN,CLE,Ryan Tannehill,TannRy00,4,0.095,5,0.119,3,5,4,2,9,0.188
2020_13_CLE_TEN,202012060oti,2020,13,REG,CLE,TEN,Baker Mayfield,MayfBa00,2,0.067,0,0,0,12,2,0,2,0.057
2020_13_CLE_TEN,202012060oti,2020,13,REG,CLE,TEN,Jarvis Landry,LandJa00,0,0,0,0,0,1,0,1,1,1
2020_13_LA_ARI,202012060crd,2020,13,REG,ARI,LA,Kyler Murray,MurrKy00,0,0,11,0.306,2,11,4,4,10,0.238
2020_13_LA_ARI,202012060crd,2020,13,REG,LA,ARI,Jared Goff,GoffJa00,1,0.023,5,0.114,1,15,9,6,16,0.333
2020_13_NYG_SEA,202012060sea,2020,13,REG,SEA,NYG,Russell Wilson,WilsRu00,4,0.095,5,0.119,5,15,6,4,15,0.278
2020_13_NYG_SEA,202012060sea,2020,13,REG,NYG,SEA,Colt McCoy,McCoCo00,2,0.091,4,0.182,2,11,2,2,6,0.24
2020_13_PHI_GB,202012060gnb,2020,13,REG,GB,PHI,Aaron Rodgers,RodgAa00,2,0.063,3,0.094,2,7,3,4,9,0.25
2020_13_PHI_GB,202012060gnb,2020,13,REG,PHI,GB,Carson Wentz,WentCa00,0,0,6,0.462,4,4,3,2,9,0.429
2020_13_PHI_GB,202012060gnb,2020,13,REG,PHI,GB,Jalen Hurts,HurtJa00,1,0.083,3,0.25,3,6,1,1,5,0.25
2020_13_NE_LAC,202012060sdg,2020,13,REG,LAC,NE,Justin Herbert,HerbJu00,1,0.019,17,0.327,3,5,14,8,25,0.446
2020_13_NE_LAC,202012060sdg,2020,13,REG,NE,LAC,Cam Newton,NewtCa00,2,0.111,3,0.167,1,9,2,0,3,0.13
2020_13_NE_LAC,202012060sdg,2020,13,REG,NE,LAC,Jarrett Stidham,StidJa00,0,0,1,0.333,0,1,0,1,1,0.333
2020_13_DEN_KC,202012060kan,2020,13,REG,KC,DEN,Patrick Mahomes,MahoPa00,5,0.125,5,0.125,1,12,5,3,9,0.205
2020_13_DEN_KC,202012060kan,2020,13,REG,DEN,KC,Drew Lock,LockDr00,1,0.037,8,0.296,0,13,2,4,6,0.207
2020_13_WAS_PIT,202012070pit,2020,13,REG,PIT,WAS,Ben Roethlisberger,RoetBe00,6,0.113,5,0.094,0,9,4,2,6,0.113
2020_13_WAS_PIT,202012070pit,2020,13,REG,WAS,PIT,Alex Smith,SmitAl03,3,0.068,4,0.091,3,14,5,7,15,0.306
2020_13_BUF_SF,202012070sfo,2020,13,REG,SF,BUF,Nick Mullens,MullNi00,4,0.103,7,0.179,0,10,7,7,14,0.359
2020_13_BUF_SF,202012070sfo,2020,13,REG,BUF,SF,Josh Allen,AlleJo02,0,0,3,0.081,1,12,3,3,7,0.163
2020_13_DAL_BAL,202012080rav,2020,13,REG,BAL,DAL,Lamar Jackson,JackLa00,0,0,4,0.235,0,0,2,0,2,0.091
2020_13_DAL_BAL,202012080rav,2020,13,REG,DAL,BAL,Andy Dalton,DaltAn00,1,0.022,10,0.217,1,14,4,4,9,0.184
2020_14_NE_LA,202012100ram,2020,14,REG,LA,NE,Jared Goff,GoffJa00,3,0.125,5,0.208,1,5,4,2,7,0.259
2020_14_NE_LA,202012100ram,2020,14,REG,NE,LA,Cam Newton,NewtCa00,2,0.125,4,0.25,4,8,1,1,6,0.273
2020_14_NE_LA,202012100ram,2020,14,REG,NE,LA,Jarrett Stidham,StidJa00,0,0,1,0.143,2,2,0,2,4,0.444
2020_14_DEN_CAR,202012130car,2020,14,REG,CAR,DEN,Teddy Bridgewater,BridTe00,2,0.05,5,0.125,4,9,5,2,11,0.239
2020_14_DEN_CAR,202012130car,2020,14,REG,DEN,CAR,Drew Lock,LockDr00,0,0,4,0.148,1,17,3,4,8,0.267
2020_14_HOU_CHI,202012130chi,2020,14,REG,CHI,HOU,Mitchell Trubisky,TrubMi00,2,0.061,4,0.121,3,12,2,2,7,0.179
2020_14_HOU_CHI,202012130chi,2020,14,REG,HOU,CHI,Deshaun Watson,WatsDe00,2,0.074,3,0.111,6,9,4,4,14,0.333
2020_14_DAL_CIN,202012130cin,2020,14,REG,CIN,DAL,Brandon Allen,AlleBr00,2,0.056,5,0.139,0,2,2,2,4,0.105
2020_14_DAL_CIN,202012130cin,2020,14,REG,CIN,DAL,Ryan Finley,FinlRy00,0,0,1,0.5,2,0,0,0,2,0.5
2020_14_DAL_CIN,202012130cin,2020,14,REG,DAL,CIN,Andy Dalton,DaltAn00,1,0.045,1,0.045,2,10,0,2,4,0.16
2020_14_TEN_JAX,202012130jax,2020,14,REG,JAX,TEN,Gardner Minshew II,MinsGa00,1,0.036,8,0.286,0,6,4,1,5,0.152
2020_14_TEN_JAX,202012130jax,2020,14,REG,JAX,TEN,Mike Glennon,GlenMi00,1,0.048,2,0.095,0,2,1,0,1,0.043
2020_14_TEN_JAX,202012130jax,2020,14,REG,TEN,JAX,Ryan Tannehill,TannRy00,1,0.043,1,0.043,1,6,0,6,7,0.28
2020_14_KC_MIA,202012130mia,2020,14,REG,MIA,KC,Tua Tagovailoa,TagoTu00,2,0.044,8,0.178,4,17,2,3,9,0.158
2020_14_KC_MIA,202012130mia,2020,14,REG,MIA,KC,Lynn Bowden Jr.,BowdLy00,0,0,1,1,0,1,0,1,1,0.5
2020_14_KC_MIA,202012130mia,2020,14,REG,KC,MIA,Patrick Mahomes,MahoPa00,2,0.059,5,0.147,3,12,2,3,8,0.205
2020_14_ARI_NYG,202012130nyg,2020,14,REG,NYG,ARI,Daniel Jones,JoneDa05,0,0,5,0.238,6,8,3,3,12,0.444
2020_14_ARI_NYG,202012130nyg,2020,14,REG,NYG,ARI,Colt McCoy,McCoCo00,1,0.333,0,0,2,0,0,0,2,0.4
2020_14_ARI_NYG,202012130nyg,2020,14,REG,ARI,NYG,Kyler Murray,MurrKy00,0,0,6,0.188,1,7,4,3,8,0.182
2020_14_MIN_TB,202012130tam,2020,14,REG,TB,MIN,Tom Brady,BradTo00,1,0.045,4,0.182,0,7,1,3,4,0.174
2020_14_MIN_TB,202012130tam,2020,14,REG,MIN,TB,Kirk Cousins,CousKi00,2,0.057,7,0.2,6,14,8,7,21,0.447
2020_14_IND_LV,202012130rai,2020,14,REG,LV,IND,Derek Carr,CarrDe02,4,0.091,5,0.114,0,4,6,2,8,0.17
2020_14_IND_LV,202012130rai,2020,14,REG,LV,IND,Zay Jones,JoneZa00,0,0,0,0,0,0,0,0,0,0
2020_14_IND_LV,202012130rai,2020,14,REG,IND,LV,Philip Rivers,RivePh00,0,0,3,0.111,0,6,2,1,3,0.107
2020_14_NYJ_SEA,202012130sea,2020,14,REG,SEA,NYJ,Russell Wilson,WilsRu00,2,0.074,3,0.111,0,6,3,1,4,0.148
2020_14_NYJ_SEA,202012130sea,2020,14,REG,SEA,NYJ,Geno Smith,SmitGe00,0,0,1,0.2,1,4,0,1,2,0.333
2020_14_NYJ_SEA,202012130sea,2020,14,REG,NYJ,SEA,Sam Darnold,DarnSa00,1,0.043,4,0.174,3,10,2,4,9,0.3
2020_14_GB_DET,202012130det,2020,14,REG,DET,GB,Matthew Stafford,StafMa00,1,0.031,4,0.125,4,13,0,1,5,0.128
2020_14_GB_DET,202012130det,2020,14,REG,DET,GB,Chase Daniel,DaniCh00,1,0.167,1,0.167,0,1,0,1,1,0.167
2020_14_GB_DET,202012130det,2020,14,REG,GB,DET,Aaron Rodgers,RodgAa00,0,0,1,0.032,0,4,0,1,1,0.027
2020_14_ATL_LAC,202012130sdg,2020,14,REG,LAC,ATL,Justin Herbert,HerbJu00,0,0,6,0.136,1,13,7,2,10,0.222
2020_14_ATL_LAC,202012130sdg,2020,14,REG,ATL,LAC,Matt Ryan,RyanMa00,3,0.097,2,0.065,2,4,3,3,8,0.229
2020_14_ATL_LAC,202012130sdg,2020,14,REG,ATL,LAC,Russell Gage,GageRu00,0,0,0,0,0,1,0,1,1,1
2020_14_NO_PHI,202012130phi,2020,14,REG,PHI,NO,Jalen Hurts,HurtJa00,0,0,6,0.231,0,12,3,3,6,0.176
2020_14_NO_PHI,202012130phi,2020,14,REG,NO,PHI,Taysom Hill,HillTa00,2,0.054,7,0.189,5,8,4,7,16,0.348
2020_14_WAS_SF,202012130sfo,2020,14,REG,SF,WAS,Nick Mullens,MullNi00,4,0.091,5,0.114,4,23,7,8,19,0.388
2020_14_WAS_SF,202012130sfo,2020,14,REG,WAS,SF,Alex Smith,SmitAl03,0,0,8,0.471,1,4,5,2,8,0.4
2020_14_WAS_SF,202012130sfo,2020,14,REG,WAS,SF,Dwayne Haskins,HaskDw00,0,0,4,0.364,1,4,1,0,2,0.154
2020_14_WAS_SF,202012130sfo,2020,14,REG,WAS,SF,Isaiah Wright,WrigIs01,0,0,0,0,0,0,0,1,1,1
2020_14_PIT_BUF,202012130buf,2020,14,REG,BUF,PIT,Josh Allen,AlleJo02,2,0.048,11,0.262,1,27,8,5,14,0.304
2020_14_PIT_BUF,202012130buf,2020,14,REG,PIT,BUF,Ben Roethlisberger,RoetBe00,4,0.108,5,0.135,1,14,6,4,11,0.289
2020_14_BAL_CLE,202012140cle,2020,14,REG,CLE,BAL,Baker Mayfield,MayfBa00,2,0.047,9,0.209,0,22,3,4,7,0.135
2020_14_BAL_CLE,202012140cle,2020,14,REG,CLE,BAL,Jarvis Landry,LandJa00,0,0,0,0,0,1,0,1,1,1
2020_14_BAL_CLE,202012140cle,2020,14,REG,BAL,CLE,Lamar Jackson,JackLa00,2,0.125,3,0.188,4,4,0,0,4,0.154
2020_14_BAL_CLE,202012140cle,2020,14,REG,BAL,CLE,Trace McSorley,McSoTr00,1,0.333,0,0,0,0,0,0,0,0
2020_15_LAC_LV,202012170rai,2020,15,REG,LV,LAC,Marcus Mariota,MariMa01,1,0.038,6,0.231,0,4,3,2,5,0.156
2020_15_LAC_LV,202012170rai,2020,15,REG,LV,LAC,Derek Carr,CarrDe02,0,0,1,0.25,1,0,1,1,3,0.5
2020_15_LAC_LV,202012170rai,2020,15,REG,LAC,LV,Justin Herbert,HerbJu00,2,0.063,5,0.156,1,7,5,4,10,0.294
2020_15_BUF_DEN,202012190den,2020,15,REG,DEN,BUF,Drew Lock,LockDr00,2,0.063,3,0.094,3,10,3,2,8,0.205
2020_15_BUF_DEN,202012190den,2020,15,REG,BUF,DEN,Josh Allen,AlleJo02,0,0,9,0.237,1,18,6,5,12,0.279
2020_15_CAR_GB,202012190gnb,2020,15,REG,GB,CAR,Aaron Rodgers,RodgAa00,3,0.115,2,0.077,5,10,5,0,10,0.27
2020_15_CAR_GB,202012190gnb,2020,15,REG,CAR,GB,Teddy Bridgewater,BridTe00,2,0.059,5,0.147,3,10,3,3,9,0.22
2020_15_TB_ATL,202012200atl,2020,15,REG,ATL,TB,Matt Ryan,RyanMa00,2,0.042,3,0.063,3,23,2,1,6,0.113
2020_15_TB_ATL,202012200atl,2020,15,REG,TB,ATL,Tom Brady,BradTo00,3,0.068,10,0.227,3,21,5,4,12,0.25
2020_15_JAX_BAL,202012200rav,2020,15,REG,BAL,JAX,Lamar Jackson,JackLa00,0,0,2,0.091,1,8,0,1,2,0.083
2020_15_JAX_BAL,202012200rav,2020,15,REG,BAL,JAX,Tyler Huntley,HuntTy01,0,0,2,0.5,0,1,0,1,1,0.25
2020_15_JAX_BAL,202012200rav,2020,15,REG,JAX,BAL,Gardner Minshew II,MinsGa00,0,0,3,0.111,5,18,2,2,9,0.257
2020_15_SF_DAL,202012200dal,2020,15,REG,DAL,SF,Andy Dalton,DaltAn00,1,0.032,7,0.226,2,16,3,1,6,0.162
2020_15_SF_DAL,202012200dal,2020,15,REG,DAL,SF,Cedrick Wilson Jr.,WilsCe01,0,0,0,0,0,0,0,0,0,0
2020_15_SF_DAL,202012200dal,2020,15,REG,SF,DAL,Nick Mullens,MullNi00,1,0.029,7,0.2,2,12,3,5,10,0.256
2020_15_SF_DAL,202012200dal,2020,15,REG,SF,DAL,C.J. Beathard,BeatC.00,1,0.143,0,0,0,1,0,0,0,0
2020_15_HOU_IND,202012200clt,2020,15,REG,IND,HOU,Philip Rivers,RivePh00,1,0.036,3,0.107,1,9,2,2,5,0.172
2020_15_HOU_IND,202012200clt,2020,15,REG,IND,HOU,Jacoby Brissett,BrisJa00,0,0,1,1,0,0,0,0,0,0
2020_15_HOU_IND,202012200clt,2020,15,REG,HOU,IND,Deshaun Watson,WatsDe00,1,0.026,3,0.079,5,7,9,3,17,0.347
2020_15_NE_MIA,202012200mia,2020,15,REG,MIA,NE,Tua Tagovailoa,TagoTu00,1,0.038,3,0.115,2,6,2,1,5,0.172
2020_15_NE_MIA,202012200mia,2020,15,REG,NE,MIA,Cam Newton,NewtCa00,0,0,7,0.28,3,10,2,0,5,0.156
2020_15_CHI_MIN,202012200min,2020,15,REG,MIN,CHI,Kirk Cousins,CousKi00,1,0.032,4,0.129,3,10,8,7,18,0.439
2020_15_CHI_MIN,202012200min,2020,15,REG,CHI,MIN,Mitchell Trubisky,TrubMi00,0,0,3,0.143,1,8,1,1,3,0.115
2020_15_DET_TEN,202012200oti,2020,15,REG,TEN,DET,Ryan Tannehill,TannRy00,0,0,3,0.115,1,12,1,0,2,0.069
2020_15_DET_TEN,202012200oti,2020,15,REG,DET,TEN,Matthew Stafford,StafMa00,2,0.065,6,0.194,0,10,1,4,5,0.152
2020_15_DET_TEN,202012200oti,2020,15,REG,DET,TEN,Chase Daniel,DaniCh00,0,0,0,0,0,2,1,1,2,0.286
2020_15_SEA_WAS,202012200was,2020,15,REG,WAS,SEA,Dwayne Haskins,HaskDw00,4,0.074,6,0.111,4,20,2,4,10,0.161
2020_15_SEA_WAS,202012200was,2020,15,REG,SEA,WAS,Russell Wilson,WilsRu00,0,0,6,0.231,0,8,4,3,7,0.233
2020_15_PHI_ARI,202012200crd,2020,15,REG,ARI,PHI,Kyler Murray,MurrKy00,0,0,5,0.139,1,10,4,1,6,0.154
2020_15_PHI_ARI,202012200crd,2020,15,REG,ARI,PHI,Andy Lee,LeexAn20,0,0,0,0,0,0,0,0,0,0
2020_15_PHI_ARI,202012200crd,2020,15,REG,PHI,ARI,Jalen Hurts,HurtJa00,0,0,11,0.262,6,25,3,3,12,0.218
2020_15_NYJ_LA,202012200ram,2020,15,REG,LA,NYJ,Jared Goff,GoffJa00,3,0.1,4,0.133,3,12,2,6,11,0.289
2020_15_NYJ_LA,202012200ram,2020,15,REG,NYJ,LA,Sam Darnold,DarnSa00,1,0.037,1,0.037,2,12,4,1,7,0.2
2020_15_KC_NO,202012200nor,2020,15,REG,NO,KC,Drew Brees,BreeDr00,4,0.121,5,0.152,1,5,0,6,7,0.2
2020_15_KC_NO,202012200nor,2020,15,REG,KC,NO,Patrick Mahomes,MahoPa00,3,0.068,7,0.159,4,7,7,9,20,0.37
2020_15_CLE_NYG,202012200nyg,2020,15,REG,NYG,CLE,Colt McCoy,McCoCo00,2,0.065,6,0.194,1,5,4,3,8,0.242
2020_15_CLE_NYG,202012200nyg,2020,15,REG,NYG,CLE,Riley Dixon,DixoRi00,0,0,0,0,0,0,0,0,0,0
2020_15_CLE_NYG,202012200nyg,2020,15,REG,CLE,NYG,Baker Mayfield,MayfBa00,0,0,2,0.067,1,13,6,0,7,0.2
2020_15_PIT_CIN,202012210cin,2020,15,REG,CIN,PIT,Ryan Finley,FinlRy00,0,0,2,0.154,2,6,0,4,6,0.375
2020_15_PIT_CIN,202012210cin,2020,15,REG,PIT,CIN,Ben Roethlisberger,RoetBe00,0,0,10,0.263,1,15,2,9,12,0.308
2020_16_MIN_NO,202012250nor,2020,16,REG,NO,MIN,Drew Brees,BreeDr00,2,0.077,2,0.077,0,5,1,2,3,0.115
2020_16_MIN_NO,202012250nor,2020,16,REG,NO,MIN,Taysom Hill,HillTa00,0,0,0,0,0,1,0,0,0,0
2020_16_MIN_NO,202012250nor,2020,16,REG,MIN,NO,Kirk Cousins,CousKi00,1,0.026,5,0.132,2,17,3,7,12,0.279
2020_16_TB_DET,202012260det,2020,16,REG,DET,TB,Chase Daniel,DaniCh00,0,0,2,0.118,3,9,2,1,6,0.286
2020_16_TB_DET,202012260det,2020,16,REG,DET,TB,David Blough,BlouDa00,0,0,2,0.2,1,1,0,6,7,0.583
2020_16_TB_DET,202012260det,2020,16,REG,DET,TB,Matthew Stafford,StafMa00,0,0,1,0.333,0,1,0,0,0,0
2020_16_TB_DET,202012260det,2020,16,REG,TB,DET,Tom Brady,BradTo00,0,0,4,0.154,1,4,1,1,3,0.107
2020_16_TB_DET,202012260det,2020,16,REG,TB,DET,Blaine Gabbert,GabbBl00,0,0,5,0.333,1,7,1,0,2,0.118
2020_16_SF_ARI,202012260crd,2020,16,REG,ARI,SF,Kyler Murray,MurrKy00,3,0.065,6,0.13,3,18,1,2,6,0.103
2020_16_SF_ARI,202012260crd,2020,16,REG,SF,ARI,C.J. Beathard,BeatC.00,4,0.19,2,0.095,3,8,2,2,7,0.28
2020_16_MIA_LV,202012260rai,2020,16,REG,LV,MIA,Derek Carr,CarrDe02,0,0,6,0.2,3,16,5,1,9,0.243
2020_16_MIA_LV,202012260rai,2020,16,REG,MIA,LV,Tua Tagovailoa,TagoTu00,0,0,3,0.136,3,13,2,1,6,0.222
2020_16_MIA_LV,202012260rai,2020,16,REG,MIA,LV,Ryan Fitzpatrick,FitzRy00,1,0.083,2,0.167,0,4,0,2,2,0.154
2020_16_NYG_BAL,202012270rav,2020,16,REG,BAL,NYG,Lamar Jackson,JackLa00,2,0.083,5,0.208,0,5,7,4,11,0.379
2020_16_NYG_BAL,202012270rav,2020,16,REG,NYG,BAL,Daniel Jones,JoneDa05,1,0.024,9,0.22,6,28,9,5,20,0.417
2020_16_CIN_HOU,202012270htx,2020,16,REG,HOU,CIN,Deshaun Watson,WatsDe00,1,0.03,5,0.152,1,6,2,6,9,0.243
2020_16_CIN_HOU,202012270htx,2020,16,REG,CIN,HOU,Brandon Allen,AlleBr00,2,0.054,2,0.054,0,11,0,3,3,0.081
2020_16_CIN_HOU,202012270htx,2020,16,REG,CIN,HOU,Alex Erickson,EricAl01,0,0,1,1,0,1,0,1,1,1
2020_16_CHI_JAX,202012270jax,2020,16,REG,JAX,CHI,Mike Glennon,GlenMi00,1,0.028,4,0.111,1,4,4,3,8,0.211
2020_16_CHI_JAX,202012270jax,2020,16,REG,CHI,JAX,Mitchell Trubisky,TrubMi00,2,0.057,8,0.229,1,13,6,6,13,0.342
2020_16_CHI_JAX,202012270jax,2020,16,REG,CHI,JAX,Nick Foles,FoleNi00,0,0,1,1,0,0,0,0,0,0
2020_16_ATL_KC,202012270kan,2020,16,REG,KC,ATL,Patrick Mahomes,MahoPa00,2,0.049,11,0.268,0,18,4,5,9,0.196
2020_16_ATL_KC,202012270kan,2020,16,REG,KC,ATL,Sammy Watkins,WatkSa00,0,0,0,0,0,1,0,0,0,0
2020_16_ATL_KC,202012270kan,2020,16,REG,ATL,KC,Matt Ryan,RyanMa00,0,0,6,0.176,4,19,2,9,15,0.385
2020_16_CLE_NYJ,202012270nyj,2020,16,REG,NYJ,CLE,Sam Darnold,DarnSa00,0,0,8,0.276,2,5,5,3,10,0.27
2020_16_CLE_NYJ,202012270nyj,2020,16,REG,NYJ,CLE,Jamison Crowder,CrowJa00,0,0,0,0,0,1,0,0,0,0
2020_16_CLE_NYJ,202012270nyj,2020,16,REG,CLE,NYJ,Baker Mayfield,MayfBa00,2,0.04,9,0.18,4,15,7,5,16,0.281
2020_16_IND_PIT,202012270pit,2020,16,REG,PIT,IND,Ben Roethlisberger,RoetBe00,2,0.041,7,0.143,1,5,1,1,3,0.06
2020_16_IND_PIT,202012270pit,2020,16,REG,IND,PIT,Philip Rivers,RivePh00,1,0.029,8,0.235,5,10,3,4,12,0.308
2020_16_DEN_LAC,202012270sdg,2020,16,REG,LAC,DEN,Justin Herbert,HerbJu00,2,0.061,7,0.212,2,8,0,6,8,0.211
2020_16_DEN_LAC,202012270sdg,2020,16,REG,DEN,LAC,Drew Lock,LockDr00,9,0.205,7,0.159,2,4,5,4,11,0.216
2020_16_CAR_WAS,202012270was,2020,16,REG,WAS,CAR,Dwayne Haskins,HaskDw00,2,0.071,8,0.286,2,2,4,4,10,0.333
2020_16_CAR_WAS,202012270was,2020,16,REG,WAS,CAR,Taylor Heinicke,HeinTa00,1,0.053,4,0.211,1,3,1,1,3,0.13
2020_16_CAR_WAS,202012270was,2020,16,REG,CAR,WAS,Teddy Bridgewater,BridTe00,0,0,3,0.107,4,11,1,2,7,0.206
2020_16_PHI_DAL,202012270dal,2020,16,REG,DAL,PHI,Andy Dalton,DaltAn00,1,0.033,5,0.167,2,7,0,5,7,0.212
2020_16_PHI_DAL,202012270dal,2020,16,REG,PHI,DAL,Jalen Hurts,HurtJa00,2,0.061,7,0.212,3,5,6,3,12,0.25
2020_16_LA_SEA,202012270sea,2020,16,REG,SEA,LA,Russell Wilson,WilsRu00,0,0,6,0.207,5,14,5,3,13,0.333
2020_16_LA_SEA,202012270sea,2020,16,REG,LA,SEA,Jared Goff,GoffJa00,2,0.049,10,0.244,3,11,8,6,17,0.327
2020_16_TEN_GB,202012270gnb,2020,16,REG,GB,TEN,Aaron Rodgers,RodgAa00,0,0,2,0.083,1,14,1,1,3,0.107
2020_16_TEN_GB,202012270gnb,2020,16,REG,TEN,GB,Ryan Tannehill,TannRy00,0,0,3,0.13,2,7,1,4,7,0.25
2020_16_TEN_GB,202012270gnb,2020,16,REG,TEN,GB,Logan Woodside,WoodLo00,0,0,1,0.5,0,0,1,0,1,0.5
2020_16_BUF_NE,202012280nwe,2020,16,REG,NE,BUF,Jarrett Stidham,StidJa00,0,0,3,0.375,1,5,4,2,7,0.583
2020_16_BUF_NE,202012280nwe,2020,16,REG,NE,BUF,Cam Newton,NewtCa00,2,0.2,3,0.3,2,6,1,0,3,0.214
2020_16_BUF_NE,202012280nwe,2020,16,REG,BUF,NE,Josh Allen,AlleJo02,2,0.059,5,0.147,0,10,5,0,5,0.135
2020_16_BUF_NE,202012280nwe,2020,16,REG,BUF,NE,Matt Barkley,BarkMa00,0,0,1,0.333,0,0,0,0,0,0
2020_16_BUF_NE,202012280nwe,2020,16,REG,BUF,NE,Jaquan Johnson,JohnJa11,0,0,0,0,0,0,0,0,0,0
2020_17_MIA_BUF,202101030buf,2020,17,REG,BUF,MIA,Josh Allen,AlleJo02,0,0,4,0.174,1,12,6,0,7,0.259
2020_17_MIA_BUF,202101030buf,2020,17,REG,BUF,MIA,Matt Barkley,BarkMa00,1,0.077,4,0.308,0,9,1,1,2,0.154
2020_17_MIA_BUF,202101030buf,2020,17,REG,MIA,BUF,Tua Tagovailoa,TagoTu00,2,0.034,12,0.207,1,13,2,3,6,0.098
2020_17_MIA_BUF,202101030buf,2020,17,REG,MIA,BUF,Lynn Bowden Jr.,BowdLy00,0,0,0,0,0,1,0,0,0,0
2020_17_BAL_CIN,202101030cin,2020,17,REG,CIN,BAL,Brandon Allen,AlleBr00,1,0.05,7,0.35,0,10,1,2,3,0.143
2020_17_BAL_CIN,202101030cin,2020,17,REG,BAL,CIN,Lamar Jackson,JackLa00,0,0,5,0.278,0,2,0,2,2,0.087
2020_17_BAL_CIN,202101030cin,2020,17,REG,BAL,CIN,Tyler Huntley,HuntTy01,0,0,0,0,0,1,0,0,0,0
2020_17_PIT_CLE,202101030cle,2020,17,REG,CLE,PIT,Baker Mayfield,MayfBa00,1,0.038,4,0.154,4,11,2,0,6,0.171
2020_17_PIT_CLE,202101030cle,2020,17,REG,PIT,CLE,Mason Rudolph,RudoMa00,4,0.105,8,0.211,1,11,11,3,15,0.366
2020_17_PIT_CLE,202101030cle,2020,17,REG,PIT,CLE,Joshua Dobbs,DobbJo00,0,0,0,0,0,0,0,1,1,0.2
2020_17_MIN_DET,202101030det,2020,17,REG,DET,MIN,Matthew Stafford,StafMa00,2,0.065,3,0.097,1,10,3,0,4,0.118
2020_17_MIN_DET,202101030det,2020,17,REG,MIN,DET,Kirk Cousins,CousKi00,1,0.026,4,0.105,3,16,3,2,8,0.186
2020_17_NYJ_NE,202101030nwe,2020,17,REG,NE,NYJ,Cam Newton,NewtCa00,1,0.034,4,0.138,3,15,2,3,8,0.242
2020_17_NYJ_NE,202101030nwe,2020,17,REG,NE,NYJ,Jakobi Meyers,MeyeJa01,0,0,0,0,0,0,0,0,0,0
2020_17_NYJ_NE,202101030nwe,2020,17,REG,NYJ,NE,Sam Darnold,DarnSa00,0,0,4,0.121,3,11,3,3,9,0.243
2020_17_DAL_NYG,202101030nyg,2020,17,REG,NYG,DAL,Daniel Jones,JoneDa05,2,0.08,4,0.16,2,7,1,4,7,0.241
2020_17_DAL_NYG,202101030nyg,2020,17,REG,DAL,NYG,Andy Dalton,DaltAn00,3,0.068,9,0.205,6,14,2,3,11,0.193
2020_17_ATL_TB,202101030tam,2020,17,REG,TB,ATL,Tom Brady,BradTo00,2,0.053,9,0.237,1,14,4,1,6,0.14
2020_17_ATL_TB,202101030tam,2020,17,REG,ATL,TB,Matt Ryan,RyanMa00,2,0.049,6,0.146,1,21,4,5,10,0.222
2020_17_NO_CAR,202101030car,2020,17,REG,CAR,NO,Teddy Bridgewater,BridTe00,1,0.045,4,0.182,1,9,1,1,3,0.12
2020_17_NO_CAR,202101030car,2020,17,REG,CAR,NO,Phillip Walker,WalkPh00,3,0.214,3,0.214,2,9,1,2,5,0.313
2020_17_NO_CAR,202101030car,2020,17,REG,NO,CAR,Drew Brees,BreeDr00,1,0.033,5,0.167,2,11,1,3,6,0.176
2020_17_GB_CHI,202101030chi,2020,17,REG,CHI,GB,Mitchell Trubisky,TrubMi00,0,0,3,0.073,1,6,5,2,8,0.178
2020_17_GB_CHI,202101030chi,2020,17,REG,GB,CHI,Aaron Rodgers,RodgAa00,1,0.042,2,0.083,1,4,0,5,6,0.231
2020_17_LV_DEN,202101030den,2020,17,REG,DEN,LV,Drew Lock,LockDr00,0,0,10,0.25,2,19,6,1,9,0.205
2020_17_LV_DEN,202101030den,2020,17,REG,LV,DEN,Derek Carr,CarrDe02,0,0,7,0.2,3,6,4,3,10,0.244
2020_17_TEN_HOU,202101030htx,2020,17,REG,HOU,TEN,Deshaun Watson,WatsDe00,2,0.051,8,0.205,4,14,4,2,10,0.217
2020_17_TEN_HOU,202101030htx,2020,17,REG,HOU,TEN,A.J. McCarron,McCaA.00,0,0,0,0,0,0,0,0,0,0
2020_17_TEN_HOU,202101030htx,2020,17,REG,TEN,HOU,Ryan Tannehill,TannRy00,2,0.074,4,0.148,2,15,1,6,9,0.29
2020_17_JAX_IND,202101030clt,2020,17,REG,IND,JAX,Philip Rivers,RivePh00,3,0.115,4,0.154,0,4,3,0,3,0.111
2020_17_JAX_IND,202101030clt,2020,17,REG,JAX,IND,Mike Glennon,GlenMi00,4,0.1,3,0.075,6,9,2,5,13,0.271
2020_17_LAC_KC,202101030kan,2020,17,REG,KC,LAC,Chad Henne,HennCh01,0,0,6,0.194,1,5,1,4,6,0.182
2020_17_LAC_KC,202101030kan,2020,17,REG,LAC,KC,Justin Herbert,HerbJu00,2,0.067,2,0.067,3,9,3,2,8,0.229
2020_17_ARI_LA,202101030ram,2020,17,REG,LA,ARI,John Wolford,WolfJo00,1,0.027,10,0.27,2,18,3,4,9,0.214
2020_17_ARI_LA,202101030ram,2020,17,REG,ARI,LA,Chris Streveler,StreCh00,0,0,2,0.125,2,4,0,2,4,0.222
2020_17_ARI_LA,202101030ram,2020,17,REG,ARI,LA,Kyler Murray,MurrKy00,0,0,1,0.091,2,3,0,0,2,0.154
2020_17_SEA_SF,202101030sfo,2020,17,REG,SF,SEA,C.J. Beathard,BeatC.00,2,0.057,6,0.171,3,9,2,5,10,0.244
2020_17_SEA_SF,202101030sfo,2020,17,REG,SEA,SF,Russell Wilson,WilsRu00,2,0.063,7,0.219,2,18,5,2,9,0.214
2020_17_WAS_PHI,202101030phi,2020,17,REG,PHI,WAS,Jalen Hurts,HurtJa00,1,0.053,9,0.474,1,7,3,3,7,0.28
2020_17_WAS_PHI,202101030phi,2020,17,REG,PHI,WAS,Nate Sudfeld,SudfNa00,1,0.1,3,0.3,2,7,2,3,7,0.467
2020_17_WAS_PHI,202101030phi,2020,17,REG,PHI,WAS,Greg Ward,WardGr02,0,0,0,0,0,1,0,1,1,1
2020_17_WAS_PHI,202101030phi,2020,17,REG,WAS,PHI,Alex Smith,SmitAl03,1,0.033,6,0.2,3,7,7,2,12,0.343
2020_18_IND_BUF,202101090buf,2020,18,WC,BUF,IND,Josh Allen,AlleJo02,2,0.059,5,0.147,2,9,4,3,9,0.225
2020_18_IND_BUF,202101090buf,2020,18,WC,IND,BUF,Philip Rivers,RivePh00,4,0.087,8,0.174,0,15,2,1,3,0.065
2020_18_LA_SEA,202101090sea,2020,18,WC,SEA,LA,Russell Wilson,WilsRu00,2,0.077,9,0.346,5,11,1,5,11,0.306
2020_18_LA_SEA,202101090sea,2020,18,WC,LA,SEA,Jared Goff,GoffJa00,0,0,4,0.222,2,6,1,3,6,0.273
2020_18_LA_SEA,202101090sea,2020,18,WC,LA,SEA,John Wolford,WolfJo00,1,0.167,1,0.167,1,3,0,1,2,0.286
2020_18_TB_WAS,202101090was,2020,18,WC,WAS,TB,Taylor Heinicke,HeinTa00,3,0.073,6,0.146,2,13,2,4,8,0.154
2020_18_TB_WAS,202101090was,2020,18,WC,TB,WAS,Tom Brady,BradTo00,1,0.026,12,0.316,3,18,1,4,8,0.186
2020_18_BAL_TEN,202101100oti,2020,18,WC,TEN,BAL,Ryan Tannehill,TannRy00,0,0,4,0.154,1,10,2,4,7,0.25
2020_18_BAL_TEN,202101100oti,2020,18,WC,BAL,TEN,Lamar Jackson,JackLa00,0,0,5,0.208,5,4,3,2,10,0.333
2020_18_CHI_NO,202101100nor,2020,18,WC,NO,CHI,Drew Brees,BreeDr00,0,0,3,0.083,0,6,1,4,5,0.128
2020_18_CHI_NO,202101100nor,2020,18,WC,CHI,NO,Mitchell Trubisky,TrubMi00,2,0.074,3,0.111,1,9,1,2,4,0.121
2020_18_CLE_PIT,202101100pit,2020,18,WC,PIT,CLE,Ben Roethlisberger,RoetBe00,4,0.059,14,0.206,0,7,6,4,10,0.147
2020_18_CLE_PIT,202101100pit,2020,18,WC,CLE,PIT,Baker Mayfield,MayfBa00,3,0.088,4,0.118,0,20,2,0,2,0.056
2020_19_LA_GB,202101160gnb,2020,19,DIV,GB,LA,Aaron Rodgers,RodgAa00,2,0.059,5,0.147,0,10,3,1,4,0.108
2020_19_LA_GB,202101160gnb,2020,19,DIV,LA,GB,Jared Goff,GoffJa00,2,0.077,0,0,4,7,2,2,8,0.25
2020_19_BAL_BUF,202101160buf,2020,19,DIV,BUF,BAL,Josh Allen,AlleJo02,2,0.057,8,0.229,2,11,3,2,7,0.175
2020_19_BAL_BUF,202101160buf,2020,19,DIV,BAL,BUF,Lamar Jackson,JackLa00,1,0.045,5,0.227,3,13,4,3,10,0.333
2020_19_BAL_BUF,202101160buf,2020,19,DIV,BAL,BUF,Tyler Huntley,HuntTy01,1,0.077,3,0.231,1,4,0,0,1,0.059
2020_19_CLE_KC,202101170kan,2020,19,DIV,KC,CLE,Patrick Mahomes,MahoPa00,1,0.034,6,0.207,0,3,0,2,2,0.065
2020_19_CLE_KC,202101170kan,2020,19,DIV,KC,CLE,Chad Henne,HennCh01,0,0,1,0.125,1,5,0,0,1,0.1
2020_19_CLE_KC,202101170kan,2020,19,DIV,CLE,KC,Baker Mayfield,MayfBa00,3,0.088,5,0.147,1,20,2,2,5,0.132
2020_19_TB_NO,202101170nor,2020,19,DIV,NO,TB,Drew Brees,BreeDr00,1,0.029,7,0.206,0,18,4,3,7,0.206
2020_19_TB_NO,202101170nor,2020,19,DIV,NO,TB,Jameis Winston,WinsJa00,0,0,0,0,0,0,1,0,1,1
2020_19_TB_NO,202101170nor,2020,19,DIV,TB,NO,Tom Brady,BradTo00,2,0.061,8,0.242,1,7,6,2,9,0.265
2020_20_TB_GB,202101240gnb,2020,20,CON,GB,TB,Aaron Rodgers,RodgAa00,2,0.043,8,0.174,5,23,2,3,10,0.189
2020_20_TB_GB,202101240gnb,2020,20,CON,TB,GB,Tom Brady,BradTo00,4,0.114,10,0.286,1,8,0,3,4,0.108
2020_20_BUF_KC,202101240kan,2020,20,CON,KC,BUF,Patrick Mahomes,MahoPa00,3,0.079,3,0.079,1,9,0,2,3,0.077
2020_20_BUF_KC,202101240kan,2020,20,CON,BUF,KC,Josh Allen,AlleJo02,3,0.068,8,0.182,4,18,3,6,13,0.228
2020_21_KC_TB,202102070tam,2020,21,SB,TB,KC,Tom Brady,BradTo00,3,0.103,4,0.138,1,7,3,1,5,0.167
2020_21_KC_TB,202102070tam,2020,21,SB,KC,TB,Patrick Mahomes,MahoPa00,5,0.109,7,0.152,3,6,11,7,21,0.375
