game_id,pfr_game_id,season,week,game_type,team,opponent,pfr_player_name,pfr_player_id,receiving_broken_tackles,receiving_drop,receiving_drop_pct,receiving_int,receiving_rat
2021_01_DAL_TB,202109090tam,2021,1,REG,DAL,TB,Amari Cooper,CoopAm00,0,0,0,0,139.1
2021_01_DAL_TB,202109090tam,2021,1,REG,DAL,TB,CeeDee Lamb,LambCe00,0,2,0.133,1,64.3
2021_01_DAL_TB,202109090tam,2021,1,REG,DAL,TB,Dalton Schultz,SchuDa00,2,0,0,0,97.9
2021_01_DAL_TB,202109090tam,2021,1,REG,DAL,TB,Michael Gallup,GallMi00,1,0,0,0,71.1
2021_01_DAL_TB,202109090tam,2021,1,REG,DAL,TB,Tony Pollard,PollTo00,0,0,0,0,96.9
2021_01_DAL_TB,202109090tam,2021,1,REG,DAL,TB,Blake Jarwin,JarwBl00,0,0,0,0,94.4
2021_01_DAL_TB,202109090tam,2021,1,REG,DAL,TB,Cedrick Wilson Jr.,WilsCe01,0,0,0,0,100
2021_01_DAL_TB,202109090tam,2021,1,REG,DAL,TB,Ezekiel Elliott,ElliEz00,0,0,0,0,79.2
2021_01_PHI_ATL,202109120atl,2021,1,REG,ATL,PHI,Calvin Ridley,RidlCa00,0,1,0.125,0,80.7
2021_01_PHI_ATL,202109120atl,2021,1,REG,ATL,PHI,Hayden Hurst,HursHa00,0,0,0,0,95.8
2021_01_PHI_ATL,202109120atl,2021,1,REG,ATL,PHI,Kyle Pitts,PittKy00,0,0,0,0,59.9
2021_01_PHI_ATL,202109120atl,2021,1,REG,ATL,PHI,Mike Davis,DaviMi01,0,0,0,0,59.7
2021_01_PHI_ATL,202109120atl,2021,1,REG,ATL,PHI,Keith Smith,SmitKe03,1,0,0,0,91.7
2021_01_PHI_ATL,202109120atl,2021,1,REG,ATL,PHI,Cordarrelle Patterson,PattCo00,0,0,0,0,93.7
2021_01_PHI_ATL,202109120atl,2021,1,REG,ATL,PHI,Russell Gage,GageRu00,0,0,0,0,39.6
2021_01_PHI_ATL,202109120atl,2021,1,REG,PHI,ATL,Jalen Reagor,ReagJa00,0,0,0,0,140.3
2021_01_PHI_ATL,202109120atl,2021,1,REG,PHI,ATL,DeVonta Smith,SmitDe07,0,0,0,0,141.1
2021_01_PHI_ATL,202109120atl,2021,1,REG,PHI,ATL,Dallas Goedert,GoedDa00,0,0,0,0,141.2
2021_01_PHI_ATL,202109120atl,2021,1,REG,PHI,ATL,Miles Sanders,SandMi01,2,0,0,0,99.2
2021_01_PHI_ATL,202109120atl,2021,1,REG,PHI,ATL,Quez Watkins,WatkQu00,0,0,0,0,98.6
2021_01_PHI_ATL,202109120atl,2021,1,REG,PHI,ATL,Zach Ertz,ErtzZa00,0,0,0,0,118.7
2021_01_PHI_ATL,202109120atl,2021,1,REG,PHI,ATL,Kenneth Gainwell,GainKe00,0,0,0,0,70.1
2021_01_PIT_BUF,202109120buf,2021,1,REG,BUF,PIT,Stefon Diggs,DiggSt00,0,0,0,0,81.9
2021_01_PIT_BUF,202109120buf,2021,1,REG,BUF,PIT,Cole Beasley,BeasCo00,0,1,0.077,0,72.6
2021_01_PIT_BUF,202109120buf,2021,1,REG,BUF,PIT,Dawson Knox,KnoxDa00,0,0,0,0,109.4
2021_01_PIT_BUF,202109120buf,2021,1,REG,BUF,PIT,Emmanuel Sanders,SandEm00,0,0,0,0,70.8
2021_01_PIT_BUF,202109120buf,2021,1,REG,BUF,PIT,Devin Singletary,SingDe00,0,1,0.2,0,64.6
2021_01_PIT_BUF,202109120buf,2021,1,REG,BUF,PIT,Gabriel Davis,DaviGa01,0,1,0.2,0,108.3
2021_01_PIT_BUF,202109120buf,2021,1,REG,PIT,BUF,Diontae Johnson,JohnDi01,0,0,0,0,92.1
2021_01_PIT_BUF,202109120buf,2021,1,REG,PIT,BUF,JuJu Smith-Schuster,SmitJu00,1,0,0,0,70.8
2021_01_PIT_BUF,202109120buf,2021,1,REG,PIT,BUF,Chase Claypool,ClayCh01,0,0,0,0,89.6
2021_01_PIT_BUF,202109120buf,2021,1,REG,PIT,BUF,James Washington,WashJa00,0,0,0,0,87.5
2021_01_PIT_BUF,202109120buf,2021,1,REG,PIT,BUF,Eric Ebron,EbroEr00,0,0,0,0,83.3
2021_01_PIT_BUF,202109120buf,2021,1,REG,PIT,BUF,Pat Freiermuth,FreiPa00,0,0,0,0,118.7
2021_01_PIT_BUF,202109120buf,2021,1,REG,PIT,BUF,Zach Gentry,GentZa00,0,0,0,0,79.2
2021_01_PIT_BUF,202109120buf,2021,1,REG,PIT,BUF,Najee Harris,HarrNa00,0,0,0,0,42.4
2021_01_NYJ_CAR,202109120car,2021,1,REG,CAR,NYJ,Christian McCaffrey,McCaCh01,1,0,0,0,107.9
2021_01_NYJ_CAR,202109120car,2021,1,REG,CAR,NYJ,D.J. Moore,MoorD.00,0,1,0.125,0,106.2
2021_01_NYJ_CAR,202109120car,2021,1,REG,CAR,NYJ,Terrace Marshall Jr.,MarsTe00,0,0,0,0,61.8
2021_01_NYJ_CAR,202109120car,2021,1,REG,CAR,NYJ,Dan Arnold,ArnoDa00,0,0,0,0,70.1
2021_01_NYJ_CAR,202109120car,2021,1,REG,CAR,NYJ,Chuba Hubbard,HubbCh01,0,0,0,0,79.2
2021_01_NYJ_CAR,202109120car,2021,1,REG,CAR,NYJ,Robby Anderson,AndeRo04,0,0,0,0,121.5
2021_01_NYJ_CAR,202109120car,2021,1,REG,CAR,NYJ,Ian Thomas,ThomIa00,0,0,0,0,79.2
2021_01_NYJ_CAR,202109120car,2021,1,REG,NYJ,CAR,Braxton Berrios,BerrBr00,0,0,0,0,92
2021_01_NYJ_CAR,202109120car,2021,1,REG,NYJ,CAR,Corey Davis,DaviCo03,0,1,0.143,0,153.3
2021_01_NYJ_CAR,202109120car,2021,1,REG,NYJ,CAR,Ryan Griffin,GrifRy00,0,0,0,1,19.4
2021_01_NYJ_CAR,202109120car,2021,1,REG,NYJ,CAR,Tyler Kroft,KrofTy00,0,0,0,0,73.7
2021_01_NYJ_CAR,202109120car,2021,1,REG,NYJ,CAR,Michael Carter,CartMi03,0,1,0.5,0,72.9
2021_01_NYJ_CAR,202109120car,2021,1,REG,NYJ,CAR,Ty Johnson,JohnTy02,0,1,0.333,0,45.1
2021_01_NYJ_CAR,202109120car,2021,1,REG,NYJ,CAR,Denzel Mims,MimsDe00,0,0,0,0,118.7
2021_01_NYJ_CAR,202109120car,2021,1,REG,NYJ,CAR,Elijah Moore,MoorEl00,0,0,0,0,39.6
2021_01_NYJ_CAR,202109120car,2021,1,REG,NYJ,CAR,Jeff Smith,SmitJe03,0,0,0,0,39.6
2021_01_MIN_CIN,202109120cin,2021,1,REG,CIN,MIN,Ja'Marr Chase,ChasJa00,1,0,0,0,153.3
2021_01_MIN_CIN,202109120cin,2021,1,REG,CIN,MIN,Tee Higgins,HiggTe00,1,0,0,0,154.6
2021_01_MIN_CIN,202109120cin,2021,1,REG,CIN,MIN,Joe Mixon,MixoJo00,1,0,0,0,90.6
2021_01_MIN_CIN,202109120cin,2021,1,REG,CIN,MIN,Tyler Boyd,BoydTy00,0,0,0,0,97.9
2021_01_MIN_CIN,202109120cin,2021,1,REG,CIN,MIN,C.J. Uzomah,UzomC.00,0,0,0,0,118.7
2021_01_MIN_CIN,202109120cin,2021,1,REG,CIN,MIN,Samaje Perine,PeriSa00,0,0,0,0,95.8
2021_01_MIN_CIN,202109120cin,2021,1,REG,CIN,MIN,Mike Thomas,ThomMi04,0,0,0,0,42.4
2021_01_MIN_CIN,202109120cin,2021,1,REG,MIN,CIN,Adam Thielen,ThieAd00,0,0,0,0,144.6
2021_01_MIN_CIN,202109120cin,2021,1,REG,MIN,CIN,K.J. Osborn,OsboKJ00,1,0,0,0,101.9
2021_01_MIN_CIN,202109120cin,2021,1,REG,MIN,CIN,Dalvin Cook,CookDa01,1,1,0.143,0,92.3
2021_01_MIN_CIN,202109120cin,2021,1,REG,MIN,CIN,Justin Jefferson,JeffJu00,1,0,0,0,81.2
2021_01_MIN_CIN,202109120cin,2021,1,REG,MIN,CIN,Tyler Conklin,ConkTy00,0,0,0,0,109.4
2021_01_MIN_CIN,202109120cin,2021,1,REG,MIN,CIN,Ameer Abdullah,AbduAm00,0,0,0,0,97.9
2021_01_MIN_CIN,202109120cin,2021,1,REG,MIN,CIN,C.J. Ham,HamxC.00,0,0,0,0,85.4
2021_01_MIN_CIN,202109120cin,2021,1,REG,MIN,CIN,Dede Westbrook,WestDe00,0,0,0,0,112.5
2021_01_MIN_CIN,202109120cin,2021,1,REG,MIN,CIN,Alexander Mattison,MattAl01,0,0,0,0,83.3
2021_01_MIN_CIN,202109120cin,2021,1,REG,MIN,CIN,Chris Herndon,HernCh00,0,1,0.5,0,39.6
2021_01_SF_DET,202109120det,2021,1,REG,DET,SF,T.J. Hockenson,HockTJ00,1,0,0,1,91.9
2021_01_SF_DET,202109120det,2021,1,REG,DET,SF,D'Andre Swift,SwifDA00,3,2,0.182,0,117.6
2021_01_SF_DET,202109120det,2021,1,REG,DET,SF,Jamaal Williams,WillJa06,1,0,0,0,92.6
2021_01_SF_DET,202109120det,2021,1,REG,DET,SF,Trinity Benson,BensTr00,0,0,0,0,56.9
2021_01_SF_DET,202109120det,2021,1,REG,DET,SF,Quintez Cephus,CephQu00,0,0,0,0,95.8
2021_01_SF_DET,202109120det,2021,1,REG,DET,SF,Kalif Raymond,RaymKa00,0,0,0,0,116.7
2021_01_SF_DET,202109120det,2021,1,REG,DET,SF,Amon-Ra St. Brown,StxxAm00,0,0,0,0,67.7
2021_01_SF_DET,202109120det,2021,1,REG,DET,SF,Tyrell Williams,WillTy00,0,0,0,0,77.1
2021_01_SF_DET,202109120det,2021,1,REG,DET,SF,Darren Fells,FellDa01,0,0,0,0,79.2
2021_01_SF_DET,202109120det,2021,1,REG,DET,SF,Jason Cabinda,CabiJa00,0,1,1,0,39.6
2021_01_JAX_HOU,202109120htx,2021,1,REG,HOU,JAX,Danny Amendola,AmenDa00,0,0,0,0,134.6
2021_01_JAX_HOU,202109120htx,2021,1,REG,HOU,JAX,Brandin Cooks,CookBr00,1,1,0.143,0,113.7
2021_01_JAX_HOU,202109120htx,2021,1,REG,HOU,JAX,Pharaoh Brown,BrowPh01,1,0,0,0,118.7
2021_01_JAX_HOU,202109120htx,2021,1,REG,HOU,JAX,David Johnson,JohnDa08,0,0,0,0,122.9
2021_01_JAX_HOU,202109120htx,2021,1,REG,HOU,JAX,Chris Conley,ConlCh00,1,0,0,0,118.7
2021_01_JAX_HOU,202109120htx,2021,1,REG,HOU,JAX,Nico Collins,CollNi00,0,0,0,0,42.4
2021_01_JAX_HOU,202109120htx,2021,1,REG,HOU,JAX,Rex Burkhead,BurkRe00,1,0,0,0,56.2
2021_01_JAX_HOU,202109120htx,2021,1,REG,HOU,JAX,Mark Ingram,IngrMa01,0,0,0,0,39.6
2021_01_JAX_HOU,202109120htx,2021,1,REG,HOU,JAX,Phillip Lindsay,LindPh00,0,1,1,0,39.6
2021_01_JAX_HOU,202109120htx,2021,1,REG,HOU,JAX,Jordan Akins,AkinJo00,0,0,0,0,39.6
2021_01_JAX_HOU,202109120htx,2021,1,REG,JAX,HOU,Laviska Shenault Jr.,ShenLa00,1,1,0.1,1,41.7
2021_01_JAX_HOU,202109120htx,2021,1,REG,JAX,HOU,James O'Shaughnessy,O'ShJa00,1,1,0.125,0,89.6
2021_01_JAX_HOU,202109120htx,2021,1,REG,JAX,HOU,Marvin Jones,JoneMa02,0,0,0,0,121.1
2021_01_JAX_HOU,202109120htx,2021,1,REG,JAX,HOU,James Robinson,RobiJa00,1,2,0.333,0,63.9
2021_01_JAX_HOU,202109120htx,2021,1,REG,JAX,HOU,DJ Chark,CharDJ00,0,1,0.083,1,50
2021_01_JAX_HOU,202109120htx,2021,1,REG,JAX,HOU,Carlos Hyde,HydeCa00,0,0,0,0,95.8
2021_01_JAX_HOU,202109120htx,2021,1,REG,JAX,HOU,Chris Manhertz,ManhCh00,0,0,0,0,158.3
2021_01_JAX_HOU,202109120htx,2021,1,REG,JAX,HOU,Tyron Johnson,JohnTy03,0,0,0,0,91.7
2021_01_JAX_HOU,202109120htx,2021,1,REG,JAX,HOU,Devin Smith,SmitDe04,0,0,0,1,0
2021_01_SEA_IND,202109120clt,2021,1,REG,IND,SEA,Nyheim Hines,HineNy00,0,0,0,0,89.6
2021_01_SEA_IND,202109120clt,2021,1,REG,IND,SEA,Jonathan Taylor,TaylJo02,0,1,0.143,0,102.4
2021_01_SEA_IND,202109120clt,2021,1,REG,IND,SEA,Zach Pascal,PascZa00,0,1,0.2,0,142.1
2021_01_SEA_IND,202109120clt,2021,1,REG,IND,SEA,Jack Doyle,DoylJa00,0,0,0,0,86.5
2021_01_SEA_IND,202109120clt,2021,1,REG,IND,SEA,Michael Pittman Jr.,PittMi01,0,0,0,0,94.8
2021_01_SEA_IND,202109120clt,2021,1,REG,IND,SEA,Mike Strachan,StraMi03,0,0,0,0,118.7
2021_01_SEA_IND,202109120clt,2021,1,REG,IND,SEA,Parris Campbell,CampPa00,0,0,0,0,63.2
2021_01_SEA_IND,202109120clt,2021,1,REG,IND,SEA,Mo Alie-Cox,AlieMo00,0,0,0,0,39.6
2021_01_SEA_IND,202109120clt,2021,1,REG,SEA,IND,Tyler Lockett,LockTy00,1,0,0,0,158.3
2021_01_SEA_IND,202109120clt,2021,1,REG,SEA,IND,D.K. Metcalf,MetcDK00,0,0,0,0,156.2
2021_01_SEA_IND,202109120clt,2021,1,REG,SEA,IND,Chris Carson,CarsCh00,2,0,0,0,102.8
2021_01_SEA_IND,202109120clt,2021,1,REG,SEA,IND,Will Dissly,DissWi00,1,0,0,0,118.1
2021_01_SEA_IND,202109120clt,2021,1,REG,SEA,IND,Gerald Everett,EverGe00,0,0,0,0,147.9
2021_01_SEA_IND,202109120clt,2021,1,REG,SEA,IND,DeeJay Dallas,DallDe00,0,0,0,0,87.5
2021_01_SEA_IND,202109120clt,2021,1,REG,SEA,IND,D'Wayne Eskridge,EskrDW00,0,0,0,0,91.7
2021_01_SEA_IND,202109120clt,2021,1,REG,SEA,IND,Freddie Swain,SwaiFr00,0,0,0,0,39.6
2021_01_ARI_TEN,202109120oti,2021,1,REG,TEN,ARI,A.J. Brown,BrowAJ00,0,0,0,0,108.9
2021_01_ARI_TEN,202109120oti,2021,1,REG,TEN,ARI,Chester Rogers,RogeCh02,0,0,0,0,100.7
2021_01_ARI_TEN,202109120oti,2021,1,REG,TEN,ARI,Anthony Firkser,FirkAn00,0,0,0,0,84.4
2021_01_ARI_TEN,202109120oti,2021,1,REG,TEN,ARI,Derrick Henry,HenrDe00,0,0,0,0,84.4
2021_01_ARI_TEN,202109120oti,2021,1,REG,TEN,ARI,Julio Jones,JoneJu02,1,0,0,1,24.3
2021_01_ARI_TEN,202109120oti,2021,1,REG,TEN,ARI,Jeremy McNichols,McNiJe00,0,0,0,0,89.6
2021_01_ARI_TEN,202109120oti,2021,1,REG,TEN,ARI,Amani Hooker,HookAm00,0,0,0,0,91.7
2021_01_ARI_TEN,202109120oti,2021,1,REG,TEN,ARI,Nick Westbrook-Ikhine,WestNi00,0,0,0,0,64.6
2021_01_ARI_TEN,202109120oti,2021,1,REG,TEN,ARI,Geoff Swaim,SwaiGe00,0,0,0,0,39.6
2021_01_ARI_TEN,202109120oti,2021,1,REG,ARI,TEN,DeAndre Hopkins,HopkDe00,0,0,0,0,147.4
2021_01_ARI_TEN,202109120oti,2021,1,REG,ARI,TEN,Christian Kirk,KirkCh01,0,0,0,0,158.3
2021_01_ARI_TEN,202109120oti,2021,1,REG,ARI,TEN,Chase Edmonds,EdmoCh00,0,0,0,0,111.5
2021_01_ARI_TEN,202109120oti,2021,1,REG,ARI,TEN,Rondale Moore,MoorRo02,1,0,0,0,118.7
2021_01_ARI_TEN,202109120oti,2021,1,REG,ARI,TEN,A.J. Green,GreeA.00,0,1,0.167,0,47.2
2021_01_ARI_TEN,202109120oti,2021,1,REG,ARI,TEN,Demetrius Harris,HarrDe03,0,0,0,1,0
2021_01_ARI_TEN,202109120oti,2021,1,REG,ARI,TEN,Maxx Williams,WillMa04,0,0,0,0,39.6
2021_01_LAC_WAS,202109120was,2021,1,REG,WAS,LAC,Terry McLaurin,McLaTe00,0,0,0,0,118.7
2021_01_LAC_WAS,202109120was,2021,1,REG,WAS,LAC,Antonio Gibson,GibsAn00,1,2,0.4,0,67.1
2021_01_LAC_WAS,202109120was,2021,1,REG,WAS,LAC,Logan Thomas,ThomLo00,0,0,0,0,147.9
2021_01_LAC_WAS,202109120was,2021,1,REG,WAS,LAC,Adam Humphries,HumpAd00,0,0,0,0,87.5
2021_01_LAC_WAS,202109120was,2021,1,REG,WAS,LAC,Dyami Brown,BrowDy00,0,0,0,0,39.6
2021_01_LAC_WAS,202109120was,2021,1,REG,WAS,LAC,Cam Sims,SimsCa00,0,0,0,0,118.7
2021_01_LAC_WAS,202109120was,2021,1,REG,WAS,LAC,J.D. McKissic,McKiJ.00,0,0,0,0,39.6
2021_01_LAC_WAS,202109120was,2021,1,REG,LAC,WAS,Keenan Allen,AlleKe00,1,1,0.077,0,91.8
2021_01_LAC_WAS,202109120was,2021,1,REG,LAC,WAS,Mike Williams,WillMi07,0,2,0.167,0,113.9
2021_01_LAC_WAS,202109120was,2021,1,REG,LAC,WAS,Jared Cook,CookJa02,0,0,0,0,83.3
2021_01_LAC_WAS,202109120was,2021,1,REG,LAC,WAS,Jalen Guyton,GuytJa01,1,1,0.2,0,92.9
2021_01_LAC_WAS,202109120was,2021,1,REG,LAC,WAS,K.J. Hill,HillKJ00,0,0,0,0,108.3
2021_01_LAC_WAS,202109120was,2021,1,REG,LAC,WAS,Stephen Anderson,AndeSt01,0,0,0,1,16.7
2021_01_LAC_WAS,202109120was,2021,1,REG,LAC,WAS,Justin Jackson,JackJu01,0,0,0,0,79.2
2021_01_LAC_WAS,202109120was,2021,1,REG,LAC,WAS,Josh Palmer,PalmJo00,0,0,0,0,118.7
2021_01_LAC_WAS,202109120was,2021,1,REG,LAC,WAS,Donald Parham,ParhDo00,0,0,0,0,39.6
2021_01_CLE_KC,202109120kan,2021,1,REG,CLE,KC,Jarvis Landry,LandJa00,0,0,0,0,118.7
2021_01_CLE_KC,202109120kan,2021,1,REG,CLE,KC,Anthony Schwartz,SchwAn00,0,0,0,0,104.2
2021_01_CLE_KC,202109120kan,2021,1,REG,CLE,KC,David Njoku,NjokDa00,0,0,0,0,104.2
2021_01_CLE_KC,202109120kan,2021,1,REG,CLE,KC,Austin Hooper,HoopAu00,0,0,0,0,104.2
2021_01_CLE_KC,202109120kan,2021,1,REG,CLE,KC,Kareem Hunt,HuntKa00,0,0,0,0,105.6
2021_01_CLE_KC,202109120kan,2021,1,REG,CLE,KC,Nick Chubb,ChubNi00,0,0,0,0,104.2
2021_01_CLE_KC,202109120kan,2021,1,REG,CLE,KC,Harrison Bryant,BryaHa00,0,0,0,1,39.6
2021_01_CLE_KC,202109120kan,2021,1,REG,CLE,KC,Donovan Peoples-Jones,PeopDo00,0,0,0,0,83.3
2021_01_CLE_KC,202109120kan,2021,1,REG,CLE,KC,Andy Janovich,JanoAn00,0,0,0,0,39.6
2021_01_MIA_NE,202109120nwe,2021,1,REG,MIA,NE,Myles Gaskin,GaskMy00,0,0,0,0,89.2
2021_01_MIA_NE,202109120nwe,2021,1,REG,MIA,NE,DeVante Parker,ParkDe01,0,0,0,0,97.9
2021_01_MIA_NE,202109120nwe,2021,1,REG,MIA,NE,Jaylen Waddle,WaddJa00,2,1,0.2,0,157.1
2021_01_MIA_NE,202109120nwe,2021,1,REG,MIA,NE,Salvon Ahmed,AhmeSa01,1,0,0,0,91
2021_01_MIA_NE,202109120nwe,2021,1,REG,MIA,NE,Durham Smythe,SmytDu00,0,1,0.5,0,62.5
2021_01_MIA_NE,202109120nwe,2021,1,REG,MIA,NE,Mike Gesicki,GesiMi00,0,1,0.333,0,39.6
2021_01_MIA_NE,202109120nwe,2021,1,REG,MIA,NE,Albert Wilson,WilsAl02,0,0,0,1,0
2021_01_DEN_NYG,202109120nyg,2021,1,REG,NYG,DEN,Sterling Shepard,ShepSt00,1,0,0,0,155.8
2021_01_DEN_NYG,202109120nyg,2021,1,REG,NYG,DEN,Kenny Golladay,GollKe00,0,0,0,0,102.1
2021_01_DEN_NYG,202109120nyg,2021,1,REG,NYG,DEN,Darius Slayton,SlayDa01,0,2,0.286,0,76.5
2021_01_DEN_NYG,202109120nyg,2021,1,REG,NYG,DEN,Kyle Rudolph,RudoKy00,0,0,0,0,47.9
2021_01_DEN_NYG,202109120nyg,2021,1,REG,NYG,DEN,Kadarius Toney,ToneKa00,0,0,0,0,79.2
2021_01_DEN_NYG,202109120nyg,2021,1,REG,NYG,DEN,Gary Brightwell,BrigGa00,0,0,0,0,91.7
2021_01_DEN_NYG,202109120nyg,2021,1,REG,NYG,DEN,Devontae Booker,BookDe00,0,0,0,0,91.7
2021_01_DEN_NYG,202109120nyg,2021,1,REG,NYG,DEN,C.J. Board,BoarC.00,0,0,0,0,91.7
2021_01_DEN_NYG,202109120nyg,2021,1,REG,NYG,DEN,Saquon Barkley,BarkSa00,0,1,0.333,0,42.4
2021_01_DEN_NYG,202109120nyg,2021,1,REG,NYG,DEN,Elijhaa Penny,PennEl00,0,0,0,0,39.6
2021_01_DEN_NYG,202109120nyg,2021,1,REG,DEN,NYG,Noah Fant,FantNo00,0,0,0,0,96.9
2021_01_DEN_NYG,202109120nyg,2021,1,REG,DEN,NYG,Jerry Jeudy,JeudJe00,0,0,0,0,109.5
2021_01_DEN_NYG,202109120nyg,2021,1,REG,DEN,NYG,Tim Patrick,PatrTi00,0,0,0,0,146.9
2021_01_DEN_NYG,202109120nyg,2021,1,REG,DEN,NYG,Albert Okwuegbunam,OkwuAl00,0,0,0,0,128.5
2021_01_DEN_NYG,202109120nyg,2021,1,REG,DEN,NYG,Melvin Gordon,GordMe00,0,0,0,0,90.3
2021_01_DEN_NYG,202109120nyg,2021,1,REG,DEN,NYG,KJ Hamler,HamlKJ00,0,1,0.25,0,107.3
2021_01_DEN_NYG,202109120nyg,2021,1,REG,DEN,NYG,Javonte Williams,WillJa10,0,0,0,0,79.2
2021_01_DEN_NYG,202109120nyg,2021,1,REG,DEN,NYG,Courtland Sutton,SuttCo00,0,0,0,0,49.3
2021_01_DEN_NYG,202109120nyg,2021,1,REG,DEN,NYG,Eric Saubert,SaubEr00,2,1,0.5,0,58.3
2021_01_CHI_LA,202109120ram,2021,1,REG,CHI,LA,Allen Robinson,RobiAl02,0,1,0.091,0,60.8
2021_01_CHI_LA,202109120ram,2021,1,REG,CHI,LA,Cole Kmet,KmetCo00,1,1,0.143,0,86.6
2021_01_CHI_LA,202109120ram,2021,1,REG,CHI,LA,Darnell Mooney,MoonDa00,0,0,0,1,37.5
2021_01_CHI_LA,202109120ram,2021,1,REG,CHI,LA,Marquise Goodwin,GoodMa00,0,0,0,0,113.5
2021_01_CHI_LA,202109120ram,2021,1,REG,CHI,LA,Damien Williams,WillDa05,1,0,0,0,90
2021_01_CHI_LA,202109120ram,2021,1,REG,CHI,LA,Damiere Byrd,ByrdDa00,1,0,0,0,93.1
2021_01_CHI_LA,202109120ram,2021,1,REG,CHI,LA,Jimmy Graham,GrahJi00,0,0,0,0,66.7
2021_01_CHI_LA,202109120ram,2021,1,REG,CHI,LA,David Montgomery,MontDa01,0,0,0,0,108.3
2021_01_BAL_LV,202109130rai,2021,1,REG,BAL,LV,Marquise Brown,BrowMa04,0,0,0,0,154.2
2021_01_BAL_LV,202109130rai,2021,1,REG,BAL,LV,Sammy Watkins,WatkSa00,0,2,0.25,0,93.7
2021_01_BAL_LV,202109130rai,2021,1,REG,BAL,LV,Mark Andrews,AndrMa00,0,0,0,0,68.7
2021_01_BAL_LV,202109130rai,2021,1,REG,BAL,LV,Ty'Son Williams,WillTy01,0,0,0,0,94.8
2021_01_BAL_LV,202109130rai,2021,1,REG,BAL,LV,Patrick Ricard,RicaPa00,0,0,0,0,78.5
2021_01_BAL_LV,202109130rai,2021,1,REG,BAL,LV,Devin Duvernay,DuveDe00,0,0,0,0,56.2
2021_01_BAL_LV,202109130rai,2021,1,REG,BAL,LV,Josh Oliver,OlivJo00,0,0,0,0,39.6
2021_02_NYG_WAS,202109160was,2021,2,REG,WAS,NYG,Terry McLaurin,McLaTe00,0,0,0,1,92.6
2021_02_NYG_WAS,202109160was,2021,2,REG,WAS,NYG,Adam Humphries,HumpAd00,1,1,0.125,0,89.6
2021_02_NYG_WAS,202109160was,2021,2,REG,WAS,NYG,J.D. McKissic,McKiJ.00,0,0,0,0,118.7
2021_02_NYG_WAS,202109160was,2021,2,REG,WAS,NYG,Logan Thomas,ThomLo00,0,0,0,0,88.4
2021_02_NYG_WAS,202109160was,2021,2,REG,WAS,NYG,Dyami Brown,BrowDy00,0,0,0,0,67.4
2021_02_NYG_WAS,202109160was,2021,2,REG,WAS,NYG,Antonio Gibson,GibsAn00,0,0,0,0,79.2
2021_02_NYG_WAS,202109160was,2021,2,REG,WAS,NYG,Ricky Seals-Jones,SealRi00,0,0,0,0,158.3
2021_02_NYG_WAS,202109160was,2021,2,REG,NYG,WAS,Sterling Shepard,ShepSt00,0,0,0,0,105.8
2021_02_NYG_WAS,202109160was,2021,2,REG,NYG,WAS,Kenny Golladay,GollKe00,0,1,0.125,0,53.1
2021_02_NYG_WAS,202109160was,2021,2,REG,NYG,WAS,Darius Slayton,SlayDa01,0,1,0.167,0,120.8
2021_02_NYG_WAS,202109160was,2021,2,REG,NYG,WAS,Saquon Barkley,BarkSa00,0,1,0.333,0,74.3
2021_02_NYG_WAS,202109160was,2021,2,REG,NYG,WAS,Kyle Rudolph,RudoKy00,0,0,0,0,118.7
2021_02_NYG_WAS,202109160was,2021,2,REG,NYG,WAS,Kaden Smith,SmitKa00,0,0,0,0,116.7
2021_02_NYG_WAS,202109160was,2021,2,REG,NYG,WAS,Devontae Booker,BookDe00,0,0,0,0,79.2
2021_02_NO_CAR,202109190car,2021,2,REG,CAR,NO,D.J. Moore,MoorD.00,0,0,0,0,122.9
2021_02_NO_CAR,202109190car,2021,2,REG,CAR,NO,Christian McCaffrey,McCaCh01,3,0,0,0,111.8
2021_02_NO_CAR,202109190car,2021,2,REG,CAR,NO,Robby Anderson,AndeRo04,1,0,0,0,70.1
2021_02_NO_CAR,202109190car,2021,2,REG,CAR,NO,Dan Arnold,ArnoDa00,0,0,0,0,116.7
2021_02_NO_CAR,202109190car,2021,2,REG,CAR,NO,Terrace Marshall Jr.,MarsTe00,0,0,0,0,90.3
2021_02_NO_CAR,202109190car,2021,2,REG,CAR,NO,Brandon Zylstra,ZylsBr00,1,0,0,0,158.3
2021_02_NO_CAR,202109190car,2021,2,REG,CAR,NO,Ian Thomas,ThomIa00,1,1,0.5,0,58.3
2021_02_NO_CAR,202109190car,2021,2,REG,CAR,NO,Chuba Hubbard,HubbCh01,0,0,0,1,0
2021_02_CIN_CHI,202109190chi,2021,2,REG,CHI,CIN,Darnell Mooney,MoonDa00,1,0,0,0,99
2021_02_CIN_CHI,202109190chi,2021,2,REG,CHI,CIN,David Montgomery,MontDa01,1,0,0,0,83.3
2021_02_CIN_CHI,202109190chi,2021,2,REG,CHI,CIN,Allen Robinson,RobiAl02,1,1,0.25,0,108.3
2021_02_CIN_CHI,202109190chi,2021,2,REG,CHI,CIN,Damien Williams,WillDa05,0,0,0,0,70.1
2021_02_CIN_CHI,202109190chi,2021,2,REG,CHI,CIN,Marquise Goodwin,GoodMa00,0,0,0,1,4.2
2021_02_CIN_CHI,202109190chi,2021,2,REG,CHI,CIN,Cole Kmet,KmetCo00,0,0,0,0,79.2
2021_02_CIN_CHI,202109190chi,2021,2,REG,CIN,CHI,Tyler Boyd,BoydTy00,0,0,0,2,60.9
2021_02_CIN_CHI,202109190chi,2021,2,REG,CIN,CHI,Tee Higgins,HiggTe00,0,0,0,1,70.8
2021_02_CIN_CHI,202109190chi,2021,2,REG,CIN,CHI,Ja'Marr Chase,ChasJa00,0,1,0.25,0,135.4
2021_02_CIN_CHI,202109190chi,2021,2,REG,CIN,CHI,C.J. Uzomah,UzomC.00,1,0,0,0,79.2
2021_02_CIN_CHI,202109190chi,2021,2,REG,CIN,CHI,Chris Evans,EvanCh02,0,0,0,0,118.7
2021_02_CIN_CHI,202109190chi,2021,2,REG,CIN,CHI,Joe Mixon,MixoJo00,0,0,0,0,56.2
2021_02_CIN_CHI,202109190chi,2021,2,REG,CIN,CHI,Samaje Perine,PeriSa00,0,0,0,0,39.6
2021_02_HOU_CLE,202109190cle,2021,2,REG,CLE,HOU,Austin Hooper,HoopAu00,0,0,0,0,100
2021_02_HOU_CLE,202109190cle,2021,2,REG,CLE,HOU,Harrison Bryant,BryaHa00,0,0,0,0,117.7
2021_02_HOU_CLE,202109190cle,2021,2,REG,CLE,HOU,Rashard Higgins,HiggRa00,0,0,0,0,118.7
2021_02_HOU_CLE,202109190cle,2021,2,REG,CLE,HOU,Demetric Felton,FeltDe00,1,0,0,0,158.3
2021_02_HOU_CLE,202109190cle,2021,2,REG,CLE,HOU,David Njoku,NjokDa00,0,0,0,0,82.6
2021_02_HOU_CLE,202109190cle,2021,2,REG,CLE,HOU,Kareem Hunt,HuntKa00,0,0,0,0,79.2
2021_02_HOU_CLE,202109190cle,2021,2,REG,CLE,HOU,Jarvis Landry,LandJa00,0,0,0,0,104.2
2021_02_HOU_CLE,202109190cle,2021,2,REG,CLE,HOU,Nick Chubb,ChubNi00,0,0,0,0,79.2
2021_02_HOU_CLE,202109190cle,2021,2,REG,CLE,HOU,Donovan Peoples-Jones,PeopDo00,0,0,0,0,118.7
2021_02_HOU_CLE,202109190cle,2021,2,REG,CLE,HOU,Anthony Schwartz,SchwAn00,0,0,0,1,0
2021_02_HOU_CLE,202109190cle,2021,2,REG,HOU,CLE,Brandin Cooks,CookBr00,0,1,0.071,0,102.7
2021_02_HOU_CLE,202109190cle,2021,2,REG,HOU,CLE,David Johnson,JohnDa08,0,0,0,0,112.5
2021_02_HOU_CLE,202109190cle,2021,2,REG,HOU,CLE,Danny Amendola,AmenDa00,0,0,0,0,104.2
2021_02_HOU_CLE,202109190cle,2021,2,REG,HOU,CLE,Andre Roberts,RobeAn00,0,0,0,1,56.2
2021_02_HOU_CLE,202109190cle,2021,2,REG,HOU,CLE,Phillip Lindsay,LindPh00,0,0,0,0,158.3
2021_02_HOU_CLE,202109190cle,2021,2,REG,HOU,CLE,Nico Collins,CollNi00,0,0,0,0,118.7
2021_02_HOU_CLE,202109190cle,2021,2,REG,HOU,CLE,Chris Conley,ConlCh00,0,0,0,0,70.8
2021_02_HOU_CLE,202109190cle,2021,2,REG,HOU,CLE,Mark Ingram,IngrMa01,0,0,0,0,56.2
2021_02_HOU_CLE,202109190cle,2021,2,REG,HOU,CLE,Jordan Akins,AkinJo00,0,1,0.5,0,79.2
2021_02_HOU_CLE,202109190cle,2021,2,REG,HOU,CLE,Pharaoh Brown,BrowPh01,0,0,0,0,39.6
2021_02_LA_IND,202109190clt,2021,2,REG,IND,LA,Michael Pittman Jr.,PittMi01,0,0,0,0,100.3
2021_02_LA_IND,202109190clt,2021,2,REG,IND,LA,Jack Doyle,DoylJa00,0,0,0,2,47.9
2021_02_LA_IND,202109190clt,2021,2,REG,IND,LA,Zach Pascal,PascZa00,0,1,0.167,0,132.6
2021_02_LA_IND,202109190clt,2021,2,REG,IND,LA,Mo Alie-Cox,AlieMo00,1,0,0,0,81.2
2021_02_LA_IND,202109190clt,2021,2,REG,IND,LA,Ashton Dulin,DuliAs00,0,0,0,0,64.6
2021_02_LA_IND,202109190clt,2021,2,REG,IND,LA,Nyheim Hines,HineNy00,0,1,0.5,0,79.2
2021_02_LA_IND,202109190clt,2021,2,REG,IND,LA,Jonathan Taylor,TaylJo02,0,0,0,0,79.2
2021_02_LA_IND,202109190clt,2021,2,REG,IND,LA,Marlon Mack,MackMa00,0,0,0,0,39.6
2021_02_LA_IND,202109190clt,2021,2,REG,IND,LA,Mike Strachan,StraMi03,0,0,0,0,39.6
2021_02_DEN_JAX,202109190jax,2021,2,REG,JAX,DEN,Marvin Jones,JoneMa02,0,0,0,0,98.7
2021_02_DEN_JAX,202109190jax,2021,2,REG,JAX,DEN,James Robinson,RobiJa00,0,0,0,0,90.3
2021_02_DEN_JAX,202109190jax,2021,2,REG,JAX,DEN,Laviska Shenault Jr.,ShenLa00,0,0,0,0,39.6
2021_02_DEN_JAX,202109190jax,2021,2,REG,JAX,DEN,James O'Shaughnessy,O'ShJa00,0,0,0,0,118.7
2021_02_DEN_JAX,202109190jax,2021,2,REG,JAX,DEN,Luke Farrell,FarrLu00,0,0,0,1,16.7
2021_02_DEN_JAX,202109190jax,2021,2,REG,JAX,DEN,DJ Chark,CharDJ00,0,0,0,0,46.9
2021_02_DEN_JAX,202109190jax,2021,2,REG,JAX,DEN,Tyron Johnson,JohnTy03,0,0,0,1,0
2021_02_DEN_JAX,202109190jax,2021,2,REG,JAX,DEN,Chris Manhertz,ManhCh00,0,0,0,0,39.6
2021_02_DEN_JAX,202109190jax,2021,2,REG,JAX,DEN,Carlos Hyde,HydeCa00,0,0,0,0,39.6
2021_02_DEN_JAX,202109190jax,2021,2,REG,JAX,DEN,Laquon Treadwell,TreaLa00,0,0,0,0,39.6
2021_02_DEN_JAX,202109190jax,2021,2,REG,DEN,JAX,Courtland Sutton,SuttCo00,0,0,0,0,116.7
2021_02_DEN_JAX,202109190jax,2021,2,REG,DEN,JAX,Noah Fant,FantNo00,0,0,0,0,120.1
2021_02_DEN_JAX,202109190jax,2021,2,REG,DEN,JAX,Albert Okwuegbunam,OkwuAl00,0,0,0,0,91.7
2021_02_DEN_JAX,202109190jax,2021,2,REG,DEN,JAX,Tim Patrick,PatrTi00,0,0,0,0,142.7
2021_02_DEN_JAX,202109190jax,2021,2,REG,DEN,JAX,Melvin Gordon,GordMe00,1,0,0,0,118.7
2021_02_DEN_JAX,202109190jax,2021,2,REG,DEN,JAX,Javonte Williams,WillJa10,0,0,0,0,108.3
2021_02_DEN_JAX,202109190jax,2021,2,REG,DEN,JAX,Eric Saubert,SaubEr00,0,0,0,0,95.8
2021_02_DEN_JAX,202109190jax,2021,2,REG,DEN,JAX,Kendall Hinton,HintKe00,0,0,0,0,118.7
2021_02_DEN_JAX,202109190jax,2021,2,REG,DEN,JAX,KJ Hamler,HamlKJ00,0,0,0,0,42.4
2021_02_BUF_MIA,202109190mia,2021,2,REG,MIA,BUF,Jaylen Waddle,WaddJa00,0,1,0.125,0,89.6
2021_02_BUF_MIA,202109190mia,2021,2,REG,MIA,BUF,DeVante Parker,ParkDe01,1,1,0.111,0,67.8
2021_02_BUF_MIA,202109190mia,2021,2,REG,MIA,BUF,Myles Gaskin,GaskMy00,1,0,0,0,84.2
2021_02_BUF_MIA,202109190mia,2021,2,REG,MIA,BUF,Albert Wilson,WilsAl02,0,2,0.333,0,71.5
2021_02_BUF_MIA,202109190mia,2021,2,REG,MIA,BUF,Mike Gesicki,GesiMi00,0,0,0,1,32.6
2021_02_BUF_MIA,202109190mia,2021,2,REG,MIA,BUF,Jakeem Grant,GranJa00,0,0,0,0,79.2
2021_02_BUF_MIA,202109190mia,2021,2,REG,MIA,BUF,Cethan Carter,CartCe00,0,0,0,0,100
2021_02_BUF_MIA,202109190mia,2021,2,REG,MIA,BUF,Preston Williams,WillPr01,2,0,0,0,42.4
2021_02_BUF_MIA,202109190mia,2021,2,REG,MIA,BUF,Salvon Ahmed,AhmeSa01,0,1,0.333,0,39.6
2021_02_BUF_MIA,202109190mia,2021,2,REG,BUF,MIA,Cole Beasley,BeasCo00,0,0,0,0,104.2
2021_02_BUF_MIA,202109190mia,2021,2,REG,BUF,MIA,Stefon Diggs,DiggSt00,0,0,0,1,75
2021_02_BUF_MIA,202109190mia,2021,2,REG,BUF,MIA,Devin Singletary,SingDe00,1,0,0,0,70.1
2021_02_BUF_MIA,202109190mia,2021,2,REG,BUF,MIA,Emmanuel Sanders,SandEm00,0,0,0,0,63.2
2021_02_BUF_MIA,202109190mia,2021,2,REG,BUF,MIA,Zack Moss,MossZa00,0,0,0,0,83.3
2021_02_BUF_MIA,202109190mia,2021,2,REG,BUF,MIA,Dawson Knox,KnoxDa00,0,0,0,0,120.8
2021_02_BUF_MIA,202109190mia,2021,2,REG,BUF,MIA,Isaiah McKenzie,McKeIs00,0,0,0,0,56.2
2021_02_BUF_MIA,202109190mia,2021,2,REG,BUF,MIA,Jake Kumerow,KumeJa00,0,0,0,0,39.6
2021_02_NE_NYJ,202109190nyj,2021,2,REG,NYJ,NE,Braxton Berrios,BerrBr00,0,0,0,0,82.8
2021_02_NE_NYJ,202109190nyj,2021,2,REG,NYJ,NE,Elijah Moore,MoorEl00,0,0,0,2,28.6
2021_02_NE_NYJ,202109190nyj,2021,2,REG,NYJ,NE,Michael Carter,CartMi03,2,0,0,0,97.9
2021_02_NE_NYJ,202109190nyj,2021,2,REG,NYJ,NE,Corey Davis,DaviCo03,0,0,0,2,8.3
2021_02_NE_NYJ,202109190nyj,2021,2,REG,NYJ,NE,Ryan Griffin,GrifRy00,0,0,0,0,87.5
2021_02_NE_NYJ,202109190nyj,2021,2,REG,NYJ,NE,Tyler Kroft,KrofTy00,0,0,0,0,60.4
2021_02_NE_NYJ,202109190nyj,2021,2,REG,NYJ,NE,Jeff Smith,SmitJe03,0,0,0,0,95.8
2021_02_SF_PHI,202109190phi,2021,2,REG,PHI,SF,Quez Watkins,WatkQu00,1,0,0,0,118.7
2021_02_SF_PHI,202109190phi,2021,2,REG,PHI,SF,DeVonta Smith,SmitDe07,0,0,0,0,39.6
2021_02_SF_PHI,202109190phi,2021,2,REG,PHI,SF,Jalen Reagor,ReagJa00,1,0,0,0,47.9
2021_02_SF_PHI,202109190phi,2021,2,REG,PHI,SF,Dallas Goedert,GoedDa00,1,0,0,0,116.7
2021_02_SF_PHI,202109190phi,2021,2,REG,PHI,SF,Kenneth Gainwell,GainKe00,1,0,0,0,82.6
2021_02_SF_PHI,202109190phi,2021,2,REG,PHI,SF,Miles Sanders,SandMi01,0,0,0,0,56.2
2021_02_SF_PHI,202109190phi,2021,2,REG,PHI,SF,Zach Ertz,ErtzZa00,0,0,0,0,56.2
2021_02_SF_PHI,202109190phi,2021,2,REG,PHI,SF,Jalen Hurts,HurtJa00,0,0,0,0,39.6
2021_02_LV_PIT,202109190pit,2021,2,REG,PIT,LV,Diontae Johnson,JohnDi01,0,0,0,1,66.3
2021_02_LV_PIT,202109190pit,2021,2,REG,PIT,LV,JuJu Smith-Schuster,SmitJu00,2,0,0,0,91.1
2021_02_LV_PIT,202109190pit,2021,2,REG,PIT,LV,Najee Harris,HarrNa00,2,0,0,0,142.1
2021_02_LV_PIT,202109190pit,2021,2,REG,PIT,LV,Pat Freiermuth,FreiPa00,0,0,0,0,104.2
2021_02_LV_PIT,202109190pit,2021,2,REG,PIT,LV,Chase Claypool,ClayCh01,0,0,0,0,62.3
2021_02_LV_PIT,202109190pit,2021,2,REG,PIT,LV,Eric Ebron,EbroEr00,0,0,0,0,39.6
2021_02_LV_PIT,202109190pit,2021,2,REG,PIT,LV,James Washington,WashJa00,0,1,1,0,39.6
2021_02_MIN_ARI,202109190crd,2021,2,REG,ARI,MIN,Rondale Moore,MoorRo02,1,0,0,1,118.7
2021_02_MIN_ARI,202109190crd,2021,2,REG,ARI,MIN,Maxx Williams,WillMa04,0,0,0,0,118.7
2021_02_MIN_ARI,202109190crd,2021,2,REG,ARI,MIN,Chase Edmonds,EdmoCh00,0,0,0,0,90.8
2021_02_MIN_ARI,202109190crd,2021,2,REG,ARI,MIN,DeAndre Hopkins,HopkDe00,0,0,0,0,158.3
2021_02_MIN_ARI,202109190crd,2021,2,REG,ARI,MIN,A.J. Green,GreeA.00,1,1,0.167,0,113.9
2021_02_MIN_ARI,202109190crd,2021,2,REG,ARI,MIN,Christian Kirk,KirkCh01,0,0,0,1,77.1
2021_02_MIN_ARI,202109190crd,2021,2,REG,MIN,ARI,Justin Jefferson,JeffJu00,0,2,0.2,0,112.5
2021_02_MIN_ARI,202109190crd,2021,2,REG,MIN,ARI,Adam Thielen,ThieAd00,0,0,0,0,129.5
2021_02_MIN_ARI,202109190crd,2021,2,REG,MIN,ARI,K.J. Osborn,OsboKJ00,0,0,0,0,158.3
2021_02_MIN_ARI,202109190crd,2021,2,REG,MIN,ARI,Tyler Conklin,ConkTy00,0,0,0,0,59.4
2021_02_MIN_ARI,202109190crd,2021,2,REG,MIN,ARI,Dalvin Cook,CookDa01,0,1,0.333,0,81.2
2021_02_MIN_ARI,202109190crd,2021,2,REG,MIN,ARI,Alexander Mattison,MattAl01,1,0,0,0,118.7
2021_02_MIN_ARI,202109190crd,2021,2,REG,MIN,ARI,Ameer Abdullah,AbduAm00,0,0,0,0,39.6
2021_02_ATL_TB,202109190tam,2021,2,REG,ATL,TB,Mike Davis,DaviMi01,2,0,0,0,81.5
2021_02_ATL_TB,202109190tam,2021,2,REG,ATL,TB,Calvin Ridley,RidlCa00,0,0,0,0,120
2021_02_ATL_TB,202109190tam,2021,2,REG,ATL,TB,Kyle Pitts,PittKy00,0,0,0,0,117.4
2021_02_ATL_TB,202109190tam,2021,2,REG,ATL,TB,Russell Gage,GageRu00,0,0,0,2,38.7
2021_02_ATL_TB,202109190tam,2021,2,REG,ATL,TB,Cordarrelle Patterson,PattCo00,2,0,0,1,96.1
2021_02_ATL_TB,202109190tam,2021,2,REG,ATL,TB,Olamide Zaccheaus,ZaccOl01,0,0,0,0,66.7
2021_02_ATL_TB,202109190tam,2021,2,REG,ATL,TB,Christian Blake,BlakCh00,0,0,0,0,100
2021_02_ATL_TB,202109190tam,2021,2,REG,ATL,TB,Lee Smith,SmitLe00,0,0,0,0,104.2
2021_02_ATL_TB,202109190tam,2021,2,REG,ATL,TB,Tajae Sharpe,SharTa00,0,0,0,0,60.4
2021_02_ATL_TB,202109190tam,2021,2,REG,ATL,TB,Hayden Hurst,HursHa00,0,0,0,0,91.7
2021_02_ATL_TB,202109190tam,2021,2,REG,ATL,TB,Parker Hesse,HessPa00,0,0,0,0,39.6
2021_02_ATL_TB,202109190tam,2021,2,REG,ATL,TB,Keith Smith,SmitKe03,0,1,1,0,39.6
2021_02_DAL_LAC,202109190sdg,2021,2,REG,LAC,DAL,Austin Ekeler,EkelAu00,1,0,0,0,94.9
2021_02_DAL_LAC,202109190sdg,2021,2,REG,LAC,DAL,Mike Williams,WillMi07,1,0,0,0,131.7
2021_02_DAL_LAC,202109190sdg,2021,2,REG,LAC,DAL,Keenan Allen,AlleKe00,0,2,0.25,2,56.2
2021_02_DAL_LAC,202109190sdg,2021,2,REG,LAC,DAL,Jared Cook,CookJa02,0,1,0.2,0,75.4
2021_02_DAL_LAC,202109190sdg,2021,2,REG,LAC,DAL,Stephen Anderson,AndeSt01,0,0,0,0,85.4
2021_02_DAL_LAC,202109190sdg,2021,2,REG,LAC,DAL,Jalen Guyton,GuytJa01,0,0,0,0,93.7
2021_02_DAL_LAC,202109190sdg,2021,2,REG,LAC,DAL,Josh Palmer,PalmJo00,0,0,0,0,110.4
2021_02_DAL_LAC,202109190sdg,2021,2,REG,LAC,DAL,Justin Jackson,JackJu01,0,0,0,0,100
2021_02_DAL_LAC,202109190sdg,2021,2,REG,LAC,DAL,Larry Rountree,RounLa00,0,0,0,0,79.2
2021_02_DAL_LAC,202109190sdg,2021,2,REG,DAL,LAC,CeeDee Lamb,LambCe00,1,0,0,1,64.6
2021_02_DAL_LAC,202109190sdg,2021,2,REG,DAL,LAC,Amari Cooper,CoopAm00,0,0,0,0,72.1
2021_02_DAL_LAC,202109190sdg,2021,2,REG,DAL,LAC,Blake Jarwin,JarwBl00,0,0,0,0,103.1
2021_02_DAL_LAC,202109190sdg,2021,2,REG,DAL,LAC,Tony Pollard,PollTo00,1,0,0,0,109.7
2021_02_DAL_LAC,202109190sdg,2021,2,REG,DAL,LAC,Ezekiel Elliott,ElliEz00,0,0,0,0,118.7
2021_02_DAL_LAC,202109190sdg,2021,2,REG,DAL,LAC,Dalton Schultz,SchuDa00,0,0,0,0,104.2
2021_02_DAL_LAC,202109190sdg,2021,2,REG,DAL,LAC,Cedrick Wilson Jr.,WilsCe01,0,0,0,0,108.3
2021_02_TEN_SEA,202109190sea,2021,2,REG,SEA,TEN,Tyler Lockett,LockTy00,0,0,0,0,145.1
2021_02_TEN_SEA,202109190sea,2021,2,REG,SEA,TEN,D.K. Metcalf,MetcDK00,1,0,0,0,67.6
2021_02_TEN_SEA,202109190sea,2021,2,REG,SEA,TEN,Freddie Swain,SwaiFr00,0,0,0,0,158.3
2021_02_TEN_SEA,202109190sea,2021,2,REG,SEA,TEN,Travis Homer,HomeTr00,0,0,0,0,95.8
2021_02_TEN_SEA,202109190sea,2021,2,REG,SEA,TEN,Gerald Everett,EverGe00,0,0,0,0,56.2
2021_02_TEN_SEA,202109190sea,2021,2,REG,TEN,SEA,Derrick Henry,HenrDe00,0,0,0,0,104.9
2021_02_TEN_SEA,202109190sea,2021,2,REG,TEN,SEA,Julio Jones,JoneJu02,0,1,0.125,0,116.7
2021_02_TEN_SEA,202109190sea,2021,2,REG,TEN,SEA,A.J. Brown,BrowAJ00,0,3,0.333,0,49.8
2021_02_TEN_SEA,202109190sea,2021,2,REG,TEN,SEA,Jeremy McNichols,McNiJe00,0,0,0,0,102.8
2021_02_TEN_SEA,202109190sea,2021,2,REG,TEN,SEA,MyCole Pruitt,PruiMy00,0,0,0,0,118.7
2021_02_TEN_SEA,202109190sea,2021,2,REG,TEN,SEA,Chester Rogers,RogeCh02,0,1,0.2,0,53.7
2021_02_TEN_SEA,202109190sea,2021,2,REG,TEN,SEA,Geoff Swaim,SwaiGe00,0,0,0,0,87.5
2021_02_TEN_SEA,202109190sea,2021,2,REG,TEN,SEA,Tommy Hudson,HudsTo00,0,0,0,0,72.9
2021_02_TEN_SEA,202109190sea,2021,2,REG,TEN,SEA,Nick Westbrook-Ikhine,WestNi00,0,0,0,0,91.7
2021_02_KC_BAL,202109190rav,2021,2,REG,BAL,KC,Marquise Brown,BrowMa04,1,0,0,1,92.9
2021_02_KC_BAL,202109190rav,2021,2,REG,BAL,KC,Mark Andrews,AndrMa00,0,0,0,0,114.2
2021_02_KC_BAL,202109190rav,2021,2,REG,BAL,KC,Sammy Watkins,WatkSa00,0,1,0.143,1,36.3
2021_02_KC_BAL,202109190rav,2021,2,REG,BAL,KC,Ty'Son Williams,WillTy01,0,0,0,0,100
2021_02_KC_BAL,202109190rav,2021,2,REG,BAL,KC,Josh Oliver,OlivJo00,0,0,0,0,104.2
2021_02_DET_GB,202109200gnb,2021,2,REG,DET,GB,T.J. Hockenson,HockTJ00,0,0,0,0,134.3
2021_02_DET_GB,202109200gnb,2021,2,REG,DET,GB,Quintez Cephus,CephQu00,0,0,0,0,126.8
2021_02_DET_GB,202109200gnb,2021,2,REG,DET,GB,D'Andre Swift,SwifDA00,0,0,0,0,100.8
2021_02_DET_GB,202109200gnb,2021,2,REG,DET,GB,Amon-Ra St. Brown,StxxAm00,0,0,0,0,67.1
2021_02_DET_GB,202109200gnb,2021,2,REG,DET,GB,Jamaal Williams,WillJa06,0,0,0,0,83.3
2021_02_DET_GB,202109200gnb,2021,2,REG,DET,GB,Kalif Raymond,RaymKa00,0,0,0,0,104.2
2021_02_DET_GB,202109200gnb,2021,2,REG,DET,GB,Trinity Benson,BensTr00,0,0,0,1,23.6
2021_02_DET_GB,202109200gnb,2021,2,REG,DET,GB,Jason Cabinda,CabiJa00,0,0,0,0,83.3
2021_03_CAR_HOU,202109230htx,2021,3,REG,HOU,CAR,Brandin Cooks,CookBr00,0,0,0,0,109.1
2021_03_CAR_HOU,202109230htx,2021,3,REG,HOU,CAR,Jordan Akins,AkinJo00,1,1,0.2,0,93.3
2021_03_CAR_HOU,202109230htx,2021,3,REG,HOU,CAR,Anthony Miller,MillAn02,0,0,0,0,111.1
2021_03_CAR_HOU,202109230htx,2021,3,REG,HOU,CAR,Rex Burkhead,BurkRe00,0,0,0,0,87.5
2021_03_CAR_HOU,202109230htx,2021,3,REG,HOU,CAR,Mark Ingram,IngrMa01,0,0,0,0,79.2
2021_03_CAR_HOU,202109230htx,2021,3,REG,HOU,CAR,Chris Conley,ConlCh00,0,0,0,0,39.6
2021_03_CAR_HOU,202109230htx,2021,3,REG,CAR,HOU,D.J. Moore,MoorD.00,2,1,0.083,0,101.4
2021_03_CAR_HOU,202109230htx,2021,3,REG,CAR,HOU,Terrace Marshall Jr.,MarsTe00,1,0,0,0,106.7
2021_03_CAR_HOU,202109230htx,2021,3,REG,CAR,HOU,Chuba Hubbard,HubbCh01,1,2,0.4,0,74.6
2021_03_CAR_HOU,202109230htx,2021,3,REG,CAR,HOU,Dan Arnold,ArnoDa00,0,0,0,0,67.7
2021_03_CAR_HOU,202109230htx,2021,3,REG,CAR,HOU,Christian McCaffrey,McCaCh01,1,0,0,0,85.4
2021_03_CAR_HOU,202109230htx,2021,3,REG,CAR,HOU,Robby Anderson,AndeRo04,0,1,0.5,0,60.4
2021_03_CAR_HOU,202109230htx,2021,3,REG,CAR,HOU,Alex Erickson,EricAl01,0,0,0,0,118.7
2021_03_CAR_HOU,202109230htx,2021,3,REG,CAR,HOU,Royce Freeman,FreeRo00,0,0,0,0,100
2021_03_CAR_HOU,202109230htx,2021,3,REG,CAR,HOU,Tommy Tremble,TremTo00,0,0,0,0,118.7
2021_03_WAS_BUF,202109260buf,2021,3,REG,BUF,WAS,Cole Beasley,BeasCo00,0,0,0,0,98.1
2021_03_WAS_BUF,202109260buf,2021,3,REG,BUF,WAS,Stefon Diggs,DiggSt00,0,1,0.1,0,77.9
2021_03_WAS_BUF,202109260buf,2021,3,REG,BUF,WAS,Emmanuel Sanders,SandEm00,0,0,0,0,158.3
2021_03_WAS_BUF,202109260buf,2021,3,REG,BUF,WAS,Dawson Knox,KnoxDa00,1,1,0.2,0,147.1
2021_03_WAS_BUF,202109260buf,2021,3,REG,BUF,WAS,Zack Moss,MossZa00,1,0,0,0,149.3
2021_03_WAS_BUF,202109260buf,2021,3,REG,BUF,WAS,Tommy Sweeney,SweeTo00,0,0,0,0,79.2
2021_03_WAS_BUF,202109260buf,2021,3,REG,BUF,WAS,Gabriel Davis,DaviGa01,0,0,0,0,118.7
2021_03_WAS_BUF,202109260buf,2021,3,REG,BUF,WAS,Devin Singletary,SingDe00,0,1,0.5,0,56.2
2021_03_WAS_BUF,202109260buf,2021,3,REG,BUF,WAS,Reggie Gilliam,GillRe00,0,0,0,0,39.6
2021_03_WAS_BUF,202109260buf,2021,3,REG,WAS,BUF,Logan Thomas,ThomLo00,1,0,0,0,150
2021_03_WAS_BUF,202109260buf,2021,3,REG,WAS,BUF,Terry McLaurin,McLaTe00,1,0,0,1,47
2021_03_WAS_BUF,202109260buf,2021,3,REG,WAS,BUF,J.D. McKissic,McKiJ.00,0,0,0,0,97.9
2021_03_WAS_BUF,202109260buf,2021,3,REG,WAS,BUF,Cam Sims,SimsCa00,0,1,0.5,0,75
2021_03_WAS_BUF,202109260buf,2021,3,REG,WAS,BUF,Antonio Gibson,GibsAn00,1,1,0.5,0,135.4
2021_03_WAS_BUF,202109260buf,2021,3,REG,WAS,BUF,Taylor Heinicke,HeinTa00,0,0,0,0,79.2
2021_03_WAS_BUF,202109260buf,2021,3,REG,WAS,BUF,Adam Humphries,HumpAd00,0,0,0,1,0
2021_03_WAS_BUF,202109260buf,2021,3,REG,WAS,BUF,Dyami Brown,BrowDy00,0,1,0.5,0,39.6
2021_03_CHI_CLE,202109260cle,2021,3,REG,CLE,CHI,Kareem Hunt,HuntKa00,0,0,0,0,110.7
2021_03_CHI_CLE,202109260cle,2021,3,REG,CLE,CHI,Odell Beckham Jr.,BeckOd00,0,0,0,0,84
2021_03_CHI_CLE,202109260cle,2021,3,REG,CLE,CHI,Demetric Felton,FeltDe00,0,0,0,0,75.7
2021_03_CHI_CLE,202109260cle,2021,3,REG,CLE,CHI,Rashard Higgins,HiggRa00,0,0,0,0,116.7
2021_03_CHI_CLE,202109260cle,2021,3,REG,CLE,CHI,Austin Hooper,HoopAu00,0,0,0,0,123.6
2021_03_CHI_CLE,202109260cle,2021,3,REG,CLE,CHI,Donovan Peoples-Jones,PeopDo00,0,0,0,0,118.7
2021_03_CHI_CLE,202109260cle,2021,3,REG,CLE,CHI,Harrison Bryant,BryaHa00,0,0,0,0,39.6
2021_03_CHI_CLE,202109260cle,2021,3,REG,CLE,CHI,Anthony Schwartz,SchwAn00,0,0,0,0,39.6
2021_03_CHI_CLE,202109260cle,2021,3,REG,CHI,CLE,David Montgomery,MontDa01,0,0,0,0,65.6
2021_03_CHI_CLE,202109260cle,2021,3,REG,CHI,CLE,Allen Robinson,RobiAl02,0,0,0,0,48.6
2021_03_CHI_CLE,202109260cle,2021,3,REG,CHI,CLE,Cole Kmet,KmetCo00,0,0,0,0,39.6
2021_03_CHI_CLE,202109260cle,2021,3,REG,CHI,CLE,Darnell Mooney,MoonDa00,0,0,0,0,39.6
2021_03_CHI_CLE,202109260cle,2021,3,REG,CHI,CLE,Marquise Goodwin,GoodMa00,0,0,0,0,39.6
2021_03_CHI_CLE,202109260cle,2021,3,REG,CHI,CLE,Jimmy Graham,GrahJi00,0,0,0,0,39.6
2021_03_BAL_DET,202109260det,2021,3,REG,DET,BAL,D'Andre Swift,SwifDA00,1,0,0,0,102.4
2021_03_BAL_DET,202109260det,2021,3,REG,DET,BAL,Kalif Raymond,RaymKa00,0,0,0,0,80.4
2021_03_BAL_DET,202109260det,2021,3,REG,DET,BAL,Darren Fells,FellDa01,0,0,0,0,106.2
2021_03_BAL_DET,202109260det,2021,3,REG,DET,BAL,T.J. Hockenson,HockTJ00,0,0,0,0,87.5
2021_03_BAL_DET,202109260det,2021,3,REG,DET,BAL,Jamaal Williams,WillJa06,0,0,0,0,118.7
2021_03_BAL_DET,202109260det,2021,3,REG,DET,BAL,Quintez Cephus,CephQu00,0,0,0,0,100
2021_03_BAL_DET,202109260det,2021,3,REG,DET,BAL,KhaDarel Hodge,HodgKh00,0,0,0,0,104.2
2021_03_BAL_DET,202109260det,2021,3,REG,DET,BAL,Amon-Ra St. Brown,StxxAm00,0,0,0,0,79.2
2021_03_BAL_DET,202109260det,2021,3,REG,DET,BAL,Trinity Benson,BensTr00,0,1,1,0,39.6
2021_03_BAL_DET,202109260det,2021,3,REG,BAL,DET,Mark Andrews,AndrMa00,0,0,0,0,113.7
2021_03_BAL_DET,202109260det,2021,3,REG,BAL,DET,Sammy Watkins,WatkSa00,0,0,0,0,90.2
2021_03_BAL_DET,202109260det,2021,3,REG,BAL,DET,Marquise Brown,BrowMa04,0,2,0.286,1,29.8
2021_03_BAL_DET,202109260det,2021,3,REG,BAL,DET,Devin Duvernay,DuveDe00,0,0,0,0,127.8
2021_03_BAL_DET,202109260det,2021,3,REG,BAL,DET,Josh Oliver,OlivJo00,0,0,0,0,91.7
2021_03_BAL_DET,202109260det,2021,3,REG,BAL,DET,James Proche,ProcJa00,0,0,0,0,118.7
2021_03_BAL_DET,202109260det,2021,3,REG,BAL,DET,Ty'Son Williams,WillTy01,0,0,0,0,39.6
2021_03_ARI_JAX,202109260jax,2021,3,REG,JAX,ARI,Marvin Jones,JoneMa02,0,0,0,0,96.9
2021_03_ARI_JAX,202109260jax,2021,3,REG,JAX,ARI,James Robinson,RobiJa00,0,0,0,0,98.6
2021_03_ARI_JAX,202109260jax,2021,3,REG,JAX,ARI,Laviska Shenault Jr.,ShenLa00,0,0,0,0,116.7
2021_03_ARI_JAX,202109260jax,2021,3,REG,JAX,ARI,DJ Chark,CharDJ00,0,0,0,0,117.4
2021_03_ARI_JAX,202109260jax,2021,3,REG,JAX,ARI,Jacob Hollister,HollJa03,0,1,0.167,2,2.8
2021_03_ARI_JAX,202109260jax,2021,3,REG,JAX,ARI,Luke Farrell,FarrLu00,0,0,0,0,79.2
2021_03_ARI_JAX,202109260jax,2021,3,REG,JAX,ARI,Phillip Dorsett,DorsPh00,0,0,0,0,39.6
2021_03_ARI_JAX,202109260jax,2021,3,REG,ARI,JAX,Chase Edmonds,EdmoCh00,1,0,0,0,92.2
2021_03_ARI_JAX,202109260jax,2021,3,REG,ARI,JAX,Christian Kirk,KirkCh01,0,0,0,1,79.2
2021_03_ARI_JAX,202109260jax,2021,3,REG,ARI,JAX,A.J. Green,GreeA.00,0,0,0,0,118.7
2021_03_ARI_JAX,202109260jax,2021,3,REG,ARI,JAX,DeAndre Hopkins,HopkDe00,0,0,0,0,58.3
2021_03_ARI_JAX,202109260jax,2021,3,REG,ARI,JAX,Maxx Williams,WillMa04,0,0,0,0,93.1
2021_03_ARI_JAX,202109260jax,2021,3,REG,ARI,JAX,Rondale Moore,MoorRo02,0,0,0,0,79.2
2021_03_ARI_JAX,202109260jax,2021,3,REG,ARI,JAX,James Conner,ConnJa00,0,0,0,0,108.3
2021_03_LAC_KC,202109260kan,2021,3,REG,LAC,KC,Keenan Allen,AlleKe00,0,0,0,0,102.8
2021_03_LAC_KC,202109260kan,2021,3,REG,LAC,KC,Mike Williams,WillMi07,0,1,0.111,0,158.3
2021_03_LAC_KC,202109260kan,2021,3,REG,LAC,KC,Austin Ekeler,EkelAu00,0,0,0,0,142.4
2021_03_LAC_KC,202109260kan,2021,3,REG,LAC,KC,Jared Cook,CookJa02,0,1,0.333,0,95.1
2021_03_LAC_KC,202109260kan,2021,3,REG,LAC,KC,Gabe Nabers,NabeGa00,0,0,0,0,89.6
2021_03_LAC_KC,202109260kan,2021,3,REG,LAC,KC,Donald Parham,ParhDo00,0,0,0,0,118.7
2021_03_LAC_KC,202109260kan,2021,3,REG,LAC,KC,Larry Rountree,RounLa00,0,1,1,0,39.6
2021_03_LAC_KC,202109260kan,2021,3,REG,LAC,KC,Jalen Guyton,GuytJa01,0,0,0,0,39.6
2021_03_ATL_NYG,202109260nyg,2021,3,REG,NYG,ATL,Saquon Barkley,BarkSa00,0,1,0.143,0,92.3
2021_03_ATL_NYG,202109260nyg,2021,3,REG,NYG,ATL,Collin Johnson,JohnCo01,2,0,0,0,92
2021_03_ATL_NYG,202109260nyg,2021,3,REG,NYG,ATL,Kenny Golladay,GollKe00,1,0,0,0,118.7
2021_03_ATL_NYG,202109260nyg,2021,3,REG,NYG,ATL,Sterling Shepard,ShepSt00,0,1,0.333,0,79.9
2021_03_ATL_NYG,202109260nyg,2021,3,REG,NYG,ATL,Evan Engram,EngrEv00,0,0,0,0,44.4
2021_03_ATL_NYG,202109260nyg,2021,3,REG,NYG,ATL,Kadarius Toney,ToneKa00,0,0,0,0,79.9
2021_03_ATL_NYG,202109260nyg,2021,3,REG,NYG,ATL,Darius Slayton,SlayDa01,0,0,0,0,100
2021_03_ATL_NYG,202109260nyg,2021,3,REG,NYG,ATL,Kaden Smith,SmitKa00,0,0,0,0,104.2
2021_03_ATL_NYG,202109260nyg,2021,3,REG,NYG,ATL,C.J. Board,BoarC.00,0,0,0,0,95.8
2021_03_ATL_NYG,202109260nyg,2021,3,REG,ATL,NYG,Calvin Ridley,RidlCa00,0,0,0,0,85.8
2021_03_ATL_NYG,202109260nyg,2021,3,REG,ATL,NYG,Cordarrelle Patterson,PattCo00,1,0,0,0,115.5
2021_03_ATL_NYG,202109260nyg,2021,3,REG,ATL,NYG,Mike Davis,DaviMi01,1,0,0,0,87.5
2021_03_ATL_NYG,202109260nyg,2021,3,REG,ATL,NYG,Olamide Zaccheaus,ZaccOl01,0,0,0,0,105.6
2021_03_ATL_NYG,202109260nyg,2021,3,REG,ATL,NYG,Lee Smith,SmitLe00,0,0,0,0,118.7
2021_03_ATL_NYG,202109260nyg,2021,3,REG,ATL,NYG,Kyle Pitts,PittKy00,0,0,0,0,106.2
2021_03_ATL_NYG,202109260nyg,2021,3,REG,ATL,NYG,Tajae Sharpe,SharTa00,0,0,0,0,91.7
2021_03_ATL_NYG,202109260nyg,2021,3,REG,ATL,NYG,Hayden Hurst,HursHa00,0,0,0,0,39.6
2021_03_CIN_PIT,202109260pit,2021,3,REG,PIT,CIN,Najee Harris,HarrNa00,4,4,0.211,0,85.9
2021_03_CIN_PIT,202109260pit,2021,3,REG,PIT,CIN,Chase Claypool,ClayCh01,0,1,0.067,1,51
2021_03_CIN_PIT,202109260pit,2021,3,REG,PIT,CIN,Ray-Ray McCloud,McClRa00,0,1,0.25,0,99
2021_03_CIN_PIT,202109260pit,2021,3,REG,PIT,CIN,Pat Freiermuth,FreiPa00,0,1,0.2,0,110
2021_03_CIN_PIT,202109260pit,2021,3,REG,PIT,CIN,JuJu Smith-Schuster,SmitJu00,0,0,0,1,51
2021_03_CIN_PIT,202109260pit,2021,3,REG,PIT,CIN,James Washington,WashJa00,0,0,0,0,68.7
2021_03_CIN_PIT,202109260pit,2021,3,REG,PIT,CIN,Cody White,WhitCo05,0,0,0,0,102.1
2021_03_CIN_PIT,202109260pit,2021,3,REG,PIT,CIN,Derek Watt,WattDe00,0,0,0,0,79.2
2021_03_CIN_PIT,202109260pit,2021,3,REG,PIT,CIN,Eric Ebron,EbroEr00,0,1,0.333,0,39.6
2021_03_CIN_PIT,202109260pit,2021,3,REG,CIN,PIT,Ja'Marr Chase,ChasJa00,0,0,0,0,158.3
2021_03_CIN_PIT,202109260pit,2021,3,REG,CIN,PIT,Tyler Boyd,BoydTy00,1,0,0,1,82.6
2021_03_CIN_PIT,202109260pit,2021,3,REG,CIN,PIT,Chris Evans,EvanCh02,0,0,0,0,118.7
2021_03_CIN_PIT,202109260pit,2021,3,REG,CIN,PIT,Joe Mixon,MixoJo00,0,0,0,0,83.3
2021_03_CIN_PIT,202109260pit,2021,3,REG,CIN,PIT,Mike Thomas,ThomMi04,0,0,0,0,118.7
2021_03_CIN_PIT,202109260pit,2021,3,REG,CIN,PIT,Auden Tate,TateAu00,0,0,0,0,118.7
2021_03_CIN_PIT,202109260pit,2021,3,REG,CIN,PIT,Samaje Perine,PeriSa00,0,0,0,0,100
2021_03_CIN_PIT,202109260pit,2021,3,REG,CIN,PIT,C.J. Uzomah,UzomC.00,0,1,1,0,39.6
2021_03_IND_TEN,202109260oti,2021,3,REG,TEN,IND,Nick Westbrook-Ikhine,WestNi00,0,0,0,0,158.3
2021_03_IND_TEN,202109260oti,2021,3,REG,TEN,IND,Derrick Henry,HenrDe00,1,0,0,0,109.7
2021_03_IND_TEN,202109260oti,2021,3,REG,TEN,IND,Julio Jones,JoneJu02,1,0,0,0,113.5
2021_03_IND_TEN,202109260oti,2021,3,REG,TEN,IND,Geoff Swaim,SwaiGe00,0,1,0.25,0,92.7
2021_03_IND_TEN,202109260oti,2021,3,REG,TEN,IND,Cameron Batson,BatsCa00,0,0,0,0,118.7
2021_03_IND_TEN,202109260oti,2021,3,REG,TEN,IND,Chester Rogers,RogeCh02,0,1,0.5,1,56.2
2021_03_IND_TEN,202109260oti,2021,3,REG,TEN,IND,MyCole Pruitt,PruiMy00,0,0,0,0,95.8
2021_03_IND_TEN,202109260oti,2021,3,REG,TEN,IND,Jeremy McNichols,McNiJe00,0,0,0,0,104.2
2021_03_IND_TEN,202109260oti,2021,3,REG,TEN,IND,Tommy Hudson,HudsTo00,0,0,0,1,16.7
2021_03_IND_TEN,202109260oti,2021,3,REG,TEN,IND,Racey McMath,McMaRa00,0,0,0,0,39.6
2021_03_IND_TEN,202109260oti,2021,3,REG,TEN,IND,A.J. Brown,BrowAJ00,0,0,0,0,39.6
2021_03_IND_TEN,202109260oti,2021,3,REG,IND,TEN,Michael Pittman Jr.,PittMi01,0,0,0,0,67.4
2021_03_IND_TEN,202109260oti,2021,3,REG,IND,TEN,Nyheim Hines,HineNy00,1,0,0,0,104.2
2021_03_IND_TEN,202109260oti,2021,3,REG,IND,TEN,Mo Alie-Cox,AlieMo00,0,0,0,0,95.8
2021_03_IND_TEN,202109260oti,2021,3,REG,IND,TEN,Parris Campbell,CampPa00,0,0,0,0,56.2
2021_03_IND_TEN,202109260oti,2021,3,REG,IND,TEN,Zach Pascal,PascZa00,0,1,0.143,0,45.5
2021_03_IND_TEN,202109260oti,2021,3,REG,IND,TEN,Jack Doyle,DoylJa00,0,1,0.5,0,64.6
2021_03_IND_TEN,202109260oti,2021,3,REG,IND,TEN,Jonathan Taylor,TaylJo02,0,0,0,0,100
2021_03_NYJ_DEN,202109260den,2021,3,REG,DEN,NYJ,Tim Patrick,PatrTi00,0,0,0,0,118.7
2021_03_NYJ_DEN,202109260den,2021,3,REG,DEN,NYJ,Courtland Sutton,SuttCo00,0,0,0,0,97.5
2021_03_NYJ_DEN,202109260den,2021,3,REG,DEN,NYJ,Javonte Williams,WillJa10,0,0,0,0,99
2021_03_NYJ_DEN,202109260den,2021,3,REG,DEN,NYJ,Noah Fant,FantNo00,0,0,0,0,78.5
2021_03_NYJ_DEN,202109260den,2021,3,REG,DEN,NYJ,KJ Hamler,HamlKJ00,0,0,0,0,68.7
2021_03_NYJ_DEN,202109260den,2021,3,REG,DEN,NYJ,Melvin Gordon,GordMe00,1,0,0,0,87.5
2021_03_NYJ_DEN,202109260den,2021,3,REG,DEN,NYJ,Albert Okwuegbunam,OkwuAl00,0,0,0,0,91.7
2021_03_NYJ_DEN,202109260den,2021,3,REG,DEN,NYJ,Diontae Spencer,SpenDi00,0,0,0,0,79.2
2021_03_NYJ_DEN,202109260den,2021,3,REG,NYJ,DEN,Corey Davis,DaviCo03,0,2,0.2,1,21.2
2021_03_NYJ_DEN,202109260den,2021,3,REG,NYJ,DEN,Elijah Moore,MoorEl00,0,0,0,0,59
2021_03_NYJ_DEN,202109260den,2021,3,REG,NYJ,DEN,Michael Carter,CartMi03,1,1,0.333,0,70.1
2021_03_NYJ_DEN,202109260den,2021,3,REG,NYJ,DEN,Keelan Cole,ColeKe00,0,0,0,0,118.7
2021_03_NYJ_DEN,202109260den,2021,3,REG,NYJ,DEN,Tyler Kroft,KrofTy00,0,0,0,0,91.7
2021_03_NYJ_DEN,202109260den,2021,3,REG,NYJ,DEN,Braxton Berrios,BerrBr00,0,0,0,1,54.2
2021_03_NYJ_DEN,202109260den,2021,3,REG,NYJ,DEN,Ty Johnson,JohnTy02,0,1,0.2,0,39.6
2021_03_NYJ_DEN,202109260den,2021,3,REG,NYJ,DEN,Jeff Smith,SmitJe03,0,0,0,0,118.7
2021_03_NYJ_DEN,202109260den,2021,3,REG,NYJ,DEN,Ryan Griffin,GrifRy00,0,0,0,0,87.5
2021_03_MIA_LV,202109260rai,2021,3,REG,MIA,LV,Jaylen Waddle,WaddJa00,0,0,0,0,85.3
2021_03_MIA_LV,202109260rai,2021,3,REG,MIA,LV,Mike Gesicki,GesiMi00,0,0,0,0,96.5
2021_03_MIA_LV,202109260rai,2021,3,REG,MIA,LV,DeVante Parker,ParkDe01,0,0,0,0,74.7
2021_03_MIA_LV,202109260rai,2021,3,REG,MIA,LV,Will Fuller,FullWi01,0,0,0,0,57.6
2021_03_MIA_LV,202109260rai,2021,3,REG,MIA,LV,Myles Gaskin,GaskMy00,0,1,0.167,0,56.2
2021_03_MIA_LV,202109260rai,2021,3,REG,MIA,LV,Malcolm Brown,BrowMa03,0,0,0,0,39.6
2021_03_MIA_LV,202109260rai,2021,3,REG,MIA,LV,Durham Smythe,SmytDu00,0,0,0,0,39.6
2021_03_SEA_MIN,202109260min,2021,3,REG,MIN,SEA,Justin Jefferson,JeffJu00,0,1,0.091,0,141.7
2021_03_SEA_MIN,202109260min,2021,3,REG,MIN,SEA,Tyler Conklin,ConkTy00,0,0,0,0,142.7
2021_03_SEA_MIN,202109260min,2021,3,REG,MIN,SEA,Alexander Mattison,MattAl01,1,0,0,0,95.3
2021_03_SEA_MIN,202109260min,2021,3,REG,MIN,SEA,Adam Thielen,ThieAd00,0,0,0,0,117.8
2021_03_SEA_MIN,202109260min,2021,3,REG,MIN,SEA,K.J. Osborn,OsboKJ00,0,0,0,0,118.7
2021_03_SEA_MIN,202109260min,2021,3,REG,SEA,MIN,D.K. Metcalf,MetcDK00,1,0,0,0,144.2
2021_03_SEA_MIN,202109260min,2021,3,REG,SEA,MIN,Gerald Everett,EverGe00,3,0,0,0,111.7
2021_03_SEA_MIN,202109260min,2021,3,REG,SEA,MIN,Tyler Lockett,LockTy00,0,0,0,0,99
2021_03_SEA_MIN,202109260min,2021,3,REG,SEA,MIN,Travis Homer,HomeTr00,1,0,0,0,118.7
2021_03_SEA_MIN,202109260min,2021,3,REG,SEA,MIN,Chris Carson,CarsCh00,0,0,0,0,79.2
2021_03_SEA_MIN,202109260min,2021,3,REG,SEA,MIN,Will Dissly,DissWi00,1,0,0,0,118.7
2021_03_SEA_MIN,202109260min,2021,3,REG,SEA,MIN,Penny Hart,HartPe01,0,0,0,0,58.3
2021_03_SEA_MIN,202109260min,2021,3,REG,SEA,MIN,Freddie Swain,SwaiFr00,0,0,0,0,64.6
2021_03_PHI_DAL,202109270dal,2021,3,REG,DAL,PHI,Dalton Schultz,SchuDa00,0,0,0,0,153.9
2021_03_PHI_DAL,202109270dal,2021,3,REG,DAL,PHI,Amari Cooper,CoopAm00,0,1,0.25,0,91.7
2021_03_PHI_DAL,202109270dal,2021,3,REG,DAL,PHI,Ezekiel Elliott,ElliEz00,0,0,0,0,95.8
2021_03_PHI_DAL,202109270dal,2021,3,REG,DAL,PHI,CeeDee Lamb,LambCe00,0,0,0,0,118.7
2021_03_PHI_DAL,202109270dal,2021,3,REG,DAL,PHI,Cedrick Wilson Jr.,WilsCe01,0,0,0,0,101
2021_03_PHI_DAL,202109270dal,2021,3,REG,DAL,PHI,Blake Jarwin,JarwBl00,0,0,0,0,95.8
2021_03_PHI_DAL,202109270dal,2021,3,REG,DAL,PHI,Tony Pollard,PollTo00,0,0,0,0,87.5
2021_03_PHI_DAL,202109270dal,2021,3,REG,DAL,PHI,Noah Brown,BrowNo00,0,0,0,0,104.2
2021_03_PHI_DAL,202109270dal,2021,3,REG,PHI,DAL,Jalen Reagor,ReagJa00,0,0,0,1,42.2
2021_03_PHI_DAL,202109270dal,2021,3,REG,PHI,DAL,Zach Ertz,ErtzZa00,0,1,0.143,0,120.8
2021_03_PHI_DAL,202109270dal,2021,3,REG,PHI,DAL,Kenneth Gainwell,GainKe00,0,0,0,0,97.9
2021_03_PHI_DAL,202109270dal,2021,3,REG,PHI,DAL,Miles Sanders,SandMi01,0,0,0,0,93.7
2021_03_PHI_DAL,202109270dal,2021,3,REG,PHI,DAL,DeVonta Smith,SmitDe07,0,0,0,1,23.6
2021_03_PHI_DAL,202109270dal,2021,3,REG,PHI,DAL,Dallas Goedert,GoedDa00,0,0,0,0,95.8
2021_03_PHI_DAL,202109270dal,2021,3,REG,PHI,DAL,Quez Watkins,WatkQu00,0,0,0,0,118.7
2021_03_PHI_DAL,202109270dal,2021,3,REG,PHI,DAL,Boston Scott,ScotBo02,0,0,0,0,79.2
2021_03_PHI_DAL,202109270dal,2021,3,REG,PHI,DAL,Greg Ward,WardGr02,0,0,0,0,158.3
2021_04_JAX_CIN,202109300cin,2021,4,REG,CIN,JAX,Tyler Boyd,BoydTy00,1,0,0,0,111.4
2021_04_JAX_CIN,202109300cin,2021,4,REG,CIN,JAX,Ja'Marr Chase,ChasJa00,0,0,0,0,93.3
2021_04_JAX_CIN,202109300cin,2021,4,REG,CIN,JAX,C.J. Uzomah,UzomC.00,1,0,0,0,158.3
2021_04_JAX_CIN,202109300cin,2021,4,REG,CIN,JAX,Trenton Irwin,IrwiTr00,0,0,0,0,118.7
2021_04_JAX_CIN,202109300cin,2021,4,REG,CIN,JAX,Joe Mixon,MixoJo00,0,1,0.5,0,56.2
2021_04_JAX_CIN,202109300cin,2021,4,REG,CIN,JAX,Samaje Perine,PeriSa00,0,0,0,0,118.7
2021_04_JAX_CIN,202109300cin,2021,4,REG,CIN,JAX,Auden Tate,TateAu00,2,0,0,0,118.7
2021_04_JAX_CIN,202109300cin,2021,4,REG,CIN,JAX,Mike Thomas,ThomMi04,0,0,0,0,79.2
2021_04_JAX_CIN,202109300cin,2021,4,REG,JAX,CIN,Laviska Shenault Jr.,ShenLa00,1,0,0,0,118.7
2021_04_JAX_CIN,202109300cin,2021,4,REG,JAX,CIN,Marvin Jones,JoneMa02,0,0,0,0,100
2021_04_JAX_CIN,202109300cin,2021,4,REG,JAX,CIN,Dan Arnold,ArnoDa00,1,0,0,0,118.7
2021_04_JAX_CIN,202109300cin,2021,4,REG,JAX,CIN,Luke Farrell,FarrLu00,0,0,0,0,95.8
2021_04_JAX_CIN,202109300cin,2021,4,REG,JAX,CIN,Jacob Hollister,HollJa03,0,0,0,0,87.5
2021_04_JAX_CIN,202109300cin,2021,4,REG,JAX,CIN,Tavon Austin,AustTa00,0,0,0,0,42.4
2021_04_JAX_CIN,202109300cin,2021,4,REG,JAX,CIN,Chris Manhertz,ManhCh00,0,0,0,0,95.8
2021_04_JAX_CIN,202109300cin,2021,4,REG,JAX,CIN,James Robinson,RobiJa00,0,0,0,0,56.2
2021_04_JAX_CIN,202109300cin,2021,4,REG,JAX,CIN,Jamal Agnew,AgneJa00,0,0,0,0,118.7
2021_04_JAX_CIN,202109300cin,2021,4,REG,JAX,CIN,Tyron Johnson,JohnTy03,0,0,0,0,39.6
2021_04_WAS_ATL,202110030atl,2021,4,REG,ATL,WAS,Calvin Ridley,RidlCa00,0,0,0,0,72.6
2021_04_WAS_ATL,202110030atl,2021,4,REG,ATL,WAS,Cordarrelle Patterson,PattCo00,1,0,0,0,158.3
2021_04_WAS_ATL,202110030atl,2021,4,REG,ATL,WAS,Hayden Hurst,HursHa00,0,0,0,0,96.9
2021_04_WAS_ATL,202110030atl,2021,4,REG,ATL,WAS,Kyle Pitts,PittKy00,0,0,0,0,62.3
2021_04_WAS_ATL,202110030atl,2021,4,REG,ATL,WAS,Mike Davis,DaviMi01,2,0,0,0,131.2
2021_04_WAS_ATL,202110030atl,2021,4,REG,ATL,WAS,Tajae Sharpe,SharTa00,0,0,0,0,97.9
2021_04_WAS_ATL,202110030atl,2021,4,REG,ATL,WAS,Olamide Zaccheaus,ZaccOl01,0,1,0.333,0,50.7
2021_04_WAS_ATL,202110030atl,2021,4,REG,ATL,WAS,Wayne Gallman,GallWa00,0,0,0,0,39.6
2021_04_WAS_ATL,202110030atl,2021,4,REG,WAS,ATL,Terry McLaurin,McLaTe00,1,0,0,0,119.6
2021_04_WAS_ATL,202110030atl,2021,4,REG,WAS,ATL,J.D. McKissic,McKiJ.00,0,0,0,0,142.9
2021_04_WAS_ATL,202110030atl,2021,4,REG,WAS,ATL,Curtis Samuel,SamuCu00,0,0,0,0,86.5
2021_04_WAS_ATL,202110030atl,2021,4,REG,WAS,ATL,Ricky Seals-Jones,SealRi00,1,1,0.25,0,63.5
2021_04_WAS_ATL,202110030atl,2021,4,REG,WAS,ATL,Antonio Gibson,GibsAn00,0,0,0,0,91.7
2021_04_WAS_ATL,202110030atl,2021,4,REG,WAS,ATL,DeAndre Carter,CartDe02,0,0,0,0,118.7
2021_04_WAS_ATL,202110030atl,2021,4,REG,WAS,ATL,Jaret Patterson,PattJa01,0,0,0,0,112.5
2021_04_WAS_ATL,202110030atl,2021,4,REG,WAS,ATL,Adam Humphries,HumpAd00,0,0,0,0,118.7
2021_04_WAS_ATL,202110030atl,2021,4,REG,WAS,ATL,Dyami Brown,BrowDy00,0,0,0,0,83.3
2021_04_HOU_BUF,202110030buf,2021,4,REG,BUF,HOU,Stefon Diggs,DiggSt00,1,0,0,1,60.4
2021_04_HOU_BUF,202110030buf,2021,4,REG,BUF,HOU,Dawson Knox,KnoxDa00,0,0,0,0,113
2021_04_HOU_BUF,202110030buf,2021,4,REG,BUF,HOU,Emmanuel Sanders,SandEm00,0,0,0,0,118.1
2021_04_HOU_BUF,202110030buf,2021,4,REG,BUF,HOU,Cole Beasley,BeasCo00,0,0,0,0,100
2021_04_HOU_BUF,202110030buf,2021,4,REG,BUF,HOU,Reggie Gilliam,GillRe00,0,0,0,0,100
2021_04_HOU_BUF,202110030buf,2021,4,REG,BUF,HOU,Devin Singletary,SingDe00,1,0,0,0,95.8
2021_04_HOU_BUF,202110030buf,2021,4,REG,BUF,HOU,Gabriel Davis,DaviGa01,0,0,0,0,39.6
2021_04_HOU_BUF,202110030buf,2021,4,REG,BUF,HOU,Zack Moss,MossZa00,0,0,0,0,39.6
2021_04_HOU_BUF,202110030buf,2021,4,REG,HOU,BUF,Brandin Cooks,CookBr00,0,0,0,1,50
2021_04_HOU_BUF,202110030buf,2021,4,REG,HOU,BUF,David Johnson,JohnDa08,0,0,0,0,92.7
2021_04_HOU_BUF,202110030buf,2021,4,REG,HOU,BUF,Jordan Akins,AkinJo00,0,0,0,0,83.3
2021_04_HOU_BUF,202110030buf,2021,4,REG,HOU,BUF,Pharaoh Brown,BrowPh01,0,0,0,1,16.7
2021_04_HOU_BUF,202110030buf,2021,4,REG,HOU,BUF,Anthony Miller,MillAn02,0,0,0,2,0
2021_04_HOU_BUF,202110030buf,2021,4,REG,HOU,BUF,Chris Conley,ConlCh00,0,0,0,0,39.6
2021_04_DET_CHI,202110030chi,2021,4,REG,CHI,DET,Darnell Mooney,MoonDa00,1,0,0,1,74.1
2021_04_DET_CHI,202110030chi,2021,4,REG,CHI,DET,Allen Robinson,RobiAl02,0,0,0,0,118.7
2021_04_DET_CHI,202110030chi,2021,4,REG,CHI,DET,Damien Williams,WillDa05,1,0,0,0,97.9
2021_04_DET_CHI,202110030chi,2021,4,REG,CHI,DET,Cole Kmet,KmetCo00,0,0,0,0,42.4
2021_04_DET_CHI,202110030chi,2021,4,REG,CHI,DET,Marquise Goodwin,GoodMa00,0,0,0,0,39.6
2021_04_DET_CHI,202110030chi,2021,4,REG,DET,CHI,Amon-Ra St. Brown,StxxAm00,0,0,0,0,101
2021_04_DET_CHI,202110030chi,2021,4,REG,DET,CHI,Quintez Cephus,CephQu00,1,0,0,0,118.7
2021_04_DET_CHI,202110030chi,2021,4,REG,DET,CHI,T.J. Hockenson,HockTJ00,1,0,0,0,65.6
2021_04_DET_CHI,202110030chi,2021,4,REG,DET,CHI,D'Andre Swift,SwifDA00,0,0,0,0,80.6
2021_04_DET_CHI,202110030chi,2021,4,REG,DET,CHI,Kalif Raymond,RaymKa00,0,1,0.167,0,115.3
2021_04_DET_CHI,202110030chi,2021,4,REG,DET,CHI,Trinity Benson,BensTr00,0,0,0,0,74.3
2021_04_DET_CHI,202110030chi,2021,4,REG,DET,CHI,KhaDarel Hodge,HodgKh00,0,0,0,0,118.7
2021_04_CAR_DAL,202110030dal,2021,4,REG,DAL,CAR,Dalton Schultz,SchuDa00,0,0,0,0,134.4
2021_04_CAR_DAL,202110030dal,2021,4,REG,DAL,CAR,Amari Cooper,CoopAm00,0,0,0,0,158.3
2021_04_CAR_DAL,202110030dal,2021,4,REG,DAL,CAR,CeeDee Lamb,LambCe00,0,0,0,0,47.9
2021_04_CAR_DAL,202110030dal,2021,4,REG,DAL,CAR,Cedrick Wilson Jr.,WilsCe01,0,0,0,0,158.3
2021_04_CAR_DAL,202110030dal,2021,4,REG,DAL,CAR,Blake Jarwin,JarwBl00,0,0,0,0,94.4
2021_04_CAR_DAL,202110030dal,2021,4,REG,DAL,CAR,Ezekiel Elliott,ElliEz00,0,0,0,0,39.6
2021_04_CAR_DAL,202110030dal,2021,4,REG,CAR,DAL,D.J. Moore,MoorD.00,1,0,0,1,101.7
2021_04_CAR_DAL,202110030dal,2021,4,REG,CAR,DAL,Robby Anderson,AndeRo04,0,0,0,1,19.5
2021_04_CAR_DAL,202110030dal,2021,4,REG,CAR,DAL,Rodney Smith,SmitRo08,1,0,0,0,106.7
2021_04_CAR_DAL,202110030dal,2021,4,REG,CAR,DAL,Ian Thomas,ThomIa00,0,0,0,0,87.5
2021_04_CAR_DAL,202110030dal,2021,4,REG,CAR,DAL,Chuba Hubbard,HubbCh01,1,0,0,0,95.8
2021_04_CAR_DAL,202110030dal,2021,4,REG,CAR,DAL,Brandon Zylstra,ZylsBr00,0,0,0,0,118.7
2021_04_CAR_DAL,202110030dal,2021,4,REG,CAR,DAL,Terrace Marshall Jr.,MarsTe00,0,0,0,0,42.4
2021_04_CAR_DAL,202110030dal,2021,4,REG,CAR,DAL,Tommy Tremble,TremTo00,0,0,0,0,39.6
2021_04_IND_MIA,202110030mia,2021,4,REG,MIA,IND,Mike Gesicki,GesiMi00,0,0,0,0,145.8
2021_04_IND_MIA,202110030mia,2021,4,REG,MIA,IND,DeVante Parker,ParkDe01,0,2,0.222,0,111.8
2021_04_IND_MIA,202110030mia,2021,4,REG,MIA,IND,Jaylen Waddle,WaddJa00,2,0,0,0,99
2021_04_IND_MIA,202110030mia,2021,4,REG,MIA,IND,Salvon Ahmed,AhmeSa01,0,0,0,0,91.7
2021_04_IND_MIA,202110030mia,2021,4,REG,MIA,IND,Durham Smythe,SmytDu00,0,0,0,0,79.2
2021_04_IND_MIA,202110030mia,2021,4,REG,MIA,IND,Will Fuller,FullWi01,1,0,0,0,56.2
2021_04_IND_MIA,202110030mia,2021,4,REG,MIA,IND,Jakeem Grant,GranJa00,0,0,0,0,79.2
2021_04_IND_MIA,202110030mia,2021,4,REG,MIA,IND,Malcolm Brown,BrowMa03,0,0,0,0,83.3
2021_04_IND_MIA,202110030mia,2021,4,REG,MIA,IND,Albert Wilson,WilsAl02,1,0,0,0,66.7
2021_04_IND_MIA,202110030mia,2021,4,REG,MIA,IND,Adam Shaheen,ShahAd00,0,0,0,0,39.6
2021_04_IND_MIA,202110030mia,2021,4,REG,IND,MIA,Michael Pittman Jr.,PittMi01,0,0,0,0,95.3
2021_04_IND_MIA,202110030mia,2021,4,REG,IND,MIA,Zach Pascal,PascZa00,1,0,0,0,103.3
2021_04_IND_MIA,202110030mia,2021,4,REG,IND,MIA,Mo Alie-Cox,AlieMo00,0,0,0,0,126.7
2021_04_IND_MIA,202110030mia,2021,4,REG,IND,MIA,Jonathan Taylor,TaylJo02,1,0,0,0,81.9
2021_04_IND_MIA,202110030mia,2021,4,REG,IND,MIA,Nyheim Hines,HineNy00,0,0,0,0,79.2
2021_04_IND_MIA,202110030mia,2021,4,REG,IND,MIA,Parris Campbell,CampPa00,0,0,0,0,88.2
2021_04_IND_MIA,202110030mia,2021,4,REG,IND,MIA,Ashton Dulin,DuliAs00,0,0,0,0,118.7
2021_04_IND_MIA,202110030mia,2021,4,REG,IND,MIA,Kylen Granson,GranKy00,0,0,0,0,56.2
2021_04_IND_MIA,202110030mia,2021,4,REG,IND,MIA,Marlon Mack,MackMa00,0,0,0,0,56.2
2021_04_IND_MIA,202110030mia,2021,4,REG,IND,MIA,Jack Doyle,DoylJa00,0,0,0,0,118.7
2021_04_CLE_MIN,202110030min,2021,4,REG,MIN,CLE,Justin Jefferson,JeffJu00,0,0,0,0,156.2
2021_04_CLE_MIN,202110030min,2021,4,REG,MIN,CLE,Tyler Conklin,ConkTy00,0,1,0.167,0,70.1
2021_04_CLE_MIN,202110030min,2021,4,REG,MIN,CLE,K.J. Osborn,OsboKJ00,0,0,0,0,53.3
2021_04_CLE_MIN,202110030min,2021,4,REG,MIN,CLE,Adam Thielen,ThieAd00,0,0,0,1,17.7
2021_04_CLE_MIN,202110030min,2021,4,REG,MIN,CLE,Dalvin Cook,CookDa01,1,0,0,0,42.4
2021_04_CLE_MIN,202110030min,2021,4,REG,MIN,CLE,Ameer Abdullah,AbduAm00,0,0,0,0,79.2
2021_04_CLE_MIN,202110030min,2021,4,REG,MIN,CLE,Dede Westbrook,WestDe00,0,0,0,0,118.7
2021_04_CLE_MIN,202110030min,2021,4,REG,CLE,MIN,Rashard Higgins,HiggRa00,0,0,0,0,87.2
2021_04_CLE_MIN,202110030min,2021,4,REG,CLE,MIN,Odell Beckham Jr.,BeckOd00,0,0,0,0,43.2
2021_04_CLE_MIN,202110030min,2021,4,REG,CLE,MIN,Demetric Felton,FeltDe00,0,0,0,0,91.7
2021_04_CLE_MIN,202110030min,2021,4,REG,CLE,MIN,Kareem Hunt,HuntKa00,0,0,0,0,61.5
2021_04_CLE_MIN,202110030min,2021,4,REG,CLE,MIN,David Njoku,NjokDa00,0,0,0,0,102.1
2021_04_CLE_MIN,202110030min,2021,4,REG,CLE,MIN,Harrison Bryant,BryaHa00,0,0,0,0,56.2
2021_04_CLE_MIN,202110030min,2021,4,REG,CLE,MIN,Nick Chubb,ChubNi00,0,0,0,0,87.5
2021_04_CLE_MIN,202110030min,2021,4,REG,CLE,MIN,Austin Hooper,HoopAu00,0,0,0,0,39.6
2021_04_CLE_MIN,202110030min,2021,4,REG,CLE,MIN,Anthony Schwartz,SchwAn00,0,0,0,0,39.6
2021_04_NYG_NO,202110030nor,2021,4,REG,NYG,NO,Kadarius Toney,ToneKa00,1,1,0.111,0,93.7
2021_04_NYG_NO,202110030nor,2021,4,REG,NYG,NO,Kenny Golladay,GollKe00,2,0,0,0,118.7
2021_04_NYG_NO,202110030nor,2021,4,REG,NYG,NO,Evan Engram,EngrEv00,0,1,0.167,0,85.4
2021_04_NYG_NO,202110030nor,2021,4,REG,NYG,NO,Saquon Barkley,BarkSa00,0,0,0,0,157.6
2021_04_NYG_NO,202110030nor,2021,4,REG,NYG,NO,John Ross,RossJo00,0,0,0,0,156.2
2021_04_NYG_NO,202110030nor,2021,4,REG,NYG,NO,Kyle Rudolph,RudoKy00,0,0,0,0,91
2021_04_NYG_NO,202110030nor,2021,4,REG,NYG,NO,Devontae Booker,BookDe00,0,0,0,0,91.7
2021_04_TEN_NYJ,202110030nyj,2021,4,REG,NYJ,TEN,Jamison Crowder,CrowJa00,0,1,0.111,0,131.9
2021_04_TEN_NYJ,202110030nyj,2021,4,REG,NYJ,TEN,Corey Davis,DaviCo03,0,1,0.143,1,101.8
2021_04_TEN_NYJ,202110030nyj,2021,4,REG,NYJ,TEN,Keelan Cole,ColeKe00,0,0,0,0,116.7
2021_04_TEN_NYJ,202110030nyj,2021,4,REG,NYJ,TEN,Ty Johnson,JohnTy02,0,0,0,0,91.7
2021_04_TEN_NYJ,202110030nyj,2021,4,REG,NYJ,TEN,Tevin Coleman,ColeTe01,0,0,0,0,102.1
2021_04_TEN_NYJ,202110030nyj,2021,4,REG,NYJ,TEN,Ryan Griffin,GrifRy00,0,0,0,0,39.6
2021_04_TEN_NYJ,202110030nyj,2021,4,REG,NYJ,TEN,Michael Carter,CartMi03,0,0,0,0,42.4
2021_04_TEN_NYJ,202110030nyj,2021,4,REG,NYJ,TEN,Braxton Berrios,BerrBr00,0,0,0,0,79.2
2021_04_TEN_NYJ,202110030nyj,2021,4,REG,NYJ,TEN,Tyler Kroft,KrofTy00,0,0,0,0,39.6
2021_04_TEN_NYJ,202110030nyj,2021,4,REG,NYJ,TEN,Trevon Wesco,WescTr00,0,0,0,0,39.6
2021_04_TEN_NYJ,202110030nyj,2021,4,REG,TEN,NYJ,Jeremy McNichols,McNiJe00,0,1,0.083,0,83.3
2021_04_TEN_NYJ,202110030nyj,2021,4,REG,TEN,NYJ,Josh Reynolds,ReynJo00,0,0,0,0,85
2021_04_TEN_NYJ,202110030nyj,2021,4,REG,TEN,NYJ,Chester Rogers,RogeCh02,0,0,0,0,110.4
2021_04_TEN_NYJ,202110030nyj,2021,4,REG,TEN,NYJ,Nick Westbrook-Ikhine,WestNi00,0,0,0,0,48.4
2021_04_TEN_NYJ,202110030nyj,2021,4,REG,TEN,NYJ,Anthony Firkser,FirkAn00,0,2,0.4,0,71.2
2021_04_TEN_NYJ,202110030nyj,2021,4,REG,TEN,NYJ,Derrick Henry,HenrDe00,0,0,0,0,108.3
2021_04_TEN_NYJ,202110030nyj,2021,4,REG,TEN,NYJ,Tommy Hudson,HudsTo00,0,0,0,0,118.7
2021_04_TEN_NYJ,202110030nyj,2021,4,REG,TEN,NYJ,MyCole Pruitt,PruiMy00,0,0,0,0,118.7
2021_04_TEN_NYJ,202110030nyj,2021,4,REG,TEN,NYJ,Cameron Batson,BatsCa00,0,0,0,0,79.2
2021_04_TEN_NYJ,202110030nyj,2021,4,REG,TEN,NYJ,Geoff Swaim,SwaiGe00,0,0,0,0,39.6
2021_04_KC_PHI,202110030phi,2021,4,REG,PHI,KC,DeVonta Smith,SmitDe07,0,0,0,0,111.2
2021_04_KC_PHI,202110030phi,2021,4,REG,PHI,KC,Zach Ertz,ErtzZa00,1,1,0.125,0,95.8
2021_04_KC_PHI,202110030phi,2021,4,REG,PHI,KC,Kenneth Gainwell,GainKe00,0,0,0,0,94.8
2021_04_KC_PHI,202110030phi,2021,4,REG,PHI,KC,Dallas Goedert,GoedDa00,0,0,0,0,152.9
2021_04_KC_PHI,202110030phi,2021,4,REG,PHI,KC,Miles Sanders,SandMi01,3,0,0,0,113.9
2021_04_KC_PHI,202110030phi,2021,4,REG,PHI,KC,Quez Watkins,WatkQu00,0,0,0,0,57.4
2021_04_KC_PHI,202110030phi,2021,4,REG,PHI,KC,Jalen Reagor,ReagJa00,0,0,0,0,104.2
2021_04_KC_PHI,202110030phi,2021,4,REG,PHI,KC,Greg Ward,WardGr02,0,1,0.5,0,114.6
2021_04_ARI_LA,202110030ram,2021,4,REG,ARI,LA,A.J. Green,GreeA.00,0,0,0,0,152.8
2021_04_ARI_LA,202110030ram,2021,4,REG,ARI,LA,Maxx Williams,WillMa04,0,0,0,0,158.3
2021_04_ARI_LA,202110030ram,2021,4,REG,ARI,LA,Chase Edmonds,EdmoCh00,0,1,0.2,0,82.5
2021_04_ARI_LA,202110030ram,2021,4,REG,ARI,LA,DeAndre Hopkins,HopkDe00,0,0,0,0,89.6
2021_04_ARI_LA,202110030ram,2021,4,REG,ARI,LA,Rondale Moore,MoorRo02,0,0,0,0,105.6
2021_04_ARI_LA,202110030ram,2021,4,REG,ARI,LA,James Conner,ConnJa00,0,0,0,0,100
2021_04_ARI_LA,202110030ram,2021,4,REG,ARI,LA,Christian Kirk,KirkCh01,0,0,0,0,87.5
2021_04_SEA_SF,202110030sfo,2021,4,REG,SEA,SF,Tyler Lockett,LockTy00,0,0,0,0,86.7
2021_04_SEA_SF,202110030sfo,2021,4,REG,SEA,SF,D.K. Metcalf,MetcDK00,1,1,0.125,0,117.2
2021_04_SEA_SF,202110030sfo,2021,4,REG,SEA,SF,Freddie Swain,SwaiFr00,0,0,0,0,125
2021_04_SEA_SF,202110030sfo,2021,4,REG,SEA,SF,Alex Collins,CollAl00,0,0,0,0,118.7
2021_04_SEA_SF,202110030sfo,2021,4,REG,SEA,SF,Will Dissly,DissWi00,0,0,0,0,79.2
2021_04_SEA_SF,202110030sfo,2021,4,REG,SEA,SF,Chris Carson,CarsCh00,0,0,0,0,79.2
2021_04_BAL_DEN,202110030den,2021,4,REG,DEN,BAL,Noah Fant,FantNo00,0,0,0,0,104.6
2021_04_BAL_DEN,202110030den,2021,4,REG,DEN,BAL,Tim Patrick,PatrTi00,0,0,0,0,70.8
2021_04_BAL_DEN,202110030den,2021,4,REG,DEN,BAL,Courtland Sutton,SuttCo00,0,0,0,1,18.2
2021_04_BAL_DEN,202110030den,2021,4,REG,DEN,BAL,Javonte Williams,WillJa10,0,0,0,0,81.9
2021_04_BAL_DEN,202110030den,2021,4,REG,DEN,BAL,Melvin Gordon,GordMe00,2,0,0,0,56.2
2021_04_BAL_DEN,202110030den,2021,4,REG,DEN,BAL,Kendall Hinton,HintKe00,0,1,0.333,0,47.9
2021_04_BAL_DEN,202110030den,2021,4,REG,DEN,BAL,Albert Okwuegbunam,OkwuAl00,0,0,0,0,66.7
2021_04_BAL_DEN,202110030den,2021,4,REG,DEN,BAL,Diontae Spencer,SpenDi00,0,0,0,0,39.6
2021_04_BAL_DEN,202110030den,2021,4,REG,BAL,DEN,Mark Andrews,AndrMa00,0,0,0,0,89.1
2021_04_BAL_DEN,202110030den,2021,4,REG,BAL,DEN,James Proche,ProcJa00,0,0,0,0,118.1
2021_04_BAL_DEN,202110030den,2021,4,REG,BAL,DEN,Marquise Brown,BrowMa04,0,0,0,0,158.3
2021_04_BAL_DEN,202110030den,2021,4,REG,BAL,DEN,Sammy Watkins,WatkSa00,0,1,0.143,0,78.9
2021_04_BAL_DEN,202110030den,2021,4,REG,BAL,DEN,Devin Duvernay,DuveDe00,0,0,0,0,65.3
2021_04_BAL_DEN,202110030den,2021,4,REG,BAL,DEN,Patrick Ricard,RicaPa00,0,0,0,0,83.3
2021_04_BAL_DEN,202110030den,2021,4,REG,BAL,DEN,Le'Veon Bell,BellLe00,0,0,0,0,39.6
2021_04_BAL_DEN,202110030den,2021,4,REG,BAL,DEN,Josh Oliver,OlivJo00,0,0,0,0,39.6
2021_04_PIT_GB,202110030gnb,2021,4,REG,PIT,GB,Diontae Johnson,JohnDi01,1,0,0,1,82.9
2021_04_PIT_GB,202110030gnb,2021,4,REG,PIT,GB,Najee Harris,HarrNa00,1,0,0,0,83.9
2021_04_PIT_GB,202110030gnb,2021,4,REG,PIT,GB,James Washington,WashJa00,0,0,0,0,118.7
2021_04_PIT_GB,202110030gnb,2021,4,REG,PIT,GB,Eric Ebron,EbroEr00,0,0,0,0,83.3
2021_04_PIT_GB,202110030gnb,2021,4,REG,PIT,GB,JuJu Smith-Schuster,SmitJu00,0,0,0,0,39.6
2021_04_PIT_GB,202110030gnb,2021,4,REG,PIT,GB,Pat Freiermuth,FreiPa00,0,0,0,0,112.5
2021_04_PIT_GB,202110030gnb,2021,4,REG,PIT,GB,Zach Gentry,GentZa00,0,0,0,0,108.3
2021_04_PIT_GB,202110030gnb,2021,4,REG,PIT,GB,Ray-Ray McCloud,McClRa00,0,0,0,0,79.2
2021_04_PIT_GB,202110030gnb,2021,4,REG,PIT,GB,Benny Snell Jr.,SnelBe00,0,1,1,0,39.6
2021_04_LV_LAC,202110040sdg,2021,4,REG,LAC,LV,Keenan Allen,AlleKe00,0,1,0.091,0,68.7
2021_04_LV_LAC,202110040sdg,2021,4,REG,LAC,LV,Jared Cook,CookJa02,0,0,0,0,147.9
2021_04_LV_LAC,202110040sdg,2021,4,REG,LAC,LV,Justin Jackson,JackJu01,0,0,0,0,84.4
2021_04_LV_LAC,202110040sdg,2021,4,REG,LAC,LV,Austin Ekeler,EkelAu00,0,0,0,0,115
2021_04_LV_LAC,202110040sdg,2021,4,REG,LAC,LV,Donald Parham,ParhDo00,0,0,0,0,120.8
2021_04_LV_LAC,202110040sdg,2021,4,REG,LAC,LV,Stephen Anderson,AndeSt01,0,0,0,0,118.7
2021_04_LV_LAC,202110040sdg,2021,4,REG,LAC,LV,Jalen Guyton,GuytJa01,0,0,0,0,62.5
2021_04_LV_LAC,202110040sdg,2021,4,REG,LAC,LV,Mike Williams,WillMi07,0,0,0,0,39.6
2021_04_LV_LAC,202110040sdg,2021,4,REG,LAC,LV,Tevaughn Campbell,CampTe00,0,0,0,0,39.6
2021_05_LA_SEA,202110070sea,2021,5,REG,SEA,LA,Tyler Lockett,LockTy00,0,0,0,2,27.9
2021_05_LA_SEA,202110070sea,2021,5,REG,SEA,LA,D.K. Metcalf,MetcDK00,2,0,0,0,158.3
2021_05_LA_SEA,202110070sea,2021,5,REG,SEA,LA,Alex Collins,CollAl00,0,0,0,0,92.4
2021_05_LA_SEA,202110070sea,2021,5,REG,SEA,LA,DeeJay Dallas,DallDe00,1,0,0,0,118.7
2021_05_LA_SEA,202110070sea,2021,5,REG,SEA,LA,Will Dissly,DissWi00,0,1,0.25,0,74
2021_05_LA_SEA,202110070sea,2021,5,REG,SEA,LA,Penny Hart,HartPe01,0,0,0,0,106.2
2021_05_LA_SEA,202110070sea,2021,5,REG,SEA,LA,Travis Homer,HomeTr00,1,0,0,0,118.7
2021_05_LA_SEA,202110070sea,2021,5,REG,SEA,LA,Colby Parkinson,ParkCo02,0,0,0,0,56.2
2021_05_LA_SEA,202110070sea,2021,5,REG,SEA,LA,Freddie Swain,SwaiFr00,0,0,0,0,42.4
2021_05_NYJ_ATL,202110100atl,2021,5,REG,ATL,NYJ,Kyle Pitts,PittKy00,0,0,0,0,149.6
2021_05_NYJ_ATL,202110100atl,2021,5,REG,ATL,NYJ,Cordarrelle Patterson,PattCo00,0,0,0,0,94.4
2021_05_NYJ_ATL,202110100atl,2021,5,REG,ATL,NYJ,Hayden Hurst,HursHa00,0,0,0,0,139.6
2021_05_NYJ_ATL,202110100atl,2021,5,REG,ATL,NYJ,Tajae Sharpe,SharTa00,0,0,0,0,110.8
2021_05_NYJ_ATL,202110100atl,2021,5,REG,ATL,NYJ,Lee Smith,SmitLe00,0,0,0,0,108.3
2021_05_NYJ_ATL,202110100atl,2021,5,REG,ATL,NYJ,Olamide Zaccheaus,ZaccOl01,0,1,0.25,0,64.6
2021_05_NYJ_ATL,202110100atl,2021,5,REG,ATL,NYJ,Mike Davis,DaviMi01,2,0,0,0,47.9
2021_05_NYJ_ATL,202110100atl,2021,5,REG,ATL,NYJ,Christian Blake,BlakCh00,0,0,0,0,56.2
2021_05_NYJ_ATL,202110100atl,2021,5,REG,NYJ,ATL,Jamison Crowder,CrowJa00,0,0,0,0,74.3
2021_05_NYJ_ATL,202110100atl,2021,5,REG,NYJ,ATL,Corey Davis,DaviCo03,0,1,0.143,0,76.5
2021_05_NYJ_ATL,202110100atl,2021,5,REG,NYJ,ATL,Michael Carter,CartMi03,0,0,0,0,94.4
2021_05_NYJ_ATL,202110100atl,2021,5,REG,NYJ,ATL,Keelan Cole,ColeKe00,0,0,0,1,70.1
2021_05_NYJ_ATL,202110100atl,2021,5,REG,NYJ,ATL,Ty Johnson,JohnTy02,0,0,0,0,88.2
2021_05_NYJ_ATL,202110100atl,2021,5,REG,NYJ,ATL,Denzel Mims,MimsDe00,0,0,0,0,103.5
2021_05_NYJ_ATL,202110100atl,2021,5,REG,NYJ,ATL,Braxton Berrios,BerrBr00,0,0,0,0,91.7
2021_05_NYJ_ATL,202110100atl,2021,5,REG,NYJ,ATL,Ryan Griffin,GrifRy00,0,0,0,0,56.2
2021_05_NYJ_ATL,202110100atl,2021,5,REG,NYJ,ATL,Tevin Coleman,ColeTe01,0,0,0,0,39.6
2021_05_NYJ_ATL,202110100atl,2021,5,REG,NYJ,ATL,Elijah Moore,MoorEl00,0,0,0,0,39.6
2021_05_PHI_CAR,202110100car,2021,5,REG,CAR,PHI,Chuba Hubbard,HubbCh01,1,1,0.167,0,89.6
2021_05_PHI_CAR,202110100car,2021,5,REG,CAR,PHI,D.J. Moore,MoorD.00,0,0,0,2,47
2021_05_PHI_CAR,202110100car,2021,5,REG,CAR,PHI,Ian Thomas,ThomIa00,0,0,0,0,100
2021_05_PHI_CAR,202110100car,2021,5,REG,CAR,PHI,Robby Anderson,AndeRo04,0,1,0.143,1,5.4
2021_05_PHI_CAR,202110100car,2021,5,REG,CAR,PHI,Terrace Marshall Jr.,MarsTe00,0,0,0,0,77.1
2021_05_PHI_CAR,202110100car,2021,5,REG,CAR,PHI,Tommy Tremble,TremTo00,0,1,0.25,0,95.8
2021_05_PHI_CAR,202110100car,2021,5,REG,CAR,PHI,Royce Freeman,FreeRo00,0,0,0,0,56.2
2021_05_PHI_CAR,202110100car,2021,5,REG,PHI,CAR,DeVonta Smith,SmitDe07,0,1,0.111,0,102.3
2021_05_PHI_CAR,202110100car,2021,5,REG,PHI,CAR,Miles Sanders,SandMi01,0,0,0,0,79.2
2021_05_PHI_CAR,202110100car,2021,5,REG,PHI,CAR,Jalen Reagor,ReagJa00,0,1,0.2,0,72.1
2021_05_PHI_CAR,202110100car,2021,5,REG,PHI,CAR,Quez Watkins,WatkQu00,0,0,0,0,118.7
2021_05_PHI_CAR,202110100car,2021,5,REG,PHI,CAR,Dallas Goedert,GoedDa00,2,1,0.333,0,96.5
2021_05_PHI_CAR,202110100car,2021,5,REG,PHI,CAR,Zach Ertz,ErtzZa00,0,1,0.167,1,0
2021_05_PHI_CAR,202110100car,2021,5,REG,PHI,CAR,Kenneth Gainwell,GainKe00,0,1,0.333,0,42.4
2021_05_GB_CIN,202110100cin,2021,5,REG,CIN,GB,Ja'Marr Chase,ChasJa00,1,1,0.1,0,137.5
2021_05_GB_CIN,202110100cin,2021,5,REG,CIN,GB,Tee Higgins,HiggTe00,0,2,0.286,0,80.7
2021_05_GB_CIN,202110100cin,2021,5,REG,CIN,GB,Tyler Boyd,BoydTy00,0,0,0,1,47.1
2021_05_GB_CIN,202110100cin,2021,5,REG,CIN,GB,Samaje Perine,PeriSa00,0,0,0,0,126.2
2021_05_GB_CIN,202110100cin,2021,5,REG,CIN,GB,Drew Sample,SampDr00,0,1,0.25,0,56.2
2021_05_GB_CIN,202110100cin,2021,5,REG,CIN,GB,Chris Evans,EvanCh02,0,0,0,0,97.9
2021_05_GB_CIN,202110100cin,2021,5,REG,CIN,GB,C.J. Uzomah,UzomC.00,0,0,0,0,100
2021_05_GB_CIN,202110100cin,2021,5,REG,CIN,GB,Joe Mixon,MixoJo00,0,0,0,0,79.2
2021_05_GB_CIN,202110100cin,2021,5,REG,CIN,GB,Auden Tate,TateAu00,0,0,0,1,0
2021_05_NE_HOU,202110100htx,2021,5,REG,HOU,NE,David Johnson,JohnDa08,1,0,0,0,98.6
2021_05_NE_HOU,202110100htx,2021,5,REG,HOU,NE,Chris Moore,MoorCh00,0,0,0,0,158.3
2021_05_NE_HOU,202110100htx,2021,5,REG,HOU,NE,Chris Conley,ConlCh00,0,0,0,0,156.2
2021_05_NE_HOU,202110100htx,2021,5,REG,HOU,NE,Brandin Cooks,CookBr00,0,0,0,0,71.2
2021_05_NE_HOU,202110100htx,2021,5,REG,HOU,NE,Jordan Akins,AkinJo00,0,0,0,0,102.1
2021_05_NE_HOU,202110100htx,2021,5,REG,HOU,NE,Pharaoh Brown,BrowPh01,0,1,0.25,0,66.7
2021_05_NE_HOU,202110100htx,2021,5,REG,HOU,NE,Antony Auclair,AuclAn00,0,0,0,0,152.1
2021_05_TEN_JAX,202110100jax,2021,5,REG,JAX,TEN,Dan Arnold,ArnoDa00,1,0,0,0,97.9
2021_05_TEN_JAX,202110100jax,2021,5,REG,JAX,TEN,Jamal Agnew,AgneJa00,0,0,0,0,91.1
2021_05_TEN_JAX,202110100jax,2021,5,REG,JAX,TEN,Tavon Austin,AustTa00,1,0,0,0,111.7
2021_05_TEN_JAX,202110100jax,2021,5,REG,JAX,TEN,Marvin Jones,JoneMa02,0,0,0,1,4.9
2021_05_TEN_JAX,202110100jax,2021,5,REG,JAX,TEN,Dare Ogunbowale,OgunDa00,0,0,0,0,118.7
2021_05_TEN_JAX,202110100jax,2021,5,REG,JAX,TEN,Jacob Hollister,HollJa03,0,0,0,0,118.7
2021_05_TEN_JAX,202110100jax,2021,5,REG,JAX,TEN,Luke Farrell,FarrLu00,0,0,0,0,118.7
2021_05_TEN_JAX,202110100jax,2021,5,REG,JAX,TEN,James Robinson,RobiJa00,0,0,0,0,79.2
2021_05_TEN_JAX,202110100jax,2021,5,REG,JAX,TEN,Laviska Shenault Jr.,ShenLa00,4,0,0,0,81.9
2021_05_TEN_JAX,202110100jax,2021,5,REG,TEN,JAX,A.J. Brown,BrowAJ00,0,0,0,0,70.1
2021_05_TEN_JAX,202110100jax,2021,5,REG,TEN,JAX,Anthony Firkser,FirkAn00,0,0,0,0,99
2021_05_TEN_JAX,202110100jax,2021,5,REG,TEN,JAX,Marcus Johnson,JohnMa07,1,0,0,0,95.4
2021_05_TEN_JAX,202110100jax,2021,5,REG,TEN,JAX,Jeremy McNichols,McNiJe00,0,0,0,0,118.7
2021_05_TEN_JAX,202110100jax,2021,5,REG,TEN,JAX,Chester Rogers,RogeCh02,0,0,0,0,118.7
2021_05_TEN_JAX,202110100jax,2021,5,REG,TEN,JAX,Josh Reynolds,ReynJo00,0,0,0,0,100
2021_05_TEN_JAX,202110100jax,2021,5,REG,TEN,JAX,MyCole Pruitt,PruiMy00,0,0,0,0,158.3
2021_05_TEN_JAX,202110100jax,2021,5,REG,TEN,JAX,Geoff Swaim,SwaiGe00,0,0,0,0,39.6
2021_05_DET_MIN,202110100min,2021,5,REG,MIN,DET,Justin Jefferson,JeffJu00,0,0,0,0,118.7
2021_05_DET_MIN,202110100min,2021,5,REG,MIN,DET,Alexander Mattison,MattAl01,3,0,0,0,130.1
2021_05_DET_MIN,202110100min,2021,5,REG,MIN,DET,K.J. Osborn,OsboKJ00,0,0,0,1,39.6
2021_05_DET_MIN,202110100min,2021,5,REG,MIN,DET,Dede Westbrook,WestDe00,0,0,0,0,83.3
2021_05_DET_MIN,202110100min,2021,5,REG,MIN,DET,Tyler Conklin,ConkTy00,0,1,0.333,0,92.4
2021_05_DET_MIN,202110100min,2021,5,REG,MIN,DET,Adam Thielen,ThieAd00,0,1,0.333,0,109.7
2021_05_DET_MIN,202110100min,2021,5,REG,MIN,DET,C.J. Ham,HamxC.00,0,0,0,0,118.7
2021_05_DET_MIN,202110100min,2021,5,REG,MIN,DET,Ben Ellefson,ElleBe00,0,1,1,0,39.6
2021_05_DET_MIN,202110100min,2021,5,REG,DET,MIN,Amon-Ra St. Brown,StxxAm00,0,0,0,0,100.5
2021_05_DET_MIN,202110100min,2021,5,REG,DET,MIN,D'Andre Swift,SwifDA00,1,0,0,0,103.5
2021_05_DET_MIN,202110100min,2021,5,REG,DET,MIN,Quintez Cephus,CephQu00,1,0,0,0,118.7
2021_05_DET_MIN,202110100min,2021,5,REG,DET,MIN,T.J. Hockenson,HockTJ00,0,0,0,0,88.2
2021_05_DET_MIN,202110100min,2021,5,REG,DET,MIN,Jamaal Williams,WillJa06,0,0,0,0,83.3
2021_05_DET_MIN,202110100min,2021,5,REG,DET,MIN,KhaDarel Hodge,HodgKh00,0,0,0,1,1.7
2021_05_DET_MIN,202110100min,2021,5,REG,DET,MIN,Trinity Benson,BensTr00,0,1,0.5,0,39.6
2021_05_DET_MIN,202110100min,2021,5,REG,DET,MIN,Kalif Raymond,RaymKa00,0,0,0,0,39.6
2021_05_DEN_PIT,202110100pit,2021,5,REG,PIT,DEN,Chase Claypool,ClayCh01,1,0,0,0,158.3
2021_05_DEN_PIT,202110100pit,2021,5,REG,PIT,DEN,Diontae Johnson,JohnDi01,0,0,0,0,158.3
2021_05_DEN_PIT,202110100pit,2021,5,REG,PIT,DEN,Najee Harris,HarrNa00,0,0,0,0,52.1
2021_05_DEN_PIT,202110100pit,2021,5,REG,PIT,DEN,Pat Freiermuth,FreiPa00,0,0,0,0,81.2
2021_05_DEN_PIT,202110100pit,2021,5,REG,PIT,DEN,Eric Ebron,EbroEr00,0,0,0,0,87.5
2021_05_DEN_PIT,202110100pit,2021,5,REG,PIT,DEN,Ray-Ray McCloud,McClRa00,0,0,0,0,56.2
2021_05_DEN_PIT,202110100pit,2021,5,REG,PIT,DEN,Zach Gentry,GentZa00,0,0,0,0,70.8
2021_05_DEN_PIT,202110100pit,2021,5,REG,PIT,DEN,JuJu Smith-Schuster,SmitJu00,0,0,0,0,39.6
2021_05_DEN_PIT,202110100pit,2021,5,REG,PIT,DEN,Benny Snell Jr.,SnelBe00,0,1,1,0,39.6
2021_05_DEN_PIT,202110100pit,2021,5,REG,PIT,DEN,Cody White,WhitCo05,0,1,1,0,39.6
2021_05_DEN_PIT,202110100pit,2021,5,REG,PIT,DEN,Kalen Ballage,BallKa00,0,0,0,0,39.6
2021_05_DEN_PIT,202110100pit,2021,5,REG,DEN,PIT,Courtland Sutton,SuttCo00,0,1,0.091,1,93
2021_05_DEN_PIT,202110100pit,2021,5,REG,DEN,PIT,Tim Patrick,PatrTi00,0,0,0,0,107.9
2021_05_DEN_PIT,202110100pit,2021,5,REG,DEN,PIT,Javonte Williams,WillJa10,0,0,0,0,101.4
2021_05_DEN_PIT,202110100pit,2021,5,REG,DEN,PIT,Noah Fant,FantNo00,0,1,0.25,0,85.4
2021_05_DEN_PIT,202110100pit,2021,5,REG,DEN,PIT,Melvin Gordon,GordMe00,0,0,0,0,85.4
2021_05_DEN_PIT,202110100pit,2021,5,REG,DEN,PIT,Kendall Hinton,HintKe00,0,0,0,0,131.9
2021_05_DEN_PIT,202110100pit,2021,5,REG,DEN,PIT,Diontae Spencer,SpenDi00,0,0,0,0,39.6
2021_05_DEN_PIT,202110100pit,2021,5,REG,DEN,PIT,David Moore,MoorDa03,0,0,0,0,39.6
2021_05_MIA_TB,202110100tam,2021,5,REG,MIA,TB,Myles Gaskin,GaskMy00,0,0,0,0,137.1
2021_05_MIA_TB,202110100tam,2021,5,REG,MIA,TB,Mike Gesicki,GesiMi00,1,0,0,0,75.3
2021_05_MIA_TB,202110100tam,2021,5,REG,MIA,TB,Preston Williams,WillPr01,0,1,0.2,0,102.1
2021_05_MIA_TB,202110100tam,2021,5,REG,MIA,TB,Jaylen Waddle,WaddJa00,0,2,0.333,1,11.8
2021_05_MIA_TB,202110100tam,2021,5,REG,MIA,TB,Durham Smythe,SmytDu00,0,0,0,0,89.6
2021_05_MIA_TB,202110100tam,2021,5,REG,MIA,TB,Adam Shaheen,ShahAd00,1,0,0,0,97.9
2021_05_MIA_TB,202110100tam,2021,5,REG,MIA,TB,Salvon Ahmed,AhmeSa01,0,1,0.333,0,79.9
2021_05_MIA_TB,202110100tam,2021,5,REG,MIA,TB,Isaiah Ford,FordIs00,0,0,0,0,79.2
2021_05_MIA_TB,202110100tam,2021,5,REG,MIA,TB,Mack Hollins,HollMa00,0,0,0,0,64.6
2021_05_NO_WAS,202110100was,2021,5,REG,WAS,NO,Ricky Seals-Jones,SealRi00,1,0,0,0,67.4
2021_05_NO_WAS,202110100was,2021,5,REG,WAS,NO,DeAndre Carter,CartDe02,0,0,0,1,36.5
2021_05_NO_WAS,202110100was,2021,5,REG,WAS,NO,Terry McLaurin,McLaTe00,0,1,0.091,0,49.8
2021_05_NO_WAS,202110100was,2021,5,REG,WAS,NO,Adam Humphries,HumpAd00,0,0,0,0,104.2
2021_05_NO_WAS,202110100was,2021,5,REG,WAS,NO,Antonio Gibson,GibsAn00,0,0,0,0,91.7
2021_05_NO_WAS,202110100was,2021,5,REG,WAS,NO,J.D. McKissic,McKiJ.00,0,0,0,0,39.6
2021_05_NO_WAS,202110100was,2021,5,REG,WAS,NO,Dax Milne,MilnDa00,0,0,0,0,91.7
2021_05_NO_WAS,202110100was,2021,5,REG,WAS,NO,Curtis Samuel,SamuCu00,0,0,0,1,0
2021_05_CLE_LAC,202110100sdg,2021,5,REG,LAC,CLE,Mike Williams,WillMi07,0,0,0,0,126.3
2021_05_CLE_LAC,202110100sdg,2021,5,REG,LAC,CLE,Keenan Allen,AlleKe00,0,1,0.111,0,92.4
2021_05_CLE_LAC,202110100sdg,2021,5,REG,LAC,CLE,Austin Ekeler,EkelAu00,1,0,0,0,150.4
2021_05_CLE_LAC,202110100sdg,2021,5,REG,LAC,CLE,Jalen Guyton,GuytJa01,0,0,0,0,106.2
2021_05_CLE_LAC,202110100sdg,2021,5,REG,LAC,CLE,Josh Palmer,PalmJo00,0,0,0,0,74.3
2021_05_CLE_LAC,202110100sdg,2021,5,REG,LAC,CLE,Donald Parham,ParhDo00,0,0,0,0,158.3
2021_05_CLE_LAC,202110100sdg,2021,5,REG,LAC,CLE,Jared Cook,CookJa02,0,0,0,0,70.1
2021_05_CLE_LAC,202110100sdg,2021,5,REG,LAC,CLE,Stephen Anderson,AndeSt01,0,0,0,0,39.6
2021_05_CLE_LAC,202110100sdg,2021,5,REG,CLE,LAC,David Njoku,NjokDa00,1,0,0,0,158.3
2021_05_CLE_LAC,202110100sdg,2021,5,REG,CLE,LAC,Kareem Hunt,HuntKa00,0,1,0.167,0,86.1
2021_05_CLE_LAC,202110100sdg,2021,5,REG,CLE,LAC,Donovan Peoples-Jones,PeopDo00,1,0,0,0,115.3
2021_05_CLE_LAC,202110100sdg,2021,5,REG,CLE,LAC,Rashard Higgins,HiggRa00,0,0,0,0,115.8
2021_05_CLE_LAC,202110100sdg,2021,5,REG,CLE,LAC,Odell Beckham Jr.,BeckOd00,0,1,0.333,0,85.4
2021_05_CLE_LAC,202110100sdg,2021,5,REG,CLE,LAC,Nick Chubb,ChubNi00,0,0,0,0,104.2
2021_05_CLE_LAC,202110100sdg,2021,5,REG,CLE,LAC,Anthony Schwartz,SchwAn00,0,0,0,0,39.6
2021_05_CHI_LV,202110100rai,2021,5,REG,CHI,LV,Allen Robinson,RobiAl02,0,0,0,0,93.3
2021_05_CHI_LV,202110100rai,2021,5,REG,CHI,LV,Darnell Mooney,MoonDa00,0,0,0,0,81.2
2021_05_CHI_LV,202110100rai,2021,5,REG,CHI,LV,Cole Kmet,KmetCo00,1,0,0,0,66.7
2021_05_CHI_LV,202110100rai,2021,5,REG,CHI,LV,Damien Williams,WillDa05,0,0,0,0,85.4
2021_05_CHI_LV,202110100rai,2021,5,REG,CHI,LV,Marquise Goodwin,GoodMa00,0,0,0,0,60.4
2021_05_CHI_LV,202110100rai,2021,5,REG,CHI,LV,Jesper Horsted,HorsJe00,0,0,0,0,118.7
2021_05_SF_ARI,202110100crd,2021,5,REG,ARI,SF,DeAndre Hopkins,HopkDe00,0,0,0,0,135
2021_05_SF_ARI,202110100crd,2021,5,REG,ARI,SF,Christian Kirk,KirkCh01,0,0,0,0,99.2
2021_05_SF_ARI,202110100crd,2021,5,REG,ARI,SF,Rondale Moore,MoorRo02,0,0,0,0,107.6
2021_05_SF_ARI,202110100crd,2021,5,REG,ARI,SF,Chase Edmonds,EdmoCh00,0,1,0.25,0,84.4
2021_05_SF_ARI,202110100crd,2021,5,REG,ARI,SF,James Conner,ConnJa00,0,0,0,0,100
2021_05_SF_ARI,202110100crd,2021,5,REG,ARI,SF,A.J. Green,GreeA.00,0,0,0,0,70.8
2021_05_SF_ARI,202110100crd,2021,5,REG,ARI,SF,Maxx Williams,WillMa04,1,0,0,0,118.7
2021_05_NYG_DAL,202110100dal,2021,5,REG,DAL,NYG,Dalton Schultz,SchuDa00,0,1,0.125,0,105.7
2021_05_NYG_DAL,202110100dal,2021,5,REG,DAL,NYG,CeeDee Lamb,LambCe00,0,0,0,0,149.3
2021_05_NYG_DAL,202110100dal,2021,5,REG,DAL,NYG,Tony Pollard,PollTo00,1,0,0,0,95.8
2021_05_NYG_DAL,202110100dal,2021,5,REG,DAL,NYG,Noah Brown,BrowNo00,1,0,0,0,102.1
2021_05_NYG_DAL,202110100dal,2021,5,REG,DAL,NYG,Amari Cooper,CoopAm00,0,0,0,0,125
2021_05_NYG_DAL,202110100dal,2021,5,REG,DAL,NYG,Ezekiel Elliott,ElliEz00,0,0,0,1,70.1
2021_05_NYG_DAL,202110100dal,2021,5,REG,DAL,NYG,Cedrick Wilson Jr.,WilsCe01,0,0,0,0,118.7
2021_05_NYG_DAL,202110100dal,2021,5,REG,NYG,DAL,Kadarius Toney,ToneKa00,0,0,0,0,118.3
2021_05_NYG_DAL,202110100dal,2021,5,REG,NYG,DAL,Evan Engram,EngrEv00,0,0,0,0,118.7
2021_05_NYG_DAL,202110100dal,2021,5,REG,NYG,DAL,Devontae Booker,BookDe00,0,1,0.25,0,120.8
2021_05_NYG_DAL,202110100dal,2021,5,REG,NYG,DAL,C.J. Board,BoarC.00,0,0,0,1,30.6
2021_05_NYG_DAL,202110100dal,2021,5,REG,NYG,DAL,John Ross,RossJo00,0,1,0.2,0,39.6
2021_05_NYG_DAL,202110100dal,2021,5,REG,NYG,DAL,Kyle Rudolph,RudoKy00,0,0,0,0,118.7
2021_05_NYG_DAL,202110100dal,2021,5,REG,NYG,DAL,Saquon Barkley,BarkSa00,0,0,0,0,39.6
2021_05_NYG_DAL,202110100dal,2021,5,REG,NYG,DAL,Kenny Golladay,GollKe00,0,0,0,0,39.6
2021_05_NYG_DAL,202110100dal,2021,5,REG,NYG,DAL,Collin Johnson,JohnCo01,0,0,0,1,0
2021_05_BUF_KC,202110100kan,2021,5,REG,BUF,KC,Dawson Knox,KnoxDa00,0,0,0,0,156.2
2021_05_BUF_KC,202110100kan,2021,5,REG,BUF,KC,Emmanuel Sanders,SandEm00,0,0,0,0,136.7
2021_05_BUF_KC,202110100kan,2021,5,REG,BUF,KC,Zack Moss,MossZa00,1,1,0.25,0,116.7
2021_05_BUF_KC,202110100kan,2021,5,REG,BUF,KC,Stefon Diggs,DiggSt00,0,0,0,0,87.5
2021_05_BUF_KC,202110100kan,2021,5,REG,BUF,KC,Cole Beasley,BeasCo00,0,0,0,0,56.2
2021_05_BUF_KC,202110100kan,2021,5,REG,BUF,KC,Gabriel Davis,DaviGa01,0,0,0,0,118.7
2021_05_BUF_KC,202110100kan,2021,5,REG,BUF,KC,Tommy Sweeney,SweeTo00,0,0,0,0,79.2
2021_05_BUF_KC,202110100kan,2021,5,REG,BUF,KC,Devin Singletary,SingDe00,0,1,0.5,0,56.2
2021_05_IND_BAL,202110110rav,2021,5,REG,BAL,IND,Mark Andrews,AndrMa00,1,1,0.077,0,153.4
2021_05_IND_BAL,202110110rav,2021,5,REG,BAL,IND,Marquise Brown,BrowMa04,1,0,0,0,158.3
2021_05_IND_BAL,202110110rav,2021,5,REG,BAL,IND,Devin Duvernay,DuveDe00,0,0,0,0,113.5
2021_05_IND_BAL,202110110rav,2021,5,REG,BAL,IND,Devonta Freeman,FreeDe00,1,0,0,0,100
2021_05_IND_BAL,202110110rav,2021,5,REG,BAL,IND,Latavius Murray,MurrLa00,0,1,0.333,0,75.7
2021_05_IND_BAL,202110110rav,2021,5,REG,BAL,IND,Josh Oliver,OlivJo00,0,0,0,0,93.7
2021_05_IND_BAL,202110110rav,2021,5,REG,BAL,IND,James Proche,ProcJa00,0,0,0,0,97.9
2021_05_IND_BAL,202110110rav,2021,5,REG,BAL,IND,Sammy Watkins,WatkSa00,0,0,0,0,106.2
2021_05_IND_BAL,202110110rav,2021,5,REG,BAL,IND,Ty'Son Williams,WillTy01,0,0,0,0,97.9
2021_05_IND_BAL,202110110rav,2021,5,REG,IND,BAL,Michael Pittman Jr.,PittMi01,0,0,0,0,158.3
2021_05_IND_BAL,202110110rav,2021,5,REG,IND,BAL,Parris Campbell,CampPa00,0,0,0,0,96.5
2021_05_IND_BAL,202110110rav,2021,5,REG,IND,BAL,Mo Alie-Cox,AlieMo00,0,0,0,0,116.7
2021_05_IND_BAL,202110110rav,2021,5,REG,IND,BAL,Jonathan Taylor,TaylJo02,1,1,0.25,0,156.2
2021_05_IND_BAL,202110110rav,2021,5,REG,IND,BAL,Zach Pascal,PascZa00,0,0,0,0,92.1
2021_05_IND_BAL,202110110rav,2021,5,REG,IND,BAL,Ashton Dulin,DuliAs00,0,0,0,0,93.7
2021_05_IND_BAL,202110110rav,2021,5,REG,IND,BAL,Kylen Granson,GranKy00,0,0,0,0,106.2
2021_05_IND_BAL,202110110rav,2021,5,REG,IND,BAL,Jack Doyle,DoylJa00,0,0,0,0,83.3
2021_05_IND_BAL,202110110rav,2021,5,REG,IND,BAL,Marlon Mack,MackMa00,0,0,0,0,58.3
2021_05_IND_BAL,202110110rav,2021,5,REG,IND,BAL,Nyheim Hines,HineNy00,0,0,0,0,39.6
2021_06_TB_PHI,202110140phi,2021,6,REG,PHI,TB,Zach Ertz,ErtzZa00,0,0,0,0,117.4
2021_06_TB_PHI,202110140phi,2021,6,REG,PHI,TB,Quez Watkins,WatkQu00,0,0,0,1,49.2
2021_06_TB_PHI,202110140phi,2021,6,REG,PHI,TB,Miles Sanders,SandMi01,1,0,0,0,56.2
2021_06_TB_PHI,202110140phi,2021,6,REG,PHI,TB,DeVonta Smith,SmitDe07,0,0,0,0,76
2021_06_TB_PHI,202110140phi,2021,6,REG,PHI,TB,Kenneth Gainwell,GainKe00,0,0,0,0,56.2
2021_06_TB_PHI,202110140phi,2021,6,REG,PHI,TB,Jalen Reagor,ReagJa00,0,0,0,0,39.6
2021_06_MIA_JAX,202110170jax,2021,6,REG,JAX,MIA,Marvin Jones,JoneMa02,0,0,0,0,135.4
2021_06_MIA_JAX,202110170jax,2021,6,REG,JAX,MIA,Laviska Shenault Jr.,ShenLa00,0,1,0.1,0,74.6
2021_06_MIA_JAX,202110170jax,2021,6,REG,JAX,MIA,Jamal Agnew,AgneJa00,0,0,0,0,118.7
2021_06_MIA_JAX,202110170jax,2021,6,REG,JAX,MIA,James Robinson,RobiJa00,0,0,0,0,93.7
2021_06_MIA_JAX,202110170jax,2021,6,REG,JAX,MIA,Dan Arnold,ArnoDa00,0,1,0.2,0,57.9
2021_06_MIA_JAX,202110170jax,2021,6,REG,JAX,MIA,Luke Farrell,FarrLu00,0,0,0,0,118.7
2021_06_MIA_JAX,202110170jax,2021,6,REG,JAX,MIA,Chris Manhertz,ManhCh00,0,0,0,0,112.5
2021_06_MIA_JAX,202110170jax,2021,6,REG,JAX,MIA,Jacob Hollister,HollJa03,0,0,0,0,39.6
2021_06_MIA_JAX,202110170jax,2021,6,REG,JAX,MIA,Tavon Austin,AustTa00,0,0,0,0,39.6
2021_06_MIA_JAX,202110170jax,2021,6,REG,JAX,MIA,Laquon Treadwell,TreaLa00,0,0,0,0,39.6
2021_06_MIA_JAX,202110170jax,2021,6,REG,MIA,JAX,Jaylen Waddle,WaddJa00,0,0,0,1,96.2
2021_06_MIA_JAX,202110170jax,2021,6,REG,MIA,JAX,Mike Gesicki,GesiMi00,0,0,0,0,118.7
2021_06_MIA_JAX,202110170jax,2021,6,REG,MIA,JAX,Durham Smythe,SmytDu00,0,0,0,0,107.6
2021_06_MIA_JAX,202110170jax,2021,6,REG,MIA,JAX,Mack Hollins,HollMa00,0,0,0,0,117.5
2021_06_MIA_JAX,202110170jax,2021,6,REG,MIA,JAX,Albert Wilson,WilsAl02,0,0,0,0,95.8
2021_06_MIA_JAX,202110170jax,2021,6,REG,MIA,JAX,Myles Gaskin,GaskMy00,0,1,0.167,0,42.4
2021_06_MIA_JAX,202110170jax,2021,6,REG,MIA,JAX,Salvon Ahmed,AhmeSa01,0,1,0.5,0,75
2021_06_MIA_JAX,202110170jax,2021,6,REG,MIA,JAX,Cethan Carter,CartCe00,0,0,0,0,100
2021_06_MIA_JAX,202110170jax,2021,6,REG,MIA,JAX,Malcolm Brown,BrowMa03,0,0,0,0,95.8
2021_06_MIA_JAX,202110170jax,2021,6,REG,MIA,JAX,Isaiah Ford,FordIs00,0,0,0,0,39.6
2021_06_MIA_JAX,202110170jax,2021,6,REG,MIA,JAX,Hunter Long,LongHu00,0,0,0,0,39.6
2021_06_LAC_BAL,202110170rav,2021,6,REG,BAL,LAC,Mark Andrews,AndrMa00,0,0,0,0,153.5
2021_06_LAC_BAL,202110170rav,2021,6,REG,BAL,LAC,Marquise Brown,BrowMa04,1,1,0.2,0,95.8
2021_06_LAC_BAL,202110170rav,2021,6,REG,BAL,LAC,Rashod Bateman,BateRa00,0,1,0.167,2,38.2
2021_06_LAC_BAL,202110170rav,2021,6,REG,BAL,LAC,Devin Duvernay,DuveDe00,0,0,0,0,78.5
2021_06_LAC_BAL,202110170rav,2021,6,REG,BAL,LAC,Latavius Murray,MurrLa00,0,0,0,0,91.7
2021_06_LAC_BAL,202110170rav,2021,6,REG,BAL,LAC,Josh Oliver,OlivJo00,0,0,0,0,79.2
2021_06_LAC_BAL,202110170rav,2021,6,REG,BAL,LAC,Miles Boykin,BoykMi00,0,0,0,0,91.7
2021_06_LAC_BAL,202110170rav,2021,6,REG,BAL,LAC,Devonta Freeman,FreeDe00,0,0,0,0,39.6
2021_06_LAC_BAL,202110170rav,2021,6,REG,BAL,LAC,James Proche,ProcJa00,0,0,0,0,39.6
2021_06_LAC_BAL,202110170rav,2021,6,REG,LAC,BAL,Keenan Allen,AlleKe00,0,0,0,0,108.3
2021_06_LAC_BAL,202110170rav,2021,6,REG,LAC,BAL,Jared Cook,CookJa02,0,1,0.143,1,64.6
2021_06_LAC_BAL,202110170rav,2021,6,REG,LAC,BAL,Austin Ekeler,EkelAu00,0,0,0,0,78.3
2021_06_LAC_BAL,202110170rav,2021,6,REG,LAC,BAL,Mike Williams,WillMi07,0,0,0,0,57.9
2021_06_LAC_BAL,202110170rav,2021,6,REG,LAC,BAL,Donald Parham,ParhDo00,0,0,0,0,87.5
2021_06_LAC_BAL,202110170rav,2021,6,REG,LAC,BAL,Stephen Anderson,AndeSt01,0,0,0,0,56.2
2021_06_LAC_BAL,202110170rav,2021,6,REG,LAC,BAL,Josh Palmer,PalmJo00,0,0,0,0,39.6
2021_06_LAC_BAL,202110170rav,2021,6,REG,LAC,BAL,Gabe Nabers,NabeGa00,0,0,0,0,91.7
2021_06_LAC_BAL,202110170rav,2021,6,REG,LAC,BAL,Justin Jackson,JackJu01,0,0,0,0,95.8
2021_06_LAC_BAL,202110170rav,2021,6,REG,LAC,BAL,Jalen Guyton,GuytJa01,0,1,0.2,0,39.6
2021_06_MIN_CAR,202110170car,2021,6,REG,CAR,MIN,D.J. Moore,MoorD.00,0,2,0.154,0,57.5
2021_06_MIN_CAR,202110170car,2021,6,REG,CAR,MIN,Robby Anderson,AndeRo04,1,3,0.273,1,32
2021_06_MIN_CAR,202110170car,2021,6,REG,CAR,MIN,Brandon Zylstra,ZylsBr00,0,0,0,0,111.1
2021_06_MIN_CAR,202110170car,2021,6,REG,CAR,MIN,Shi Smith,SmitSh03,0,0,0,0,108.3
2021_06_MIN_CAR,202110170car,2021,6,REG,CAR,MIN,Alex Erickson,EricAl01,0,0,0,0,118.7
2021_06_MIN_CAR,202110170car,2021,6,REG,CAR,MIN,Chuba Hubbard,HubbCh01,0,2,0.667,0,42.4
2021_06_MIN_CAR,202110170car,2021,6,REG,CAR,MIN,Terrace Marshall Jr.,MarsTe00,0,0,0,0,62.5
2021_06_MIN_CAR,202110170car,2021,6,REG,CAR,MIN,Ian Thomas,ThomIa00,0,0,0,0,95.8
2021_06_MIN_CAR,202110170car,2021,6,REG,CAR,MIN,Tommy Tremble,TremTo00,0,0,0,0,39.6
2021_06_MIN_CAR,202110170car,2021,6,REG,MIN,CAR,Adam Thielen,ThieAd00,1,0,0,0,132.7
2021_06_MIN_CAR,202110170car,2021,6,REG,MIN,CAR,Justin Jefferson,JeffJu00,0,0,0,0,73.5
2021_06_MIN_CAR,202110170car,2021,6,REG,MIN,CAR,K.J. Osborn,OsboKJ00,0,0,0,0,152.7
2021_06_MIN_CAR,202110170car,2021,6,REG,MIN,CAR,Tyler Conklin,ConkTy00,0,0,0,0,104.2
2021_06_MIN_CAR,202110170car,2021,6,REG,MIN,CAR,Dalvin Cook,CookDa01,0,0,0,0,79.2
2021_06_MIN_CAR,202110170car,2021,6,REG,MIN,CAR,Dede Westbrook,WestDe00,0,0,0,0,75.7
2021_06_MIN_CAR,202110170car,2021,6,REG,MIN,CAR,Chris Herndon,HernCh00,0,0,0,0,118.7
2021_06_GB_CHI,202110170chi,2021,6,REG,CHI,GB,Darnell Mooney,MoonDa00,0,1,0.125,0,117.2
2021_06_GB_CHI,202110170chi,2021,6,REG,CHI,GB,Cole Kmet,KmetCo00,0,0,0,0,107.5
2021_06_GB_CHI,202110170chi,2021,6,REG,CHI,GB,Allen Robinson,RobiAl02,0,0,0,1,41.7
2021_06_GB_CHI,202110170chi,2021,6,REG,CHI,GB,Khalil Herbert,HerbKh00,0,0,0,0,78.5
2021_06_GB_CHI,202110170chi,2021,6,REG,CHI,GB,Marquise Goodwin,GoodMa00,0,0,0,0,116.7
2021_06_GB_CHI,202110170chi,2021,6,REG,CHI,GB,Damiere Byrd,ByrdDa00,0,1,1,0,39.6
2021_06_CIN_DET,202110170det,2021,6,REG,DET,CIN,T.J. Hockenson,HockTJ00,1,0,0,0,90.7
2021_06_CIN_DET,202110170det,2021,6,REG,DET,CIN,Kalif Raymond,RaymKa00,1,0,0,0,88.7
2021_06_CIN_DET,202110170det,2021,6,REG,DET,CIN,Amon-Ra St. Brown,StxxAm00,0,1,0.143,1,37.5
2021_06_CIN_DET,202110170det,2021,6,REG,DET,CIN,D'Andre Swift,SwifDA00,1,1,0.143,0,87.2
2021_06_CIN_DET,202110170det,2021,6,REG,DET,CIN,KhaDarel Hodge,HodgKh00,0,0,0,0,56.2
2021_06_CIN_DET,202110170det,2021,6,REG,DET,CIN,Tom Kennedy,KennTo01,0,0,0,0,118.7
2021_06_CIN_DET,202110170det,2021,6,REG,DET,CIN,Jamaal Williams,WillJa06,0,1,0.5,0,56.2
2021_06_CIN_DET,202110170det,2021,6,REG,CIN,DET,Joe Mixon,MixoJo00,0,0,0,0,147.2
2021_06_CIN_DET,202110170det,2021,6,REG,CIN,DET,Ja'Marr Chase,ChasJa00,0,1,0.167,1,70.1
2021_06_CIN_DET,202110170det,2021,6,REG,CIN,DET,Chris Evans,EvanCh02,1,0,0,0,158.3
2021_06_CIN_DET,202110170det,2021,6,REG,CIN,DET,Tee Higgins,HiggTe00,0,0,0,0,74.3
2021_06_CIN_DET,202110170det,2021,6,REG,CIN,DET,C.J. Uzomah,UzomC.00,0,0,0,0,127.1
2021_06_CIN_DET,202110170det,2021,6,REG,CIN,DET,Tyler Boyd,BoydTy00,0,0,0,0,42.4
2021_06_CIN_DET,202110170det,2021,6,REG,CIN,DET,Auden Tate,TateAu00,0,0,0,0,135.4
2021_06_CIN_DET,202110170det,2021,6,REG,CIN,DET,Drew Sample,SampDr00,0,0,0,0,39.6
2021_06_HOU_IND,202110170clt,2021,6,REG,IND,HOU,T.Y. Hilton,HiltT.00,0,0,0,0,118.7
2021_06_HOU_IND,202110170clt,2021,6,REG,IND,HOU,Michael Pittman Jr.,PittMi01,0,0,0,0,106.2
2021_06_HOU_IND,202110170clt,2021,6,REG,IND,HOU,Ashton Dulin,DuliAs00,0,0,0,0,95.8
2021_06_HOU_IND,202110170clt,2021,6,REG,IND,HOU,Jonathan Taylor,TaylJo02,0,1,0.5,0,70.8
2021_06_HOU_IND,202110170clt,2021,6,REG,IND,HOU,Nyheim Hines,HineNy00,1,0,0,0,62.5
2021_06_HOU_IND,202110170clt,2021,6,REG,IND,HOU,Parris Campbell,CampPa00,0,0,0,0,158.3
2021_06_HOU_IND,202110170clt,2021,6,REG,IND,HOU,Mo Alie-Cox,AlieMo00,0,1,0.333,0,108.3
2021_06_HOU_IND,202110170clt,2021,6,REG,IND,HOU,Jack Doyle,DoylJa00,0,1,1,0,39.6
2021_06_HOU_IND,202110170clt,2021,6,REG,IND,HOU,Zach Pascal,PascZa00,0,0,0,0,39.6
2021_06_HOU_IND,202110170clt,2021,6,REG,HOU,IND,Brandin Cooks,CookBr00,0,0,0,1,56.3
2021_06_HOU_IND,202110170clt,2021,6,REG,HOU,IND,Nico Collins,CollNi00,0,0,0,1,48.6
2021_06_HOU_IND,202110170clt,2021,6,REG,HOU,IND,Chris Moore,MoorCh00,0,0,0,0,79.2
2021_06_HOU_IND,202110170clt,2021,6,REG,HOU,IND,Jordan Akins,AkinJo00,0,0,0,0,86.1
2021_06_HOU_IND,202110170clt,2021,6,REG,HOU,IND,Pharaoh Brown,BrowPh01,0,0,0,0,70.1
2021_06_HOU_IND,202110170clt,2021,6,REG,HOU,IND,Phillip Lindsay,LindPh00,0,0,0,0,97.9
2021_06_HOU_IND,202110170clt,2021,6,REG,HOU,IND,Mark Ingram,IngrMa01,0,0,0,0,83.3
2021_06_HOU_IND,202110170clt,2021,6,REG,HOU,IND,Chris Conley,ConlCh00,0,1,0.5,0,64.6
2021_06_HOU_IND,202110170clt,2021,6,REG,HOU,IND,David Johnson,JohnDa08,0,0,0,0,72.9
2021_06_HOU_IND,202110170clt,2021,6,REG,HOU,IND,Rex Burkhead,BurkRe00,0,0,0,0,39.6
2021_06_LA_NYG,202110170nyg,2021,6,REG,NYG,LA,Sterling Shepard,ShepSt00,0,1,0.071,1,54.5
2021_06_LA_NYG,202110170nyg,2021,6,REG,NYG,LA,Dante Pettis,PettDa00,0,2,0.182,1,20.3
2021_06_LA_NYG,202110170nyg,2021,6,REG,NYG,LA,Devontae Booker,BookDe00,0,0,0,0,95.8
2021_06_LA_NYG,202110170nyg,2021,6,REG,NYG,LA,Evan Engram,EngrEv00,0,0,0,1,32.5
2021_06_LA_NYG,202110170nyg,2021,6,REG,NYG,LA,Kadarius Toney,ToneKa00,0,0,0,0,116.7
2021_06_LA_NYG,202110170nyg,2021,6,REG,NYG,LA,Collin Johnson,JohnCo01,0,1,0.2,0,52.9
2021_06_LA_NYG,202110170nyg,2021,6,REG,NYG,LA,Elijhaa Penny,PennEl00,0,0,0,0,56.2
2021_06_LA_NYG,202110170nyg,2021,6,REG,NYG,LA,Kyle Rudolph,RudoKy00,1,0,0,0,60.4
2021_06_LA_NYG,202110170nyg,2021,6,REG,NYG,LA,John Ross,RossJo00,0,0,0,0,39.6
2021_06_KC_WAS,202110170was,2021,6,REG,WAS,KC,J.D. McKissic,McKiJ.00,0,0,0,1,54.2
2021_06_KC_WAS,202110170was,2021,6,REG,WAS,KC,Terry McLaurin,McLaTe00,0,1,0.125,0,58.3
2021_06_KC_WAS,202110170was,2021,6,REG,WAS,KC,Ricky Seals-Jones,SealRi00,0,0,0,0,137.5
2021_06_KC_WAS,202110170was,2021,6,REG,WAS,KC,Dyami Brown,BrowDy00,0,0,0,0,64.6
2021_06_KC_WAS,202110170was,2021,6,REG,WAS,KC,Antonio Gibson,GibsAn00,0,1,0.333,0,70.1
2021_06_KC_WAS,202110170was,2021,6,REG,WAS,KC,John Bates,BateJo00,0,0,0,0,95.8
2021_06_KC_WAS,202110170was,2021,6,REG,WAS,KC,Adam Humphries,HumpAd00,0,0,0,0,56.2
2021_06_KC_WAS,202110170was,2021,6,REG,WAS,KC,Jaret Patterson,PattJa01,0,0,0,0,79.2
2021_06_KC_WAS,202110170was,2021,6,REG,WAS,KC,Dax Milne,MilnDa00,0,0,0,0,39.6
2021_06_KC_WAS,202110170was,2021,6,REG,WAS,KC,DeAndre Carter,CartDe02,0,0,0,0,39.6
2021_06_ARI_CLE,202110170cle,2021,6,REG,CLE,ARI,Odell Beckham Jr.,BeckOd00,1,0,0,0,95.3
2021_06_ARI_CLE,202110170cle,2021,6,REG,CLE,ARI,Donovan Peoples-Jones,PeopDo00,1,0,0,0,158.3
2021_06_ARI_CLE,202110170cle,2021,6,REG,CLE,ARI,Kareem Hunt,HuntKa00,0,0,0,0,83.3
2021_06_ARI_CLE,202110170cle,2021,6,REG,CLE,ARI,Demetric Felton,FeltDe00,0,0,0,0,95.8
2021_06_ARI_CLE,202110170cle,2021,6,REG,CLE,ARI,Anthony Schwartz,SchwAn00,0,0,0,0,72.9
2021_06_ARI_CLE,202110170cle,2021,6,REG,CLE,ARI,Austin Hooper,HoopAu00,0,1,0.333,0,42.4
2021_06_ARI_CLE,202110170cle,2021,6,REG,CLE,ARI,D'Ernest Johnson,JohnDE04,0,0,0,0,95.8
2021_06_ARI_CLE,202110170cle,2021,6,REG,CLE,ARI,David Njoku,NjokDa00,1,1,0.5,0,56.2
2021_06_ARI_CLE,202110170cle,2021,6,REG,CLE,ARI,Johnny Stanton,StanJo02,0,0,0,0,91.7
2021_06_ARI_CLE,202110170cle,2021,6,REG,CLE,ARI,Rashard Higgins,HiggRa00,0,0,0,1,0
2021_06_ARI_CLE,202110170cle,2021,6,REG,ARI,CLE,Christian Kirk,KirkCh01,0,2,0.25,0,132.8
2021_06_ARI_CLE,202110170cle,2021,6,REG,ARI,CLE,A.J. Green,GreeA.00,0,0,0,0,158.3
2021_06_ARI_CLE,202110170cle,2021,6,REG,ARI,CLE,Rondale Moore,MoorRo02,0,0,0,0,81.2
2021_06_ARI_CLE,202110170cle,2021,6,REG,ARI,CLE,Chase Edmonds,EdmoCh00,0,0,0,0,77.1
2021_06_ARI_CLE,202110170cle,2021,6,REG,ARI,CLE,DeAndre Hopkins,HopkDe00,0,0,0,0,156.2
2021_06_ARI_CLE,202110170cle,2021,6,REG,ARI,CLE,James Conner,ConnJa00,0,0,0,0,79.2
2021_06_ARI_CLE,202110170cle,2021,6,REG,ARI,CLE,Darrell Daniels,DaniDa02,0,0,0,0,39.6
2021_06_LV_DEN,202110170den,2021,6,REG,DEN,LV,Noah Fant,FantNo00,0,1,0.091,0,133.7
2021_06_LV_DEN,202110170den,2021,6,REG,DEN,LV,Courtland Sutton,SuttCo00,1,0,0,1,71.7
2021_06_LV_DEN,202110170den,2021,6,REG,DEN,LV,Kendall Hinton,HintKe00,1,0,0,0,97.5
2021_06_LV_DEN,202110170den,2021,6,REG,DEN,LV,Javonte Williams,WillJa10,1,0,0,0,87.5
2021_06_LV_DEN,202110170den,2021,6,REG,DEN,LV,Eric Saubert,SaubEr00,0,0,0,1,31.7
2021_06_LV_DEN,202110170den,2021,6,REG,DEN,LV,Tim Patrick,PatrTi00,0,0,0,1,72.9
2021_06_LV_DEN,202110170den,2021,6,REG,DEN,LV,Melvin Gordon,GordMe00,0,0,0,0,98.6
2021_06_LV_DEN,202110170den,2021,6,REG,DEN,LV,Mike Boone,BoonMi00,0,0,0,0,79.2
2021_06_DAL_NE,202110170nwe,2021,6,REG,DAL,NE,CeeDee Lamb,LambCe00,0,0,0,0,158.3
2021_06_DAL_NE,202110170nwe,2021,6,REG,DAL,NE,Ezekiel Elliott,ElliEz00,0,1,0.111,0,89.8
2021_06_DAL_NE,202110170nwe,2021,6,REG,DAL,NE,Dalton Schultz,SchuDa00,1,0,0,0,118.7
2021_06_DAL_NE,202110170nwe,2021,6,REG,DAL,NE,Amari Cooper,CoopAm00,1,0,0,0,82.8
2021_06_DAL_NE,202110170nwe,2021,6,REG,DAL,NE,Cedrick Wilson Jr.,WilsCe01,0,0,0,1,35.1
2021_06_DAL_NE,202110170nwe,2021,6,REG,DAL,NE,Tony Pollard,PollTo00,0,0,0,0,97.2
2021_06_DAL_NE,202110170nwe,2021,6,REG,DAL,NE,Noah Brown,BrowNo00,0,0,0,0,118.7
2021_06_DAL_NE,202110170nwe,2021,6,REG,DAL,NE,Blake Jarwin,JarwBl00,0,0,0,0,95.8
2021_06_DAL_NE,202110170nwe,2021,6,REG,DAL,NE,Malik Turner,TurnMa00,0,0,0,0,39.6
2021_06_SEA_PIT,202110170pit,2021,6,REG,PIT,SEA,Diontae Johnson,JohnDi01,0,0,0,0,82.5
2021_06_SEA_PIT,202110170pit,2021,6,REG,PIT,SEA,Pat Freiermuth,FreiPa00,0,0,0,0,101.2
2021_06_SEA_PIT,202110170pit,2021,6,REG,PIT,SEA,Najee Harris,HarrNa00,1,1,0.143,0,133.6
2021_06_SEA_PIT,202110170pit,2021,6,REG,PIT,SEA,Ray-Ray McCloud,McClRa00,0,0,0,0,104.2
2021_06_SEA_PIT,202110170pit,2021,6,REG,PIT,SEA,Chase Claypool,ClayCh01,1,1,0.143,0,39.6
2021_06_SEA_PIT,202110170pit,2021,6,REG,PIT,SEA,Eric Ebron,EbroEr00,0,0,0,0,87.5
2021_06_SEA_PIT,202110170pit,2021,6,REG,PIT,SEA,James Washington,WashJa00,0,0,0,0,104.2
2021_06_SEA_PIT,202110170pit,2021,6,REG,SEA,PIT,D.K. Metcalf,MetcDK00,1,0,0,0,101.2
2021_06_SEA_PIT,202110170pit,2021,6,REG,SEA,PIT,DeeJay Dallas,DallDe00,0,0,0,0,94.2
2021_06_SEA_PIT,202110170pit,2021,6,REG,SEA,PIT,Will Dissly,DissWi00,0,0,0,0,122.9
2021_06_SEA_PIT,202110170pit,2021,6,REG,SEA,PIT,Freddie Swain,SwaiFr00,0,0,0,0,70.1
2021_06_SEA_PIT,202110170pit,2021,6,REG,SEA,PIT,Gerald Everett,EverGe00,1,0,0,0,109.7
2021_06_SEA_PIT,202110170pit,2021,6,REG,SEA,PIT,Tyler Lockett,LockTy00,0,0,0,0,47.9
2021_06_SEA_PIT,202110170pit,2021,6,REG,SEA,PIT,Alex Collins,CollAl00,1,0,0,0,79.2
2021_06_SEA_PIT,202110170pit,2021,6,REG,SEA,PIT,Phillip Dorsett,DorsPh00,0,0,0,0,79.2
2021_06_SEA_PIT,202110170pit,2021,6,REG,SEA,PIT,Penny Hart,HartPe01,0,0,0,0,116.7
2021_06_SEA_PIT,202110170pit,2021,6,REG,SEA,PIT,Travis Homer,HomeTr00,1,0,0,0,118.7
2021_06_BUF_TEN,202110180oti,2021,6,REG,TEN,BUF,A.J. Brown,BrowAJ00,0,0,0,0,108.8
2021_06_BUF_TEN,202110180oti,2021,6,REG,TEN,BUF,Julio Jones,JoneJu02,0,0,0,1,61.7
2021_06_BUF_TEN,202110180oti,2021,6,REG,TEN,BUF,Nick Westbrook-Ikhine,WestNi00,0,0,0,0,104.2
2021_06_BUF_TEN,202110180oti,2021,6,REG,TEN,BUF,Derrick Henry,HenrDe00,0,0,0,0,75.7
2021_06_BUF_TEN,202110180oti,2021,6,REG,TEN,BUF,Chester Rogers,RogeCh02,0,0,0,0,95.8
2021_06_BUF_TEN,202110180oti,2021,6,REG,TEN,BUF,Geoff Swaim,SwaiGe00,0,0,0,0,60.4
2021_06_BUF_TEN,202110180oti,2021,6,REG,TEN,BUF,Anthony Firkser,FirkAn00,0,0,0,0,112.5
2021_06_BUF_TEN,202110180oti,2021,6,REG,TEN,BUF,Marcus Johnson,JohnMa07,0,0,0,0,39.6
2021_06_BUF_TEN,202110180oti,2021,6,REG,BUF,TEN,Stefon Diggs,DiggSt00,1,0,0,0,130.7
2021_06_BUF_TEN,202110180oti,2021,6,REG,BUF,TEN,Cole Beasley,BeasCo00,0,1,0.111,0,144.4
2021_06_BUF_TEN,202110180oti,2021,6,REG,BUF,TEN,Devin Singletary,SingDe00,1,0,0,0,80
2021_06_BUF_TEN,202110180oti,2021,6,REG,BUF,TEN,Emmanuel Sanders,SandEm00,0,0,0,0,101.6
2021_06_BUF_TEN,202110180oti,2021,6,REG,BUF,TEN,Dawson Knox,KnoxDa00,1,0,0,0,101.4
2021_06_BUF_TEN,202110180oti,2021,6,REG,BUF,TEN,Gabriel Davis,DaviGa01,0,0,0,0,118.7
2021_06_BUF_TEN,202110180oti,2021,6,REG,BUF,TEN,Zack Moss,MossZa00,0,1,0.25,1,19.8
2021_06_BUF_TEN,202110180oti,2021,6,REG,BUF,TEN,Tommy Sweeney,SweeTo00,0,0,0,0,118.7
2021_06_BUF_TEN,202110180oti,2021,6,REG,BUF,TEN,Isaiah McKenzie,McKeIs00,0,0,0,0,79.2
2021_06_BUF_TEN,202110180oti,2021,6,REG,BUF,TEN,Jake Kumerow,KumeJa00,0,0,0,0,39.6
2021_07_DEN_CLE,202110210cle,2021,7,REG,CLE,DEN,Jarvis Landry,LandJa00,0,0,0,0,73.4
2021_07_DEN_CLE,202110210cle,2021,7,REG,CLE,DEN,Demetric Felton,FeltDe00,0,0,0,0,95.8
2021_07_DEN_CLE,202110210cle,2021,7,REG,CLE,DEN,Austin Hooper,HoopAu00,1,0,0,0,109.7
2021_07_DEN_CLE,202110210cle,2021,7,REG,CLE,DEN,D'Ernest Johnson,JohnDE04,1,0,0,0,112.5
2021_07_DEN_CLE,202110210cle,2021,7,REG,CLE,DEN,David Njoku,NjokDa00,0,0,0,0,104.2
2021_07_DEN_CLE,202110210cle,2021,7,REG,CLE,DEN,Anthony Schwartz,SchwAn00,0,0,0,0,88.2
2021_07_DEN_CLE,202110210cle,2021,7,REG,CLE,DEN,Odell Beckham Jr.,BeckOd00,0,1,0.167,0,45.8
2021_07_DEN_CLE,202110210cle,2021,7,REG,CLE,DEN,Rashard Higgins,HiggRa00,0,0,0,0,56.2
2021_07_DEN_CLE,202110210cle,2021,7,REG,CLE,DEN,Johnny Stanton,StanJo02,0,0,0,0,118.7
2021_07_DEN_CLE,202110210cle,2021,7,REG,CLE,DEN,Harrison Bryant,BryaHa00,0,1,0.5,0,75
2021_07_DEN_CLE,202110210cle,2021,7,REG,DEN,CLE,Javonte Williams,WillJa10,0,1,0.143,0,125.3
2021_07_DEN_CLE,202110210cle,2021,7,REG,DEN,CLE,Courtland Sutton,SuttCo00,0,0,0,0,118.7
2021_07_DEN_CLE,202110210cle,2021,7,REG,DEN,CLE,Noah Fant,FantNo00,0,0,0,0,84.8
2021_07_DEN_CLE,202110210cle,2021,7,REG,DEN,CLE,Tim Patrick,PatrTi00,0,0,0,0,48.7
2021_07_DEN_CLE,202110210cle,2021,7,REG,DEN,CLE,Melvin Gordon,GordMe00,0,0,0,0,116.7
2021_07_DEN_CLE,202110210cle,2021,7,REG,DEN,CLE,Kendall Hinton,HintKe00,0,0,0,0,97.9
2021_07_DEN_CLE,202110210cle,2021,7,REG,DEN,CLE,Eric Saubert,SaubEr00,0,0,0,0,79.2
2021_07_DEN_CLE,202110210cle,2021,7,REG,DEN,CLE,John Brown,BrowJo02,0,0,0,1,0
2021_07_DEN_CLE,202110210cle,2021,7,REG,DEN,CLE,Tyrie Cleveland,ClevTy00,0,0,0,0,39.6
