game_id,pfr_game_id,season,week,game_type,team,opponent,pfr_player_name,pfr_player_id,carries,rushing_yards_before_contact,rushing_yards_before_contact_avg,rushing_yards_after_contact,rushing_yards_after_contact_avg,rushing_broken_tackles
2021_01_DAL_TB,202109090tam,2021,1,REG,TB,DAL,Leonard Fournette,FourLe00,9,14,1.6,18,2,1
2021_01_DAL_TB,202109090tam,2021,1,REG,TB,DAL,Ronald Jones II,JoneRo01,4,7,1.8,7,1.8,0
2021_01_DAL_TB,202109090tam,2021,1,REG,TB,DAL,Antonio Brown,BrowAn04,1,5,5,1,1,0
2021_01_DAL_TB,202109090tam,2021,1,REG,DAL,TB,Ezekiel Elliott,ElliEz00,11,20,1.8,13,1.2,0
2021_01_DAL_TB,202109090tam,2021,1,REG,DAL,TB,Dak Prescott,PresDa01,4,8,2,5,1.3,0
2021_01_DAL_TB,202109090tam,2021,1,REG,DAL,TB,Tony Pollard,PollTo00,3,10,3.3,4,1.3,0
2021_01_PHI_ATL,202109120atl,2021,1,REG,ATL,PHI,Mike Davis,DaviMi01,15,29,1.9,20,1.3,1
2021_01_PHI_ATL,202109120atl,2021,1,REG,ATL,PHI,Cordarrelle Patterson,PattCo00,7,35,5,19,2.7,1
2021_01_PHI_ATL,202109120atl,2021,1,REG,ATL,PHI,Matt Ryan,RyanMa00,2,8,4,0,0,0
2021_01_PHI_ATL,202109120atl,2021,1,REG,ATL,PHI,Keith Smith,SmitKe03,2,13,6.5,0,0,0
2021_01_PHI_ATL,202109120atl,2021,1,REG,PHI,ATL,Miles Sanders,SandMi01,15,65,4.3,9,0.6,0
2021_01_PHI_ATL,202109120atl,2021,1,REG,PHI,ATL,Kenneth Gainwell,GainKe00,9,35,3.9,2,0.2,0
2021_01_PHI_ATL,202109120atl,2021,1,REG,PHI,ATL,Jalen Hurts,HurtJa00,7,51,7.3,11,1.6,1
2021_01_PIT_BUF,202109120buf,2021,1,REG,BUF,PIT,Devin Singletary,SingDe00,11,54,4.9,18,1.6,1
2021_01_PIT_BUF,202109120buf,2021,1,REG,BUF,PIT,Josh Allen,AlleJo02,9,30,3.3,14,1.6,1
2021_01_PIT_BUF,202109120buf,2021,1,REG,BUF,PIT,Matt Breida,BreiMa00,4,2,0.5,2,0.5,0
2021_01_PIT_BUF,202109120buf,2021,1,REG,BUF,PIT,Isaiah McKenzie,McKeIs00,1,-3,-3,0,0,0
2021_01_PIT_BUF,202109120buf,2021,1,REG,PIT,BUF,Najee Harris,HarrNa00,16,23,1.4,22,1.4,1
2021_01_PIT_BUF,202109120buf,2021,1,REG,PIT,BUF,Ben Roethlisberger,RoetBe00,4,5,1.3,0,0,0
2021_01_PIT_BUF,202109120buf,2021,1,REG,PIT,BUF,Chase Claypool,ClayCh01,1,22,22,3,3,0
2021_01_NYJ_CAR,202109120car,2021,1,REG,CAR,NYJ,Christian McCaffrey,McCaCh01,21,59,2.8,39,1.9,0
2021_01_NYJ_CAR,202109120car,2021,1,REG,CAR,NYJ,Sam Darnold,DarnSa00,5,-1,-0.2,0,0,0
2021_01_NYJ_CAR,202109120car,2021,1,REG,CAR,NYJ,D.J. Moore,MoorD.00,1,12,12,2,2,0
2021_01_NYJ_CAR,202109120car,2021,1,REG,NYJ,CAR,Tevin Coleman,ColeTe01,9,9,1,15,1.7,0
2021_01_NYJ_CAR,202109120car,2021,1,REG,NYJ,CAR,Michael Carter,CartMi03,4,2,0.5,4,1,0
2021_01_NYJ_CAR,202109120car,2021,1,REG,NYJ,CAR,Ty Johnson,JohnTy02,4,10,2.5,5,1.3,1
2021_01_MIN_CIN,202109120cin,2021,1,REG,CIN,MIN,Joe Mixon,MixoJo00,29,81,2.8,46,1.6,6
2021_01_MIN_CIN,202109120cin,2021,1,REG,CIN,MIN,Samaje Perine,PeriSa00,5,17,3.4,5,1,0
2021_01_MIN_CIN,202109120cin,2021,1,REG,CIN,MIN,Joe Burrow,BurrJo01,1,1,1,1,1,0
2021_01_MIN_CIN,202109120cin,2021,1,REG,CIN,MIN,Ja'Marr Chase,ChasJa00,1,-2,-2,0,0,1
2021_01_MIN_CIN,202109120cin,2021,1,REG,MIN,CIN,Dalvin Cook,CookDa01,20,32,1.6,29,1.5,1
2021_01_MIN_CIN,202109120cin,2021,1,REG,MIN,CIN,Ameer Abdullah,AbduAm00,1,3,3,1,1,0
2021_01_MIN_CIN,202109120cin,2021,1,REG,MIN,CIN,Alexander Mattison,MattAl01,1,1,1,1,1,0
2021_01_SF_DET,202109120det,2021,1,REG,DET,SF,D'Andre Swift,SwifDA00,11,34,3.1,5,0.5,0
2021_01_SF_DET,202109120det,2021,1,REG,DET,SF,Jamaal Williams,WillJa06,9,40,4.4,14,1.6,1
2021_01_SF_DET,202109120det,2021,1,REG,DET,SF,Jared Goff,GoffJa00,3,14,4.7,0,0,0
2021_01_SF_DET,202109120det,2021,1,REG,DET,SF,Kalif Raymond,RaymKa00,1,9,9,0,0,0
2021_01_SF_DET,202109120det,2021,1,REG,SF,DET,Elijah Mitchell,MitcEl00,19,65,3.4,39,2.1,2
2021_01_SF_DET,202109120det,2021,1,REG,SF,DET,Jimmy Garoppolo,GaroJi00,3,2,0.7,0,0,0
2021_01_SF_DET,202109120det,2021,1,REG,SF,DET,Trey Lance,LancTr00,3,2,0.7,0,0,0
2021_01_SF_DET,202109120det,2021,1,REG,SF,DET,Raheem Mostert,MostRa00,2,18,9,2,1,0
2021_01_SF_DET,202109120det,2021,1,REG,SF,DET,Jamycal Hasty,HastJa02,1,2,2,1,1,0
2021_01_JAX_HOU,202109120htx,2021,1,REG,HOU,JAX,Mark Ingram,IngrMa01,26,27,1,58,2.2,1
2021_01_JAX_HOU,202109120htx,2021,1,REG,HOU,JAX,Phillip Lindsay,LindPh00,8,17,2.1,8,1,0
2021_01_JAX_HOU,202109120htx,2021,1,REG,HOU,JAX,Tyrod Taylor,TaylTy00,4,16,4,24,6,1
2021_01_JAX_HOU,202109120htx,2021,1,REG,HOU,JAX,David Johnson,JohnDa08,3,8,2.7,2,0.7,0
2021_01_JAX_HOU,202109120htx,2021,1,REG,JAX,HOU,Carlos Hyde,HydeCa00,9,26,2.9,18,2,0
2021_01_JAX_HOU,202109120htx,2021,1,REG,JAX,HOU,James Robinson,RobiJa00,5,12,2.4,13,2.6,0
2021_01_JAX_HOU,202109120htx,2021,1,REG,JAX,HOU,Trevor Lawrence,LawrTr00,1,-2,-2,0,0,0
2021_01_JAX_HOU,202109120htx,2021,1,REG,JAX,HOU,Laviska Shenault Jr.,ShenLa00,1,9,9,0,0,0
2021_01_SEA_IND,202109120clt,2021,1,REG,IND,SEA,Jonathan Taylor,TaylJo02,17,25,1.5,31,1.8,3
2021_01_SEA_IND,202109120clt,2021,1,REG,IND,SEA,Nyheim Hines,HineNy00,9,21,2.3,13,1.4,2
2021_01_SEA_IND,202109120clt,2021,1,REG,IND,SEA,Carson Wentz,WentCa00,4,23,5.8,0,0,0
2021_01_SEA_IND,202109120clt,2021,1,REG,SEA,IND,Chris Carson,CarsCh00,16,25,1.6,66,4.1,4
2021_01_SEA_IND,202109120clt,2021,1,REG,SEA,IND,Russell Wilson,WilsRu00,5,9,1.8,0,0,0
2021_01_SEA_IND,202109120clt,2021,1,REG,SEA,IND,D'Wayne Eskridge,EskrDW00,2,12,6,10,5,1
2021_01_SEA_IND,202109120clt,2021,1,REG,SEA,IND,Rashaad Penny,PennRa00,2,6,3,2,1,0
2021_01_SEA_IND,202109120clt,2021,1,REG,SEA,IND,DeeJay Dallas,DallDe00,1,2,2,3,3,0
2021_01_SEA_IND,202109120clt,2021,1,REG,SEA,IND,Freddie Swain,SwaiFr00,1,3,3,2,2,0
2021_01_ARI_TEN,202109120oti,2021,1,REG,TEN,ARI,Derrick Henry,HenrDe00,17,41,2.4,17,1,0
2021_01_ARI_TEN,202109120oti,2021,1,REG,TEN,ARI,Jeremy McNichols,McNiJe00,2,6,3,3,1.5,0
2021_01_ARI_TEN,202109120oti,2021,1,REG,TEN,ARI,Ryan Tannehill,TannRy00,2,14,7,3,1.5,0
2021_01_ARI_TEN,202109120oti,2021,1,REG,TEN,ARI,Mekhi Sargent,SargMe00,1,1,1,1,1,0
2021_01_ARI_TEN,202109120oti,2021,1,REG,ARI,TEN,James Conner,ConnJa00,16,23,1.4,30,1.9,3
2021_01_ARI_TEN,202109120oti,2021,1,REG,ARI,TEN,Chase Edmonds,EdmoCh00,12,57,4.8,6,0.5,0
2021_01_ARI_TEN,202109120oti,2021,1,REG,ARI,TEN,Kyler Murray,MurrKy00,5,20,4,0,0,0
2021_01_LAC_WAS,202109120was,2021,1,REG,WAS,LAC,Antonio Gibson,GibsAn00,20,41,2.1,49,2.5,0
2021_01_LAC_WAS,202109120was,2021,1,REG,WAS,LAC,Taylor Heinicke,HeinTa00,3,14,4.7,3,1,0
2021_01_LAC_WAS,202109120was,2021,1,REG,WAS,LAC,Jaret Patterson,PattJa01,2,7,3.5,2,1,0
2021_01_LAC_WAS,202109120was,2021,1,REG,WAS,LAC,Ryan Fitzpatrick,FitzRy00,1,2,2,0,0,0
2021_01_LAC_WAS,202109120was,2021,1,REG,WAS,LAC,J.D. McKissic,McKiJ.00,1,5,5,3,3,0
2021_01_LAC_WAS,202109120was,2021,1,REG,LAC,WAS,Austin Ekeler,EkelAu00,15,26,1.7,31,2.1,0
2021_01_LAC_WAS,202109120was,2021,1,REG,LAC,WAS,Larry Rountree,RounLa00,8,17,2.1,10,1.3,0
2021_01_LAC_WAS,202109120was,2021,1,REG,LAC,WAS,Justin Herbert,HerbJu00,4,-1,-0.3,0,0,0
2021_01_LAC_WAS,202109120was,2021,1,REG,LAC,WAS,Justin Jackson,JackJu01,1,3,3,2,2,0
2021_01_LAC_WAS,202109120was,2021,1,REG,LAC,WAS,Gabe Nabers,NabeGa00,1,1,1,1,1,0
2021_01_CLE_KC,202109120kan,2021,1,REG,KC,CLE,Clyde Edwards-Helaire,EdwaCl00,14,31,2.2,12,0.9,0
2021_01_CLE_KC,202109120kan,2021,1,REG,KC,CLE,Patrick Mahomes,MahoPa00,5,18,3.6,0,0,0
2021_01_CLE_KC,202109120kan,2021,1,REG,KC,CLE,Blake Bell,BellBl00,1,2,2,0,0,0
2021_01_CLE_KC,202109120kan,2021,1,REG,KC,CLE,Michael Burton,BurtMi00,1,2,2,0,0,0
2021_01_CLE_KC,202109120kan,2021,1,REG,KC,CLE,Tyreek Hill,HillTy00,1,2,2,2,2,0
2021_01_CLE_KC,202109120kan,2021,1,REG,KC,CLE,Darrel Williams,WillDa10,1,4,4,0,0,0
2021_01_CLE_KC,202109120kan,2021,1,REG,CLE,KC,Nick Chubb,ChubNi00,15,48,3.2,35,2.3,2
2021_01_CLE_KC,202109120kan,2021,1,REG,CLE,KC,Kareem Hunt,HuntKa00,6,20,3.3,13,2.2,0
2021_01_CLE_KC,202109120kan,2021,1,REG,CLE,KC,Jarvis Landry,LandJa00,2,9,4.5,4,2,0
2021_01_CLE_KC,202109120kan,2021,1,REG,CLE,KC,Jamie Gillan,GillJa00,1,0,0,0,0,0
2021_01_CLE_KC,202109120kan,2021,1,REG,CLE,KC,Baker Mayfield,MayfBa00,1,6,6,1,1,0
2021_01_CLE_KC,202109120kan,2021,1,REG,CLE,KC,Anthony Schwartz,SchwAn00,1,17,17,0,0,0
2021_01_MIA_NE,202109120nwe,2021,1,REG,NE,MIA,Damien Harris,HarrDa06,23,52,2.3,48,2.1,1
2021_01_MIA_NE,202109120nwe,2021,1,REG,NE,MIA,James White,WhitJa02,4,8,2,4,1,0
2021_01_MIA_NE,202109120nwe,2021,1,REG,NE,MIA,Brandon Bolden,BoldBr00,1,1,1,4,4,1
2021_01_MIA_NE,202109120nwe,2021,1,REG,NE,MIA,Jonnu Smith,SmitJo01,1,2,2,4,4,0
2021_01_MIA_NE,202109120nwe,2021,1,REG,NE,MIA,Rhamondre Stevenson,StevRh00,1,0,0,2,2,0
2021_01_MIA_NE,202109120nwe,2021,1,REG,MIA,NE,Myles Gaskin,GaskMy00,9,25,2.8,24,2.7,1
2021_01_MIA_NE,202109120nwe,2021,1,REG,MIA,NE,Malcolm Brown,BrowMa03,5,6,1.2,10,2,0
2021_01_MIA_NE,202109120nwe,2021,1,REG,MIA,NE,Tua Tagovailoa,TagoTu00,4,1,0.3,0,0,0
2021_01_MIA_NE,202109120nwe,2021,1,REG,MIA,NE,Salvon Ahmed,AhmeSa01,3,-2,-0.7,6,2,0
2021_01_MIA_NE,202109120nwe,2021,1,REG,MIA,NE,Jacoby Brissett,BrisJa00,2,0,0,4,2,0
2021_01_GB_NO,202109120nor,2021,1,REG,NO,GB,Alvin Kamara,KamaAl00,20,56,2.8,27,1.4,0
2021_01_GB_NO,202109120nor,2021,1,REG,NO,GB,Tony Jones,JoneTo04,11,28,2.5,22,2,0
2021_01_GB_NO,202109120nor,2021,1,REG,NO,GB,Jameis Winston,WinsJa00,6,19,3.2,18,3,0
2021_01_GB_NO,202109120nor,2021,1,REG,NO,GB,Taysom Hill,HillTa00,2,0,0,1,0.5,0
2021_01_GB_NO,202109120nor,2021,1,REG,GB,NO,Kylin Hill,HillKy00,5,8,1.6,6,1.2,0
2021_01_GB_NO,202109120nor,2021,1,REG,GB,NO,Aaron Jones,JoneAa00,5,5,1,4,0.8,0
2021_01_GB_NO,202109120nor,2021,1,REG,GB,NO,AJ Dillon,DillAJ00,4,10,2.5,9,2.3,0
2021_01_GB_NO,202109120nor,2021,1,REG,GB,NO,Randall Cobb,CobbRa00,1,0,0,1,1,1
2021_01_DEN_NYG,202109120nyg,2021,1,REG,NYG,DEN,Saquon Barkley,BarkSa00,10,12,1.2,14,1.4,0
2021_01_DEN_NYG,202109120nyg,2021,1,REG,NYG,DEN,Daniel Jones,JoneDa05,6,19,3.2,8,1.3,0
2021_01_DEN_NYG,202109120nyg,2021,1,REG,NYG,DEN,Devontae Booker,BookDe00,4,4,1,3,0.8,0
2021_01_DEN_NYG,202109120nyg,2021,1,REG,DEN,NYG,Javonte Williams,WillJa10,14,17,1.2,28,2,1
2021_01_DEN_NYG,202109120nyg,2021,1,REG,DEN,NYG,Melvin Gordon,GordMe00,11,79,7.2,22,2,0
2021_01_DEN_NYG,202109120nyg,2021,1,REG,DEN,NYG,Teddy Bridgewater,BridTe00,3,8,2.7,11,3.7,0
2021_01_CHI_LA,202109120ram,2021,1,REG,LA,CHI,Darrell Henderson,HendDa00,16,48,3,22,1.4,0
2021_01_CHI_LA,202109120ram,2021,1,REG,LA,CHI,Matthew Stafford,StafMa00,5,-5,-1,0,0,0
2021_01_CHI_LA,202109120ram,2021,1,REG,LA,CHI,Sony Michel,MichSo00,1,1,1,1,1,0
2021_01_CHI_LA,202109120ram,2021,1,REG,LA,CHI,Robert Woods,WoodRo02,1,3,3,4,4,0
2021_01_CHI_LA,202109120ram,2021,1,REG,CHI,LA,David Montgomery,MontDa01,16,27,1.7,81,5.1,2
2021_01_CHI_LA,202109120ram,2021,1,REG,CHI,LA,Damien Williams,WillDa05,6,1,0.2,11,1.8,1
2021_01_CHI_LA,202109120ram,2021,1,REG,CHI,LA,Andy Dalton,DaltAn00,2,13,6.5,0,0,0
2021_01_CHI_LA,202109120ram,2021,1,REG,CHI,LA,Justin Fields,FielJu00,1,1,1,2,2,0
2021_01_CHI_LA,202109120ram,2021,1,REG,CHI,LA,Marquise Goodwin,GoodMa00,1,-2,-2,0,0,0
2021_01_BAL_LV,202109130rai,2021,1,REG,LV,BAL,Josh Jacobs,JacoJo01,10,14,1.4,20,2,2
2021_01_BAL_LV,202109130rai,2021,1,REG,LV,BAL,Kenyan Drake,DrakKe00,6,4,0.7,7,1.2,1
2021_01_BAL_LV,202109130rai,2021,1,REG,LV,BAL,Derek Carr,CarrDe02,4,5,1.3,1,0.3,0
2021_01_BAL_LV,202109130rai,2021,1,REG,LV,BAL,Marcus Mariota,MariMa01,1,28,28,3,3,0
2021_01_BAL_LV,202109130rai,2021,1,REG,BAL,LV,Lamar Jackson,JackLa00,12,36,3,50,4.2,3
2021_01_BAL_LV,202109130rai,2021,1,REG,BAL,LV,Latavius Murray,MurrLa00,10,4,0.4,24,2.4,1
2021_01_BAL_LV,202109130rai,2021,1,REG,BAL,LV,Ty'Son Williams,WillTy01,9,14,1.6,51,5.7,0
2021_01_BAL_LV,202109130rai,2021,1,REG,BAL,LV,Trenton Cannon,CannTr00,2,3,1.5,2,1,0
2021_01_BAL_LV,202109130rai,2021,1,REG,BAL,LV,Marquise Brown,BrowMa04,1,2,2,3,3,0
2021_02_NYG_WAS,202109160was,2021,2,REG,WAS,NYG,Antonio Gibson,GibsAn00,13,34,2.6,35,2.7,4
2021_02_NYG_WAS,202109160was,2021,2,REG,WAS,NYG,Taylor Heinicke,HeinTa00,4,5,1.3,1,0.3,1
2021_02_NYG_WAS,202109160was,2021,2,REG,WAS,NYG,J.D. McKissic,McKiJ.00,4,10,2.5,0,0,0
2021_02_NYG_WAS,202109160was,2021,2,REG,WAS,NYG,DeAndre Carter,CartDe02,1,2,2,0,0,0
2021_02_NYG_WAS,202109160was,2021,2,REG,NYG,WAS,Saquon Barkley,BarkSa00,13,23,1.8,34,2.6,1
2021_02_NYG_WAS,202109160was,2021,2,REG,NYG,WAS,Daniel Jones,JoneDa05,9,90,10,5,0.6,1
2021_02_NYG_WAS,202109160was,2021,2,REG,NYG,WAS,Devontae Booker,BookDe00,2,5,2.5,4,2,0
2021_02_NYG_WAS,202109160was,2021,2,REG,NYG,WAS,Elijhaa Penny,PennEl00,2,3,1.5,2,1,0
2021_02_NYG_WAS,202109160was,2021,2,REG,NYG,WAS,C.J. Board,BoarC.00,1,4,4,2,2,0
2021_02_NYG_WAS,202109160was,2021,2,REG,NYG,WAS,Sterling Shepard,ShepSt00,1,-9,-9,0,0,1
2021_02_NO_CAR,202109190car,2021,2,REG,CAR,NO,Christian McCaffrey,McCaCh01,24,27,1.1,45,1.9,6
2021_02_NO_CAR,202109190car,2021,2,REG,CAR,NO,Chuba Hubbard,HubbCh01,8,-1,-0.1,11,1.4,0
2021_02_NO_CAR,202109190car,2021,2,REG,CAR,NO,Sam Darnold,DarnSa00,1,7,7,0,0,0
2021_02_NO_CAR,202109190car,2021,2,REG,NO,CAR,Alvin Kamara,KamaAl00,8,-3,-0.4,8,1,1
2021_02_NO_CAR,202109190car,2021,2,REG,NO,CAR,Tony Jones,JoneTo04,3,4,1.3,3,1,2
2021_02_NO_CAR,202109190car,2021,2,REG,NO,CAR,Jameis Winston,WinsJa00,3,17,5.7,2,0.7,0
2021_02_NO_CAR,202109190car,2021,2,REG,NO,CAR,Taysom Hill,HillTa00,2,3,1.5,13,6.5,1
2021_02_NO_CAR,202109190car,2021,2,REG,NO,CAR,Deonte Harris,HarrDe07,1,1,1,0,0,0
2021_02_CIN_CHI,202109190chi,2021,2,REG,CHI,CIN,David Montgomery,MontDa01,20,29,1.5,32,1.6,2
2021_02_CIN_CHI,202109190chi,2021,2,REG,CHI,CIN,Justin Fields,FielJu00,10,16,1.6,15,1.5,2
2021_02_CIN_CHI,202109190chi,2021,2,REG,CHI,CIN,Andy Dalton,DaltAn00,2,25,12.5,0,0,0
2021_02_CIN_CHI,202109190chi,2021,2,REG,CHI,CIN,Damien Williams,WillDa05,2,3,1.5,3,1.5,0
2021_02_CIN_CHI,202109190chi,2021,2,REG,CIN,CHI,Joe Mixon,MixoJo00,20,33,1.7,36,1.8,2
2021_02_HOU_CLE,202109190cle,2021,2,REG,CLE,HOU,Kareem Hunt,HuntKa00,13,23,1.8,28,2.2,2
2021_02_HOU_CLE,202109190cle,2021,2,REG,CLE,HOU,Nick Chubb,ChubNi00,11,34,3.1,61,5.5,1
2021_02_HOU_CLE,202109190cle,2021,2,REG,CLE,HOU,Baker Mayfield,MayfBa00,8,10,1.3,0,0,0
2021_02_HOU_CLE,202109190cle,2021,2,REG,CLE,HOU,Andy Janovich,JanoAn00,2,-1,-0.5,1,0.5,0
2021_02_HOU_CLE,202109190cle,2021,2,REG,HOU,CLE,Mark Ingram,IngrMa01,14,3,0.2,38,2.7,3
2021_02_HOU_CLE,202109190cle,2021,2,REG,HOU,CLE,David Johnson,JohnDa08,6,7,1.2,18,3,0
2021_02_HOU_CLE,202109190cle,2021,2,REG,HOU,CLE,Phillip Lindsay,LindPh00,5,0,0,2,0.4,0
2021_02_HOU_CLE,202109190cle,2021,2,REG,HOU,CLE,Davis Mills,MillDa02,2,-3,-1.5,2,1,0
2021_02_HOU_CLE,202109190cle,2021,2,REG,HOU,CLE,Tyrod Taylor,TaylTy00,1,15,15,0,0,0
2021_02_LA_IND,202109190clt,2021,2,REG,IND,LA,Jonathan Taylor,TaylJo02,15,39,2.6,12,0.8,0
2021_02_LA_IND,202109190clt,2021,2,REG,IND,LA,Marlon Mack,MackMa00,5,9,1.8,7,1.4,0
2021_02_LA_IND,202109190clt,2021,2,REG,IND,LA,Carson Wentz,WentCa00,5,36,7.2,1,0.2,0
2021_02_LA_IND,202109190clt,2021,2,REG,IND,LA,Nyheim Hines,HineNy00,1,3,3,2,2,0
2021_02_LA_IND,202109190clt,2021,2,REG,LA,IND,Darrell Henderson,HendDa00,13,33,2.5,20,1.5,0
2021_02_LA_IND,202109190clt,2021,2,REG,LA,IND,Sony Michel,MichSo00,10,33,3.3,13,1.3,1
2021_02_LA_IND,202109190clt,2021,2,REG,LA,IND,Matthew Stafford,StafMa00,2,1,0.5,0,0,0
2021_02_LA_IND,202109190clt,2021,2,REG,LA,IND,Robert Woods,WoodRo02,2,3,1.5,3,1.5,0
2021_02_LA_IND,202109190clt,2021,2,REG,LA,IND,Johnny Hekker,HekkJo00,1,0,0,0,0,0
2021_02_LA_IND,202109190clt,2021,2,REG,LA,IND,Cooper Kupp,KuppCo00,1,-5,-5,0,0,0
2021_02_DEN_JAX,202109190jax,2021,2,REG,JAX,DEN,James Robinson,RobiJa00,11,30,2.7,17,1.5,1
2021_02_DEN_JAX,202109190jax,2021,2,REG,JAX,DEN,Carlos Hyde,HydeCa00,2,3,1.5,4,2,0
2021_02_DEN_JAX,202109190jax,2021,2,REG,JAX,DEN,Trevor Lawrence,LawrTr00,2,17,8.5,4,2,0
2021_02_DEN_JAX,202109190jax,2021,2,REG,JAX,DEN,Laviska Shenault Jr.,ShenLa00,1,0,0,0,0,0
2021_02_DEN_JAX,202109190jax,2021,2,REG,DEN,JAX,Melvin Gordon,GordMe00,13,19,1.5,12,0.9,0
2021_02_DEN_JAX,202109190jax,2021,2,REG,DEN,JAX,Javonte Williams,WillJa10,13,29,2.2,35,2.7,4
2021_02_DEN_JAX,202109190jax,2021,2,REG,DEN,JAX,Teddy Bridgewater,BridTe00,4,0,0,1,0.3,0
2021_02_BUF_MIA,202109190mia,2021,2,REG,MIA,BUF,Salvon Ahmed,AhmeSa01,6,9,1.5,8,1.3,0
2021_02_BUF_MIA,202109190mia,2021,2,REG,MIA,BUF,Malcolm Brown,BrowMa03,5,6,1.2,15,3,0
2021_02_BUF_MIA,202109190mia,2021,2,REG,MIA,BUF,Myles Gaskin,GaskMy00,5,22,4.4,3,0.6,0
2021_02_BUF_MIA,202109190mia,2021,2,REG,MIA,BUF,Jacoby Brissett,BrisJa00,4,6,1.5,2,0.5,0
2021_02_BUF_MIA,202109190mia,2021,2,REG,BUF,MIA,Devin Singletary,SingDe00,13,68,5.2,14,1.1,0
2021_02_BUF_MIA,202109190mia,2021,2,REG,BUF,MIA,Zack Moss,MossZa00,8,6,0.8,20,2.5,5
2021_02_BUF_MIA,202109190mia,2021,2,REG,BUF,MIA,Josh Allen,AlleJo02,5,31,6.2,4,0.8,0
2021_02_BUF_MIA,202109190mia,2021,2,REG,BUF,MIA,Reggie Gilliam,GillRe00,2,0,0,2,1,0
2021_02_BUF_MIA,202109190mia,2021,2,REG,BUF,MIA,Mitchell Trubisky,TrubMi00,2,-2,-1,0,0,0
2021_02_NE_NYJ,202109190nyj,2021,2,REG,NYJ,NE,Ty Johnson,JohnTy02,12,34,2.8,16,1.3,1
2021_02_NE_NYJ,202109190nyj,2021,2,REG,NYJ,NE,Michael Carter,CartMi03,11,44,4,15,1.4,0
2021_02_NE_NYJ,202109190nyj,2021,2,REG,NYJ,NE,Tevin Coleman,ColeTe01,5,15,3,9,1.8,0
2021_02_NE_NYJ,202109190nyj,2021,2,REG,NYJ,NE,Zach Wilson,WilsZa00,3,19,6.3,0,0,0
2021_02_NE_NYJ,202109190nyj,2021,2,REG,NE,NYJ,Damien Harris,HarrDa06,16,19,1.2,43,2.7,2
2021_02_NE_NYJ,202109190nyj,2021,2,REG,NE,NYJ,James White,WhitJa02,5,17,3.4,3,0.6,0
2021_02_NE_NYJ,202109190nyj,2021,2,REG,NE,NYJ,J.J. Taylor,TaylJJ01,2,3,1.5,0,0,0
2021_02_NE_NYJ,202109190nyj,2021,2,REG,NE,NYJ,Kendrick Bourne,BourKe00,1,10,10,6,6,1
2021_02_SF_PHI,202109190phi,2021,2,REG,PHI,SF,Miles Sanders,SandMi01,13,41,3.2,14,1.1,9
2021_02_SF_PHI,202109190phi,2021,2,REG,PHI,SF,Jalen Hurts,HurtJa00,10,81,8.1,1,0.1,1
2021_02_SF_PHI,202109190phi,2021,2,REG,PHI,SF,Kenneth Gainwell,GainKe00,6,11,1.8,3,0.5,0
2021_02_SF_PHI,202109190phi,2021,2,REG,SF,PHI,Elijah Mitchell,MitcEl00,17,37,2.2,5,0.3,0
2021_02_SF_PHI,202109190phi,2021,2,REG,SF,PHI,Jimmy Garoppolo,GaroJi00,11,20,1.8,0,0,0
2021_02_SF_PHI,202109190phi,2021,2,REG,SF,PHI,Jamycal Hasty,HastJa02,5,31,6.2,7,1.4,1
2021_02_SF_PHI,202109190phi,2021,2,REG,SF,PHI,Deebo Samuel,SamuDe00,2,5,2.5,3,1.5,1
2021_02_SF_PHI,202109190phi,2021,2,REG,SF,PHI,Trenton Cannon,CannTr00,1,-1,-1,0,0,0
2021_02_SF_PHI,202109190phi,2021,2,REG,SF,PHI,Kyle Juszczyk,JuszKy00,1,2,2,0,0,0
2021_02_SF_PHI,202109190phi,2021,2,REG,SF,PHI,Trey Sermon,SermTr00,1,5,5,3,3,0
2021_02_LV_PIT,202109190pit,2021,2,REG,PIT,LV,Najee Harris,HarrNa00,10,21,2.1,17,1.7,3
2021_02_LV_PIT,202109190pit,2021,2,REG,PIT,LV,Benny Snell Jr.,SnelBe00,2,1,0.5,0,0,0
2021_02_LV_PIT,202109190pit,2021,2,REG,PIT,LV,Chase Claypool,ClayCh01,1,-3,-3,0,0,0
2021_02_LV_PIT,202109190pit,2021,2,REG,PIT,LV,JuJu Smith-Schuster,SmitJu00,1,0,0,3,3,1
2021_02_LV_PIT,202109190pit,2021,2,REG,LV,PIT,Peyton Barber,BarbPe01,13,12,0.9,20,1.5,3
2021_02_LV_PIT,202109190pit,2021,2,REG,LV,PIT,Kenyan Drake,DrakKe00,7,4,0.6,5,0.7,1
2021_02_LV_PIT,202109190pit,2021,2,REG,LV,PIT,Derek Carr,CarrDe02,4,9,2.3,0,0,0
2021_02_LV_PIT,202109190pit,2021,2,REG,LV,PIT,Henry Ruggs III,RuggHe00,1,2,2,0,0,0
2021_02_MIN_ARI,202109190crd,2021,2,REG,ARI,MIN,James Conner,ConnJa00,8,11,1.4,15,1.9,1
2021_02_MIN_ARI,202109190crd,2021,2,REG,ARI,MIN,Chase Edmonds,EdmoCh00,8,22,2.8,24,3,1
2021_02_MIN_ARI,202109190crd,2021,2,REG,ARI,MIN,Kyler Murray,MurrKy00,5,28,5.6,3,0.6,0
2021_02_MIN_ARI,202109190crd,2021,2,REG,MIN,ARI,Dalvin Cook,CookDa01,22,70,3.2,61,2.8,0
2021_02_MIN_ARI,202109190crd,2021,2,REG,MIN,ARI,Alexander Mattison,MattAl01,3,6,2,5,1.7,0
2021_02_MIN_ARI,202109190crd,2021,2,REG,MIN,ARI,Kirk Cousins,CousKi00,2,33,16.5,2,1,0
2021_02_ATL_TB,202109190tam,2021,2,REG,TB,ATL,Leonard Fournette,FourLe00,11,24,2.2,28,2.5,0
2021_02_ATL_TB,202109190tam,2021,2,REG,TB,ATL,Ronald Jones II,JoneRo01,6,17,2.8,10,1.7,0
2021_02_ATL_TB,202109190tam,2021,2,REG,TB,ATL,Blaine Gabbert,GabbBl00,3,-3,-1,0,0,0
2021_02_ATL_TB,202109190tam,2021,2,REG,TB,ATL,Tom Brady,BradTo00,1,6,6,0,0,0
2021_02_ATL_TB,202109190tam,2021,2,REG,ATL,TB,Mike Davis,DaviMi01,9,20,2.2,18,2,0
2021_02_ATL_TB,202109190tam,2021,2,REG,ATL,TB,Cordarrelle Patterson,PattCo00,7,-1,-0.1,12,1.7,1
2021_02_ATL_TB,202109190tam,2021,2,REG,ATL,TB,Matt Ryan,RyanMa00,2,0,0,3,1.5,0
2021_02_ATL_TB,202109190tam,2021,2,REG,ATL,TB,Keith Smith,SmitKe03,2,3,1.5,0,0,0
2021_02_DAL_LAC,202109190sdg,2021,2,REG,LAC,DAL,Austin Ekeler,EkelAu00,9,22,2.4,32,3.6,2
2021_02_DAL_LAC,202109190sdg,2021,2,REG,LAC,DAL,Justin Herbert,HerbJu00,4,6,1.5,6,1.5,1
2021_02_DAL_LAC,202109190sdg,2021,2,REG,LAC,DAL,Justin Jackson,JackJu01,4,9,2.3,12,3,0
2021_02_DAL_LAC,202109190sdg,2021,2,REG,LAC,DAL,Jalen Guyton,GuytJa01,1,8,8,1,1,0
2021_02_DAL_LAC,202109190sdg,2021,2,REG,LAC,DAL,Larry Rountree,RounLa00,1,-1,-1,0,0,0
2021_02_DAL_LAC,202109190sdg,2021,2,REG,DAL,LAC,Ezekiel Elliott,ElliEz00,16,41,2.6,30,1.9,0
2021_02_DAL_LAC,202109190sdg,2021,2,REG,DAL,LAC,Tony Pollard,PollTo00,13,45,3.5,64,4.9,2
2021_02_DAL_LAC,202109190sdg,2021,2,REG,DAL,LAC,CeeDee Lamb,LambCe00,1,10,10,3,3,0
2021_02_DAL_LAC,202109190sdg,2021,2,REG,DAL,LAC,Cedrick Wilson Jr.,WilsCe01,1,4,4,1,1,0
2021_02_TEN_SEA,202109190sea,2021,2,REG,SEA,TEN,Chris Carson,CarsCh00,13,14,1.1,17,1.3,3
2021_02_TEN_SEA,202109190sea,2021,2,REG,SEA,TEN,Russell Wilson,WilsRu00,3,13,4.3,3,1,0
2021_02_TEN_SEA,202109190sea,2021,2,REG,SEA,TEN,Alex Collins,CollAl00,1,23,23,2,2,0
2021_02_TEN_SEA,202109190sea,2021,2,REG,SEA,TEN,Freddie Swain,SwaiFr00,1,4,4,1,1,0
2021_02_TEN_SEA,202109190sea,2021,2,REG,TEN,SEA,Derrick Henry,HenrDe00,35,93,2.7,89,2.5,1
2021_02_TEN_SEA,202109190sea,2021,2,REG,TEN,SEA,Ryan Tannehill,TannRy00,4,26,6.5,1,0.3,0
2021_02_TEN_SEA,202109190sea,2021,2,REG,TEN,SEA,Jeremy McNichols,McNiJe00,1,1,1,2,2,0
2021_02_KC_BAL,202109190rav,2021,2,REG,BAL,KC,Lamar Jackson,JackLa00,16,66,4.1,41,2.6,3
2021_02_KC_BAL,202109190rav,2021,2,REG,BAL,KC,Ty'Son Williams,WillTy01,13,57,4.4,20,1.5,1
2021_02_KC_BAL,202109190rav,2021,2,REG,BAL,KC,Latavius Murray,MurrLa00,9,21,2.3,15,1.7,1
2021_02_KC_BAL,202109190rav,2021,2,REG,BAL,KC,Devonta Freeman,FreeDe00,2,27,13.5,2,1,0
2021_02_KC_BAL,202109190rav,2021,2,REG,BAL,KC,Patrick Ricard,RicaPa00,1,1,1,1,1,0
2021_02_KC_BAL,202109190rav,2021,2,REG,KC,BAL,Clyde Edwards-Helaire,EdwaCl00,13,35,2.7,11,0.8,1
2021_02_KC_BAL,202109190rav,2021,2,REG,KC,BAL,Darrel Williams,WillDa10,3,-4,-1.3,2,0.7,1
2021_02_KC_BAL,202109190rav,2021,2,REG,KC,BAL,Tyreek Hill,HillTy00,1,15,15,0,0,0
2021_02_KC_BAL,202109190rav,2021,2,REG,KC,BAL,Patrick Mahomes,MahoPa00,1,1,1,2,2,0
2021_02_DET_GB,202109200gnb,2021,2,REG,GB,DET,Aaron Jones,JoneAa00,17,42,2.5,25,1.5,1
2021_02_DET_GB,202109200gnb,2021,2,REG,GB,DET,AJ Dillon,DillAJ00,5,8,1.6,10,2,1
2021_02_DET_GB,202109200gnb,2021,2,REG,GB,DET,Aaron Rodgers,RodgAa00,4,6,1.5,0,0,0
2021_02_DET_GB,202109200gnb,2021,2,REG,GB,DET,Jordan Love,LoveJo03,3,-3,-1,0,0,0
2021_02_DET_GB,202109200gnb,2021,2,REG,GB,DET,Kylin Hill,HillKy00,2,8,4,0,0,0
2021_02_DET_GB,202109200gnb,2021,2,REG,DET,GB,D'Andre Swift,SwifDA00,8,35,4.4,2,0.3,0
2021_02_DET_GB,202109200gnb,2021,2,REG,DET,GB,Jamaal Williams,WillJa06,7,24,3.4,1,0.1,0
2021_02_DET_GB,202109200gnb,2021,2,REG,DET,GB,Jared Goff,GoffJa00,4,46,11.5,0,0,0
2021_03_CAR_HOU,202109230htx,2021,3,REG,HOU,CAR,Phillip Lindsay,LindPh00,7,1,0.1,4,0.6,0
2021_03_CAR_HOU,202109230htx,2021,3,REG,HOU,CAR,Mark Ingram,IngrMa01,6,7,1.2,14,2.3,0
2021_03_CAR_HOU,202109230htx,2021,3,REG,HOU,CAR,David Johnson,JohnDa08,2,5,2.5,6,3,0
2021_03_CAR_HOU,202109230htx,2021,3,REG,HOU,CAR,Brandin Cooks,CookBr00,1,3,3,2,2,0
2021_03_CAR_HOU,202109230htx,2021,3,REG,HOU,CAR,Davis Mills,MillDa02,1,0,0,0,0,0
2021_03_CAR_HOU,202109230htx,2021,3,REG,CAR,HOU,Chuba Hubbard,HubbCh01,11,29,2.6,23,2.1,2
2021_03_CAR_HOU,202109230htx,2021,3,REG,CAR,HOU,Sam Darnold,DarnSa00,8,3,0.4,8,1,2
2021_03_CAR_HOU,202109230htx,2021,3,REG,CAR,HOU,Christian McCaffrey,McCaCh01,7,3,0.4,28,4,3
2021_03_CAR_HOU,202109230htx,2021,3,REG,CAR,HOU,Royce Freeman,FreeRo00,5,14,2.8,3,0.6,0
2021_03_CAR_HOU,202109230htx,2021,3,REG,CAR,HOU,D.J. Moore,MoorD.00,1,-1,-1,0,0,0
2021_03_CAR_HOU,202109230htx,2021,3,REG,CAR,HOU,Tommy Tremble,TremTo00,1,7,7,0,0,0
2021_03_WAS_BUF,202109260buf,2021,3,REG,BUF,WAS,Zack Moss,MossZa00,13,40,3.1,20,1.5,1
2021_03_WAS_BUF,202109260buf,2021,3,REG,BUF,WAS,Devin Singletary,SingDe00,11,13,1.2,13,1.2,0
2021_03_WAS_BUF,202109260buf,2021,3,REG,BUF,WAS,Josh Allen,AlleJo02,4,5,1.3,4,1,1
2021_03_WAS_BUF,202109260buf,2021,3,REG,BUF,WAS,Mitchell Trubisky,TrubMi00,4,19,4.8,0,0,0
2021_03_WAS_BUF,202109260buf,2021,3,REG,BUF,WAS,Isaiah McKenzie,McKeIs00,1,6,6,2,2,0
2021_03_WAS_BUF,202109260buf,2021,3,REG,WAS,BUF,Antonio Gibson,GibsAn00,12,15,1.3,16,1.3,1
2021_03_WAS_BUF,202109260buf,2021,3,REG,WAS,BUF,Taylor Heinicke,HeinTa00,8,21,2.6,0,0,0
2021_03_WAS_BUF,202109260buf,2021,3,REG,WAS,BUF,J.D. McKissic,McKiJ.00,3,14,4.7,9,3,0
2021_03_WAS_BUF,202109260buf,2021,3,REG,WAS,BUF,Dyami Brown,BrowDy00,1,-4,-4,0,0,0
2021_03_WAS_BUF,202109260buf,2021,3,REG,WAS,BUF,Cam Sims,SimsCa00,1,5,5,2,2,0
2021_03_CHI_CLE,202109260cle,2021,3,REG,CLE,CHI,Nick Chubb,ChubNi00,22,64,2.9,20,0.9,1
2021_03_CHI_CLE,202109260cle,2021,3,REG,CLE,CHI,Kareem Hunt,HuntKa00,10,33,3.3,48,4.8,3
2021_03_CHI_CLE,202109260cle,2021,3,REG,CLE,CHI,Baker Mayfield,MayfBa00,4,31,7.8,0,0,0
2021_03_CHI_CLE,202109260cle,2021,3,REG,CLE,CHI,Case Keenum,KeenCa00,3,0,0,0,0,0
2021_03_CHI_CLE,202109260cle,2021,3,REG,CLE,CHI,D'Ernest Johnson,JohnDE04,2,6,3,3,1.5,0
2021_03_CHI_CLE,202109260cle,2021,3,REG,CLE,CHI,Odell Beckham Jr.,BeckOd00,1,10,10,0,0,0
2021_03_CHI_CLE,202109260cle,2021,3,REG,CHI,CLE,David Montgomery,MontDa01,10,26,2.6,8,0.8,0
2021_03_CHI_CLE,202109260cle,2021,3,REG,CHI,CLE,Justin Fields,FielJu00,3,12,4,0,0,0
2021_03_BAL_DET,202109260det,2021,3,REG,DET,BAL,D'Andre Swift,SwifDA00,14,38,2.7,9,0.6,1
2021_03_BAL_DET,202109260det,2021,3,REG,DET,BAL,Jamaal Williams,WillJa06,12,36,3,6,0.5,0
2021_03_BAL_DET,202109260det,2021,3,REG,DET,BAL,Jared Goff,GoffJa00,1,4,4,0,0,0
2021_03_BAL_DET,202109260det,2021,3,REG,BAL,DET,Lamar Jackson,JackLa00,7,55,7.9,3,0.4,0
2021_03_BAL_DET,202109260det,2021,3,REG,BAL,DET,Latavius Murray,MurrLa00,7,26,3.7,2,0.3,0
2021_03_BAL_DET,202109260det,2021,3,REG,BAL,DET,Ty'Son Williams,WillTy01,5,16,3.2,6,1.2,0
2021_03_BAL_DET,202109260det,2021,3,REG,BAL,DET,Devonta Freeman,FreeDe00,3,4,1.3,4,1.3,0
2021_03_ARI_JAX,202109260jax,2021,3,REG,JAX,ARI,James Robinson,RobiJa00,15,31,2.1,57,3.8,0
2021_03_ARI_JAX,202109260jax,2021,3,REG,JAX,ARI,Carlos Hyde,HydeCa00,8,12,1.5,32,4,1
2021_03_ARI_JAX,202109260jax,2021,3,REG,JAX,ARI,Trevor Lawrence,LawrTr00,6,16,2.7,11,1.8,0
2021_03_ARI_JAX,202109260jax,2021,3,REG,ARI,JAX,James Conner,ConnJa00,11,19,1.7,24,2.2,1
2021_03_ARI_JAX,202109260jax,2021,3,REG,ARI,JAX,Chase Edmonds,EdmoCh00,11,11,1,15,1.4,0
2021_03_ARI_JAX,202109260jax,2021,3,REG,ARI,JAX,Kyler Murray,MurrKy00,7,18,2.6,1,0.1,0
2021_03_ARI_JAX,202109260jax,2021,3,REG,ARI,JAX,Rondale Moore,MoorRo02,1,0,0,3,3,0
2021_03_LAC_KC,202109260kan,2021,3,REG,KC,LAC,Clyde Edwards-Helaire,EdwaCl00,17,68,4,32,1.9,0
2021_03_LAC_KC,202109260kan,2021,3,REG,KC,LAC,Darrel Williams,WillDa10,7,22,3.1,6,0.9,0
2021_03_LAC_KC,202109260kan,2021,3,REG,KC,LAC,Patrick Mahomes,MahoPa00,4,44,11,1,0.3,0
2021_03_LAC_KC,202109260kan,2021,3,REG,KC,LAC,Mecole Hardman,HardMe00,1,2,2,0,0,0
2021_03_LAC_KC,202109260kan,2021,3,REG,KC,LAC,Tyreek Hill,HillTy00,1,11,11,0,0,0
2021_03_LAC_KC,202109260kan,2021,3,REG,LAC,KC,Austin Ekeler,EkelAu00,11,34,3.1,21,1.9,0
2021_03_LAC_KC,202109260kan,2021,3,REG,LAC,KC,Justin Herbert,HerbJu00,4,15,3.8,1,0.3,0
2021_03_LAC_KC,202109260kan,2021,3,REG,LAC,KC,Larry Rountree,RounLa00,4,2,0.5,1,0.3,0
2021_03_LAC_KC,202109260kan,2021,3,REG,LAC,KC,Justin Jackson,JackJu01,2,0,0,0,0,0
2021_03_LAC_KC,202109260kan,2021,3,REG,LAC,KC,Jalen Guyton,GuytJa01,1,2,2,1,1,0
2021_03_NO_NE,202109260nwe,2021,3,REG,NE,NO,Damien Harris,HarrDa06,6,8,1.3,6,1,1
2021_03_NO_NE,202109260nwe,2021,3,REG,NE,NO,Mac Jones,JoneMa05,6,28,4.7,0,0,0
2021_03_NO_NE,202109260nwe,2021,3,REG,NE,NO,Brandon Bolden,BoldBr00,3,-1,-0.3,0,0,0
2021_03_NO_NE,202109260nwe,2021,3,REG,NE,NO,J.J. Taylor,TaylJJ01,1,1,1,1,1,0
2021_03_NO_NE,202109260nwe,2021,3,REG,NE,NO,James White,WhitJa02,1,5,5,1,1,0
2021_03_NO_NE,202109260nwe,2021,3,REG,NO,NE,Alvin Kamara,KamaAl00,24,56,2.3,33,1.4,4
2021_03_NO_NE,202109260nwe,2021,3,REG,NO,NE,Taysom Hill,HillTa00,6,16,2.7,16,2.7,2
2021_03_NO_NE,202109260nwe,2021,3,REG,NO,NE,Jameis Winston,WinsJa00,5,1,0.2,3,0.6,0
2021_03_NO_NE,202109260nwe,2021,3,REG,NO,NE,Tony Jones,JoneTo04,2,9,4.5,3,1.5,0
2021_03_NO_NE,202109260nwe,2021,3,REG,NO,NE,Alex Armah,ArmaAl00,1,3,3,2,2,0
2021_03_ATL_NYG,202109260nyg,2021,3,REG,NYG,ATL,Saquon Barkley,BarkSa00,16,27,1.7,24,1.5,1
2021_03_ATL_NYG,202109260nyg,2021,3,REG,NYG,ATL,Daniel Jones,JoneDa05,8,36,4.5,3,0.4,0
2021_03_ATL_NYG,202109260nyg,2021,3,REG,NYG,ATL,Elijhaa Penny,PennEl00,2,3,1.5,3,1.5,0
2021_03_ATL_NYG,202109260nyg,2021,3,REG,NYG,ATL,Gary Brightwell,BrigGa00,1,3,3,1,1,0
2021_03_ATL_NYG,202109260nyg,2021,3,REG,ATL,NYG,Mike Davis,DaviMi01,12,17,1.4,33,2.8,2
2021_03_ATL_NYG,202109260nyg,2021,3,REG,ATL,NYG,Cordarrelle Patterson,PattCo00,7,12,1.7,8,1.1,0
2021_03_ATL_NYG,202109260nyg,2021,3,REG,ATL,NYG,Matt Ryan,RyanMa00,1,-1,-1,0,0,0
2021_03_CIN_PIT,202109260pit,2021,3,REG,PIT,CIN,Najee Harris,HarrNa00,14,14,1,26,1.9,1
2021_03_CIN_PIT,202109260pit,2021,3,REG,PIT,CIN,Ben Roethlisberger,RoetBe00,1,5,5,0,0,0
2021_03_CIN_PIT,202109260pit,2021,3,REG,CIN,PIT,Joe Mixon,MixoJo00,18,34,1.9,56,3.1,1
2021_03_CIN_PIT,202109260pit,2021,3,REG,CIN,PIT,Joe Burrow,BurrJo01,5,4,0.8,3,0.6,0
2021_03_CIN_PIT,202109260pit,2021,3,REG,CIN,PIT,Samaje Perine,PeriSa00,1,-1,-1,0,0,0
2021_03_IND_TEN,202109260oti,2021,3,REG,TEN,IND,Derrick Henry,HenrDe00,28,72,2.6,41,1.5,1
2021_03_IND_TEN,202109260oti,2021,3,REG,TEN,IND,Ryan Tannehill,TannRy00,5,53,10.6,3,0.6,0
2021_03_IND_TEN,202109260oti,2021,3,REG,TEN,IND,Jeremy McNichols,McNiJe00,2,2,1,4,2,0
2021_03_IND_TEN,202109260oti,2021,3,REG,TEN,IND,A.J. Brown,BrowAJ00,1,1,1,2,2,0
2021_03_IND_TEN,202109260oti,2021,3,REG,TEN,IND,Mekhi Sargent,SargMe00,1,2,2,0,0,0
2021_03_IND_TEN,202109260oti,2021,3,REG,IND,TEN,Jonathan Taylor,TaylJo02,10,36,3.6,28,2.8,0
2021_03_IND_TEN,202109260oti,2021,3,REG,IND,TEN,Nyheim Hines,HineNy00,6,23,3.8,2,0.3,0
2021_03_IND_TEN,202109260oti,2021,3,REG,IND,TEN,Ashton Dulin,DuliAs00,1,-7,-7,0,0,1
2021_03_IND_TEN,202109260oti,2021,3,REG,IND,TEN,Michael Pittman Jr.,PittMi01,1,5,5,0,0,0
2021_03_NYJ_DEN,202109260den,2021,3,REG,DEN,NYJ,Melvin Gordon,GordMe00,18,30,1.7,30,1.7,3
2021_03_NYJ_DEN,202109260den,2021,3,REG,DEN,NYJ,Javonte Williams,WillJa10,12,23,1.9,6,0.5,0
2021_03_NYJ_DEN,202109260den,2021,3,REG,DEN,NYJ,Teddy Bridgewater,BridTe00,4,19,4.8,5,1.3,1
2021_03_NYJ_DEN,202109260den,2021,3,REG,DEN,NYJ,Damarea Crockett,CrocDa01,3,7,2.3,0,0,0
2021_03_NYJ_DEN,202109260den,2021,3,REG,NYJ,DEN,Michael Carter,CartMi03,9,12,1.3,12,1.3,3
2021_03_NYJ_DEN,202109260den,2021,3,REG,NYJ,DEN,Ty Johnson,JohnTy02,3,13,4.3,4,1.3,1
2021_03_NYJ_DEN,202109260den,2021,3,REG,NYJ,DEN,Zach Wilson,WilsZa00,1,2,2,0,0,0
2021_03_MIA_LV,202109260rai,2021,3,REG,LV,MIA,Peyton Barber,BarbPe01,23,76,3.3,35,1.5,0
2021_03_MIA_LV,202109260rai,2021,3,REG,LV,MIA,Kenyan Drake,DrakKe00,8,10,1.3,14,1.8,1
2021_03_MIA_LV,202109260rai,2021,3,REG,LV,MIA,Derek Carr,CarrDe02,2,-2,-1,0,0,0
2021_03_MIA_LV,202109260rai,2021,3,REG,LV,MIA,Alec Ingold,IngoAl01,1,0,0,0,0,0
2021_03_MIA_LV,202109260rai,2021,3,REG,LV,MIA,Henry Ruggs III,RuggHe00,1,6,6,1,1,0
2021_03_MIA_LV,202109260rai,2021,3,REG,MIA,LV,Myles Gaskin,GaskMy00,13,41,3.2,24,1.8,0
2021_03_MIA_LV,202109260rai,2021,3,REG,MIA,LV,Jacoby Brissett,BrisJa00,7,37,5.3,0,0,0
2021_03_MIA_LV,202109260rai,2021,3,REG,MIA,LV,Malcolm Brown,BrowMa03,7,25,3.6,6,0.9,0
2021_03_TB_LA,202109260ram,2021,3,REG,LA,TB,Sony Michel,MichSo00,20,34,1.7,33,1.7,3
2021_03_TB_LA,202109260ram,2021,3,REG,LA,TB,Matthew Stafford,StafMa00,2,-2,-1,0,0,0
2021_03_TB_LA,202109260ram,2021,3,REG,LA,TB,Jake Funk,FunkJa00,1,3,3,3,3,0
2021_03_TB_LA,202109260ram,2021,3,REG,LA,TB,Robert Woods,WoodRo02,1,1,1,4,4,0
2021_03_TB_LA,202109260ram,2021,3,REG,TB,LA,Ronald Jones II,JoneRo01,5,6,1.2,5,1,0
2021_03_TB_LA,202109260ram,2021,3,REG,TB,LA,Leonard Fournette,FourLe00,4,6,1.5,2,0.5,0
2021_03_TB_LA,202109260ram,2021,3,REG,TB,LA,Tom Brady,BradTo00,3,12,4,2,0.7,0
2021_03_TB_LA,202109260ram,2021,3,REG,TB,LA,Chris Godwin,GodwCh00,1,2,2,0,0,0
2021_03_SEA_MIN,202109260min,2021,3,REG,MIN,SEA,Alexander Mattison,MattAl01,26,67,2.6,45,1.7,2
2021_03_SEA_MIN,202109260min,2021,3,REG,MIN,SEA,Ameer Abdullah,AbduAm00,5,11,2.2,13,2.6,1
2021_03_SEA_MIN,202109260min,2021,3,REG,MIN,SEA,C.J. Ham,HamxC.00,2,0,0,2,1,0
2021_03_SEA_MIN,202109260min,2021,3,REG,MIN,SEA,Kirk Cousins,CousKi00,1,2,2,0,0,0
2021_03_SEA_MIN,202109260min,2021,3,REG,SEA,MIN,Chris Carson,CarsCh00,12,55,4.6,25,2.1,1
2021_03_SEA_MIN,202109260min,2021,3,REG,SEA,MIN,Russell Wilson,WilsRu00,3,5,1.7,2,0.7,0
2021_03_SEA_MIN,202109260min,2021,3,REG,SEA,MIN,Alex Collins,CollAl00,2,1,0.5,7,3.5,1
2021_03_SEA_MIN,202109260min,2021,3,REG,SEA,MIN,Freddie Swain,SwaiFr00,1,10,10,1,1,0
2021_03_GB_SF,202109260sfo,2021,3,REG,SF,GB,Trey Sermon,SermTr00,10,15,1.5,16,1.6,1
2021_03_GB_SF,202109260sfo,2021,3,REG,SF,GB,Kyle Juszczyk,JuszKy00,5,6,1.2,8,1.6,0
2021_03_GB_SF,202109260sfo,2021,3,REG,SF,GB,Deebo Samuel,SamuDe00,2,0,0,0,0,0
2021_03_GB_SF,202109260sfo,2021,3,REG,SF,GB,Brandon Aiyuk,AiyuBr00,1,5,5,3,3,0
2021_03_GB_SF,202109260sfo,2021,3,REG,SF,GB,Jimmy Garoppolo,GaroJi00,1,4,4,0,0,0
2021_03_GB_SF,202109260sfo,2021,3,REG,SF,GB,George Kittle,KittGe00,1,5,5,4,4,0
2021_03_GB_SF,202109260sfo,2021,3,REG,SF,GB,Trey Lance,LancTr00,1,0,0,1,1,0
2021_03_GB_SF,202109260sfo,2021,3,REG,GB,SF,Aaron Jones,JoneAa00,19,41,2.2,41,2.2,2
2021_03_GB_SF,202109260sfo,2021,3,REG,GB,SF,AJ Dillon,DillAJ00,6,10,1.7,8,1.3,0
2021_03_PHI_DAL,202109270dal,2021,3,REG,DAL,PHI,Ezekiel Elliott,ElliEz00,17,48,2.8,47,2.8,1
2021_03_PHI_DAL,202109270dal,2021,3,REG,DAL,PHI,Tony Pollard,PollTo00,11,34,3.1,26,2.4,0
2021_03_PHI_DAL,202109270dal,2021,3,REG,DAL,PHI,Dak Prescott,PresDa01,9,0,0,6,0.7,0
2021_03_PHI_DAL,202109270dal,2021,3,REG,DAL,PHI,Corey Clement,ClemCo00,3,-6,-2,6,2,1
2021_03_PHI_DAL,202109270dal,2021,3,REG,DAL,PHI,CeeDee Lamb,LambCe00,1,-1,-1,0,0,0
2021_03_PHI_DAL,202109270dal,2021,3,REG,PHI,DAL,Jalen Hurts,HurtJa00,9,24,2.7,11,1.2,0
2021_03_PHI_DAL,202109270dal,2021,3,REG,PHI,DAL,Miles Sanders,SandMi01,2,20,10,7,3.5,0
2021_03_PHI_DAL,202109270dal,2021,3,REG,PHI,DAL,Kenneth Gainwell,GainKe00,1,1,1,1,1,0
2021_04_JAX_CIN,202109300cin,2021,4,REG,CIN,JAX,Joe Mixon,MixoJo00,16,54,3.4,13,0.8,2
2021_04_JAX_CIN,202109300cin,2021,4,REG,CIN,JAX,Joe Burrow,BurrJo01,3,2,0.7,2,0.7,0
2021_04_JAX_CIN,202109300cin,2021,4,REG,CIN,JAX,Samaje Perine,PeriSa00,3,5,1.7,2,0.7,0
2021_04_JAX_CIN,202109300cin,2021,4,REG,JAX,CIN,James Robinson,RobiJa00,18,52,2.9,26,1.4,2
2021_04_JAX_CIN,202109300cin,2021,4,REG,JAX,CIN,Trevor Lawrence,LawrTr00,8,24,3,12,1.5,1
2021_04_JAX_CIN,202109300cin,2021,4,REG,JAX,CIN,Dare Ogunbowale,OgunDa00,2,3,1.5,0,0,0
2021_04_JAX_CIN,202109300cin,2021,4,REG,JAX,CIN,Jamal Agnew,AgneJa00,1,11,11,0,0,0
2021_04_JAX_CIN,202109300cin,2021,4,REG,JAX,CIN,Laviska Shenault Jr.,ShenLa00,1,8,8,3,3,1
2021_04_WAS_ATL,202110030atl,2021,4,REG,ATL,WAS,Mike Davis,DaviMi01,13,1,0.1,13,1,0
2021_04_WAS_ATL,202110030atl,2021,4,REG,ATL,WAS,Wayne Gallman,GallWa00,6,19,3.2,10,1.7,1
2021_04_WAS_ATL,202110030atl,2021,4,REG,ATL,WAS,Cordarrelle Patterson,PattCo00,6,21,3.5,13,2.2,0
2021_04_WAS_ATL,202110030atl,2021,4,REG,ATL,WAS,Feleipe Franks,FranFe00,1,1,1,2,2,0
2021_04_WAS_ATL,202110030atl,2021,4,REG,ATL,WAS,Matt Ryan,RyanMa00,1,17,17,0,0,0
2021_04_WAS_ATL,202110030atl,2021,4,REG,ATL,WAS,Keith Smith,SmitKe03,1,1,1,1,1,0
2021_04_WAS_ATL,202110030atl,2021,4,REG,WAS,ATL,Antonio Gibson,GibsAn00,14,42,3,21,1.5,0
2021_04_WAS_ATL,202110030atl,2021,4,REG,WAS,ATL,J.D. McKissic,McKiJ.00,7,10,1.4,5,0.7,0
2021_04_WAS_ATL,202110030atl,2021,4,REG,WAS,ATL,Taylor Heinicke,HeinTa00,5,43,8.6,0,0,0
2021_04_WAS_ATL,202110030atl,2021,4,REG,WAS,ATL,Jaret Patterson,PattJa01,2,0,0,1,0.5,0
2021_04_HOU_BUF,202110030buf,2021,4,REG,BUF,HOU,Zack Moss,MossZa00,14,16,1.1,45,3.2,0
2021_04_HOU_BUF,202110030buf,2021,4,REG,BUF,HOU,Devin Singletary,SingDe00,14,29,2.1,50,3.6,1
2021_04_HOU_BUF,202110030buf,2021,4,REG,BUF,HOU,Josh Allen,AlleJo02,6,25,4.2,16,2.7,0
2021_04_HOU_BUF,202110030buf,2021,4,REG,BUF,HOU,Mitchell Trubisky,TrubMi00,4,10,2.5,0,0,0
2021_04_HOU_BUF,202110030buf,2021,4,REG,BUF,HOU,Reggie Gilliam,GillRe00,1,0,0,1,1,0
2021_04_HOU_BUF,202110030buf,2021,4,REG,BUF,HOU,Emmanuel Sanders,SandEm00,1,3,3,4,4,0
2021_04_HOU_BUF,202110030buf,2021,4,REG,HOU,BUF,Mark Ingram,IngrMa01,6,13,2.2,11,1.8,0
2021_04_HOU_BUF,202110030buf,2021,4,REG,HOU,BUF,David Johnson,JohnDa08,5,9,1.8,12,2.4,1
2021_04_HOU_BUF,202110030buf,2021,4,REG,HOU,BUF,Phillip Lindsay,LindPh00,4,-3,-0.8,2,0.5,0
2021_04_HOU_BUF,202110030buf,2021,4,REG,HOU,BUF,Jordan Akins,AkinJo00,1,0,0,3,3,0
2021_04_HOU_BUF,202110030buf,2021,4,REG,HOU,BUF,Rex Burkhead,BurkRe00,1,-1,-1,0,0,0
2021_04_HOU_BUF,202110030buf,2021,4,REG,HOU,BUF,Davis Mills,MillDa02,1,2,2,0,0,0
2021_04_DET_CHI,202110030chi,2021,4,REG,CHI,DET,David Montgomery,MontDa01,23,51,2.2,55,2.4,3
2021_04_DET_CHI,202110030chi,2021,4,REG,CHI,DET,Damien Williams,WillDa05,8,44,5.5,11,1.4,1
2021_04_DET_CHI,202110030chi,2021,4,REG,CHI,DET,Justin Fields,FielJu00,3,9,3,0,0,0
2021_04_DET_CHI,202110030chi,2021,4,REG,CHI,DET,Khalil Herbert,HerbKh00,3,4,1.3,3,1,0
2021_04_DET_CHI,202110030chi,2021,4,REG,CHI,DET,Marquise Goodwin,GoodMa00,1,0,0,1,1,0
2021_04_DET_CHI,202110030chi,2021,4,REG,CHI,DET,Darnell Mooney,MoonDa00,1,7,7,3,3,1
2021_04_DET_CHI,202110030chi,2021,4,REG,DET,CHI,Jamaal Williams,WillJa06,14,39,2.8,27,1.9,3
2021_04_DET_CHI,202110030chi,2021,4,REG,DET,CHI,D'Andre Swift,SwifDA00,8,12,1.5,4,0.5,0
2021_04_DET_CHI,202110030chi,2021,4,REG,DET,CHI,Jared Goff,GoffJa00,3,8,2.7,0,0,0
2021_04_CAR_DAL,202110030dal,2021,4,REG,DAL,CAR,Ezekiel Elliott,ElliEz00,20,71,3.6,72,3.6,1
2021_04_CAR_DAL,202110030dal,2021,4,REG,DAL,CAR,Tony Pollard,PollTo00,10,45,4.5,22,2.2,1
2021_04_CAR_DAL,202110030dal,2021,4,REG,DAL,CAR,Dak Prescott,PresDa01,4,35,8.8,0,0,0
2021_04_CAR_DAL,202110030dal,2021,4,REG,CAR,DAL,Chuba Hubbard,HubbCh01,13,32,2.5,25,1.9,1
2021_04_CAR_DAL,202110030dal,2021,4,REG,CAR,DAL,Sam Darnold,DarnSa00,6,35,5.8,0,0,0
2021_04_CAR_DAL,202110030dal,2021,4,REG,CAR,DAL,Royce Freeman,FreeRo00,3,7,2.3,5,1.7,0
2021_04_CAR_DAL,202110030dal,2021,4,REG,CAR,DAL,Robby Anderson,AndeRo04,1,1,1,2,2,0
2021_04_CAR_DAL,202110030dal,2021,4,REG,CAR,DAL,D.J. Moore,MoorD.00,1,6,6,0,0,0
2021_04_IND_MIA,202110030mia,2021,4,REG,MIA,IND,Malcolm Brown,BrowMa03,8,14,1.8,9,1.1,2
2021_04_IND_MIA,202110030mia,2021,4,REG,MIA,IND,Salvon Ahmed,AhmeSa01,3,1,0.3,0,0,0
2021_04_IND_MIA,202110030mia,2021,4,REG,MIA,IND,Jacoby Brissett,BrisJa00,3,8,2.7,0,0,0
2021_04_IND_MIA,202110030mia,2021,4,REG,MIA,IND,Myles Gaskin,GaskMy00,2,3,1.5,0,0,0
2021_04_IND_MIA,202110030mia,2021,4,REG,IND,MIA,Jonathan Taylor,TaylJo02,16,56,3.5,47,2.9,4
2021_04_IND_MIA,202110030mia,2021,4,REG,IND,MIA,Marlon Mack,MackMa00,10,18,1.8,4,0.4,1
2021_04_IND_MIA,202110030mia,2021,4,REG,IND,MIA,Carson Wentz,WentCa00,5,8,1.6,0,0,0
2021_04_IND_MIA,202110030mia,2021,4,REG,IND,MIA,Nyheim Hines,HineNy00,2,0,0,6,3,0
2021_04_CLE_MIN,202110030min,2021,4,REG,MIN,CLE,Alexander Mattison,MattAl01,10,5,0.5,15,1.5,1
2021_04_CLE_MIN,202110030min,2021,4,REG,MIN,CLE,Dalvin Cook,CookDa01,9,25,2.8,9,1,0
2021_04_CLE_MIN,202110030min,2021,4,REG,MIN,CLE,Kirk Cousins,CousKi00,2,0,0,0,0,0
2021_04_CLE_MIN,202110030min,2021,4,REG,MIN,CLE,C.J. Ham,HamxC.00,1,0,0,1,1,0
2021_04_CLE_MIN,202110030min,2021,4,REG,MIN,CLE,K.J. Osborn,OsboKJ00,1,8,8,2,2,0
2021_04_CLE_MIN,202110030min,2021,4,REG,CLE,MIN,Nick Chubb,ChubNi00,21,38,1.8,62,3,1
2021_04_CLE_MIN,202110030min,2021,4,REG,CLE,MIN,Kareem Hunt,HuntKa00,14,29,2.1,40,2.9,1
2021_04_CLE_MIN,202110030min,2021,4,REG,CLE,MIN,Baker Mayfield,MayfBa00,2,4,2,7,3.5,1
2021_04_CLE_MIN,202110030min,2021,4,REG,CLE,MIN,Odell Beckham Jr.,BeckOd00,1,2,2,2,2,0
2021_04_NYG_NO,202110030nor,2021,4,REG,NO,NYG,Alvin Kamara,KamaAl00,26,58,2.2,62,2.4,3
2021_04_NYG_NO,202110030nor,2021,4,REG,NO,NYG,Taysom Hill,HillTa00,6,15,2.5,13,2.2,3
2021_04_NYG_NO,202110030nor,2021,4,REG,NO,NYG,Tony Jones,JoneTo04,3,8,2.7,0,0,0
2021_04_NYG_NO,202110030nor,2021,4,REG,NO,NYG,Ty Montgomery,MontTy01,2,5,2.5,2,1,0
2021_04_NYG_NO,202110030nor,2021,4,REG,NO,NYG,Alex Armah,ArmaAl00,1,1,1,1,1,0
2021_04_NYG_NO,202110030nor,2021,4,REG,NO,NYG,Dwayne Washington,WashDw00,1,0,0,5,5,0
2021_04_NYG_NO,202110030nor,2021,4,REG,NYG,NO,Saquon Barkley,BarkSa00,13,25,1.9,27,2.1,1
2021_04_NYG_NO,202110030nor,2021,4,REG,NYG,NO,Daniel Jones,JoneDa05,4,27,6.8,0,0,0
2021_04_NYG_NO,202110030nor,2021,4,REG,NYG,NO,Devontae Booker,BookDe00,1,3,3,3,3,0
2021_04_NYG_NO,202110030nor,2021,4,REG,NYG,NO,Evan Engram,EngrEv00,1,-3,-3,0,0,0
2021_04_NYG_NO,202110030nor,2021,4,REG,NYG,NO,Kadarius Toney,ToneKa00,1,0,0,1,1,0
2021_04_TEN_NYJ,202110030nyj,2021,4,REG,NYJ,TEN,Michael Carter,CartMi03,13,8,0.6,30,2.3,0
2021_04_TEN_NYJ,202110030nyj,2021,4,REG,NYJ,TEN,Tevin Coleman,ColeTe01,4,4,1,10,2.5,0
2021_04_TEN_NYJ,202110030nyj,2021,4,REG,NYJ,TEN,Ty Johnson,JohnTy02,3,-2,-0.7,3,1,0
2021_04_TEN_NYJ,202110030nyj,2021,4,REG,NYJ,TEN,Zach Wilson,WilsZa00,3,-4,-1.3,2,0.7,0
2021_04_TEN_NYJ,202110030nyj,2021,4,REG,NYJ,TEN,Braxton Berrios,BerrBr00,2,11,5.5,4,2,0
2021_04_TEN_NYJ,202110030nyj,2021,4,REG,TEN,NYJ,Derrick Henry,HenrDe00,33,77,2.3,80,2.4,2
2021_04_TEN_NYJ,202110030nyj,2021,4,REG,TEN,NYJ,Ryan Tannehill,TannRy00,3,8,2.7,1,0.3,0
2021_04_TEN_NYJ,202110030nyj,2021,4,REG,TEN,NYJ,Jeremy McNichols,McNiJe00,1,11,11,0,0,0
2021_04_KC_PHI,202110030phi,2021,4,REG,PHI,KC,Jalen Hurts,HurtJa00,8,23,2.9,24,3,3
2021_04_KC_PHI,202110030phi,2021,4,REG,PHI,KC,Miles Sanders,SandMi01,7,3,0.4,10,1.4,1
2021_04_KC_PHI,202110030phi,2021,4,REG,PHI,KC,Kenneth Gainwell,GainKe00,3,19,6.3,12,4,1
2021_04_KC_PHI,202110030phi,2021,4,REG,PHI,KC,Jalen Reagor,ReagJa00,1,6,6,6,6,1
2021_04_KC_PHI,202110030phi,2021,4,REG,KC,PHI,Clyde Edwards-Helaire,EdwaCl00,14,56,4,46,3.3,2
2021_04_KC_PHI,202110030phi,2021,4,REG,KC,PHI,Darrel Williams,WillDa10,10,21,2.1,21,2.1,0
2021_04_KC_PHI,202110030phi,2021,4,REG,KC,PHI,Patrick Mahomes,MahoPa00,5,22,4.4,4,0.8,0
2021_04_KC_PHI,202110030phi,2021,4,REG,KC,PHI,Mecole Hardman,HardMe00,2,24,12,1,0.5,0
2021_04_KC_PHI,202110030phi,2021,4,REG,KC,PHI,Michael Burton,BurtMi00,1,1,1,4,4,0
2021_04_ARI_LA,202110030ram,2021,4,REG,LA,ARI,Darrell Henderson,HendDa00,14,62,4.4,27,1.9,1
2021_04_ARI_LA,202110030ram,2021,4,REG,LA,ARI,Matthew Stafford,StafMa00,6,19,3.2,2,0.3,0
2021_04_ARI_LA,202110030ram,2021,4,REG,LA,ARI,Sony Michel,MichSo00,3,9,3,2,0.7,0
2021_04_ARI_LA,202110030ram,2021,4,REG,ARI,LA,James Conner,ConnJa00,18,25,1.4,25,1.4,0
2021_04_ARI_LA,202110030ram,2021,4,REG,ARI,LA,Chase Edmonds,EdmoCh00,12,96,8,24,2,1
2021_04_ARI_LA,202110030ram,2021,4,REG,ARI,LA,Kyler Murray,MurrKy00,6,39,6.5,0,0,0
2021_04_ARI_LA,202110030ram,2021,4,REG,ARI,LA,Colt McCoy,McCoCo00,2,-2,-1,0,0,0
2021_04_ARI_LA,202110030ram,2021,4,REG,ARI,LA,Rondale Moore,MoorRo02,2,7,3.5,2,1,0
2021_04_SEA_SF,202110030sfo,2021,4,REG,SF,SEA,Trey Sermon,SermTr00,19,51,2.7,38,2,0
2021_04_SEA_SF,202110030sfo,2021,4,REG,SF,SEA,Trey Lance,LancTr00,7,36,5.1,5,0.7,0
2021_04_SEA_SF,202110030sfo,2021,4,REG,SF,SEA,Jacques Patrick,PatrJa01,2,8,4,4,2,0
2021_04_SEA_SF,202110030sfo,2021,4,REG,SF,SEA,Deebo Samuel,SamuDe00,1,0,0,1,1,0
2021_04_SEA_SF,202110030sfo,2021,4,REG,SEA,SF,Chris Carson,CarsCh00,13,10,0.8,20,1.5,0
2021_04_SEA_SF,202110030sfo,2021,4,REG,SEA,SF,Alex Collins,CollAl00,10,30,3,14,1.4,0
2021_04_SEA_SF,202110030sfo,2021,4,REG,SEA,SF,Russell Wilson,WilsRu00,4,26,6.5,0,0,0
2021_04_SEA_SF,202110030sfo,2021,4,REG,SEA,SF,Travis Homer,HomeTr00,1,1,1,4,4,1
2021_04_BAL_DEN,202110030den,2021,4,REG,DEN,BAL,Melvin Gordon,GordMe00,9,30,3.3,26,2.9,4
2021_04_BAL_DEN,202110030den,2021,4,REG,DEN,BAL,Javonte Williams,WillJa10,7,8,1.1,40,5.7,4
2021_04_BAL_DEN,202110030den,2021,4,REG,DEN,BAL,Teddy Bridgewater,BridTe00,1,2,2,0,0,0
2021_04_BAL_DEN,202110030den,2021,4,REG,BAL,DEN,Latavius Murray,MurrLa00,18,37,2.1,22,1.2,1
2021_04_BAL_DEN,202110030den,2021,4,REG,BAL,DEN,Lamar Jackson,JackLa00,7,25,3.6,3,0.4,0
2021_04_BAL_DEN,202110030den,2021,4,REG,BAL,DEN,Le'Veon Bell,BellLe00,4,10,2.5,1,0.3,0
2021_04_BAL_DEN,202110030den,2021,4,REG,BAL,DEN,Devonta Freeman,FreeDe00,1,4,4,0,0,0
2021_04_PIT_GB,202110030gnb,2021,4,REG,GB,PIT,AJ Dillon,DillAJ00,15,45,3,36,2.4,2
2021_04_PIT_GB,202110030gnb,2021,4,REG,GB,PIT,Aaron Jones,JoneAa00,15,28,1.9,20,1.3,1
2021_04_PIT_GB,202110030gnb,2021,4,REG,GB,PIT,Aaron Rodgers,RodgAa00,3,2,0.7,0,0,0
2021_04_PIT_GB,202110030gnb,2021,4,REG,PIT,GB,Najee Harris,HarrNa00,15,28,1.9,34,2.3,1
2021_04_PIT_GB,202110030gnb,2021,4,REG,PIT,GB,Benny Snell Jr.,SnelBe00,1,0,0,0,0,0
2021_04_TB_NE,202110030nwe,2021,4,REG,NE,TB,Damien Harris,HarrDa06,4,-5,-1.3,1,0.3,0
2021_04_TB_NE,202110030nwe,2021,4,REG,NE,TB,Nelson Agholor,AghoNe00,1,4,4,0,0,1
2021_04_TB_NE,202110030nwe,2021,4,REG,NE,TB,Brandon Bolden,BoldBr00,1,0,0,0,0,0
2021_04_TB_NE,202110030nwe,2021,4,REG,NE,TB,Mac Jones,JoneMa05,1,-1,-1,0,0,0
2021_04_TB_NE,202110030nwe,2021,4,REG,NE,TB,J.J. Taylor,TaylJJ01,1,0,0,0,0,0
2021_04_TB_NE,202110030nwe,2021,4,REG,TB,NE,Leonard Fournette,FourLe00,20,62,3.1,30,1.5,4
2021_04_TB_NE,202110030nwe,2021,4,REG,TB,NE,Ronald Jones II,JoneRo01,6,11,1.8,14,2.3,1
2021_04_TB_NE,202110030nwe,2021,4,REG,TB,NE,Tom Brady,BradTo00,4,0,0,3,0.8,0
2021_04_LV_LAC,202110040sdg,2021,4,REG,LAC,LV,Austin Ekeler,EkelAu00,15,70,4.7,47,3.1,3
2021_04_LV_LAC,202110040sdg,2021,4,REG,LAC,LV,Larry Rountree,RounLa00,11,14,1.3,17,1.5,0
2021_04_LV_LAC,202110040sdg,2021,4,REG,LAC,LV,Justin Herbert,HerbJu00,3,4,1.3,0,0,0
2021_04_LV_LAC,202110040sdg,2021,4,REG,LAC,LV,Justin Jackson,JackJu01,3,-4,-1.3,0,0,0
2021_04_LV_LAC,202110040sdg,2021,4,REG,LAC,LV,Jalen Guyton,GuytJa01,2,3,1.5,17,8.5,0
2021_04_LV_LAC,202110040sdg,2021,4,REG,LV,LAC,Josh Jacobs,JacoJo01,13,20,1.5,20,1.5,1
2021_04_LV_LAC,202110040sdg,2021,4,REG,LV,LAC,Derek Carr,CarrDe02,3,5,1.7,1,0.3,0
2021_04_LV_LAC,202110040sdg,2021,4,REG,LV,LAC,Peyton Barber,BarbPe01,1,0,0,0,0,0
2021_04_LV_LAC,202110040sdg,2021,4,REG,LV,LAC,Kenyan Drake,DrakKe00,1,0,0,2,2,0
2021_05_LA_SEA,202110070sea,2021,5,REG,SEA,LA,Alex Collins,CollAl00,15,42,2.8,5,0.3,0
2021_05_LA_SEA,202110070sea,2021,5,REG,SEA,LA,DeeJay Dallas,DallDe00,4,6,1.5,1,0.3,0
2021_05_LA_SEA,202110070sea,2021,5,REG,SEA,LA,Geno Smith,SmitGe00,3,17,5.7,6,2,2
2021_05_LA_SEA,202110070sea,2021,5,REG,SEA,LA,Russell Wilson,WilsRu00,2,10,5,0,0,0
2021_05_LA_SEA,202110070sea,2021,5,REG,SEA,LA,Travis Homer,HomeTr00,1,3,3,2,2,0
2021_05_LA_SEA,202110070sea,2021,5,REG,LA,SEA,Darrell Henderson,HendDa00,17,43,2.5,39,2.3,2
2021_05_LA_SEA,202110070sea,2021,5,REG,LA,SEA,Sony Michel,MichSo00,11,21,1.9,16,1.5,1
2021_05_LA_SEA,202110070sea,2021,5,REG,LA,SEA,Matthew Stafford,StafMa00,1,-1,-1,0,0,0
2021_05_NYJ_ATL,202110100atl,2021,5,REG,ATL,NYJ,Cordarrelle Patterson,PattCo00,14,15,1.1,39,2.8,1
2021_05_NYJ_ATL,202110100atl,2021,5,REG,ATL,NYJ,Mike Davis,DaviMi01,13,32,2.5,21,1.6,1
2021_05_NYJ_ATL,202110100atl,2021,5,REG,ATL,NYJ,Wayne Gallman,GallWa00,1,0,0,2,2,0
2021_05_NYJ_ATL,202110100atl,2021,5,REG,ATL,NYJ,Matt Ryan,RyanMa00,1,-1,-1,0,0,0
2021_05_NYJ_ATL,202110100atl,2021,5,REG,NYJ,ATL,Michael Carter,CartMi03,10,16,1.6,22,2.2,0
2021_05_NYJ_ATL,202110100atl,2021,5,REG,NYJ,ATL,Ty Johnson,JohnTy02,4,7,1.8,5,1.3,0
2021_05_NYJ_ATL,202110100atl,2021,5,REG,NYJ,ATL,Tevin Coleman,ColeTe01,3,6,2,5,1.7,0
2021_05_NYJ_ATL,202110100atl,2021,5,REG,NYJ,ATL,Zach Wilson,WilsZa00,1,3,3,0,0,0
2021_05_PHI_CAR,202110100car,2021,5,REG,CAR,PHI,Chuba Hubbard,HubbCh01,24,45,1.9,56,2.3,2
2021_05_PHI_CAR,202110100car,2021,5,REG,CAR,PHI,Royce Freeman,FreeRo00,3,-1,-0.3,3,1,0
2021_05_PHI_CAR,202110100car,2021,5,REG,CAR,PHI,Sam Darnold,DarnSa00,2,10,5,0,0,0
2021_05_PHI_CAR,202110100car,2021,5,REG,CAR,PHI,D.J. Moore,MoorD.00,1,-4,-4,0,0,0
2021_05_PHI_CAR,202110100car,2021,5,REG,PHI,CAR,Miles Sanders,SandMi01,11,27,2.5,18,1.6,0
2021_05_PHI_CAR,202110100car,2021,5,REG,PHI,CAR,Jalen Hurts,HurtJa00,9,27,3,3,0.3,0
2021_05_PHI_CAR,202110100car,2021,5,REG,PHI,CAR,Kenneth Gainwell,GainKe00,2,14,7,2,1,0
2021_05_GB_CIN,202110100cin,2021,5,REG,CIN,GB,Samaje Perine,PeriSa00,11,22,2,37,3.4,2
2021_05_GB_CIN,202110100cin,2021,5,REG,CIN,GB,Joe Mixon,MixoJo00,10,23,2.3,10,1,0
2021_05_GB_CIN,202110100cin,2021,5,REG,CIN,GB,Joe Burrow,BurrJo01,3,8,2.7,3,1,0
2021_05_GB_CIN,202110100cin,2021,5,REG,GB,CIN,Aaron Jones,JoneAa00,14,31,2.2,72,5.1,1
2021_05_GB_CIN,202110100cin,2021,5,REG,GB,CIN,AJ Dillon,DillAJ00,8,11,1.4,19,2.4,0
2021_05_NE_HOU,202110100htx,2021,5,REG,HOU,NE,Mark Ingram,IngrMa01,16,16,1,25,1.6,0
2021_05_NE_HOU,202110100htx,2021,5,REG,HOU,NE,Phillip Lindsay,LindPh00,5,13,2.6,6,1.2,0
2021_05_NE_HOU,202110100htx,2021,5,REG,HOU,NE,David Johnson,JohnDa08,2,2,1,3,1.5,0
2021_05_NE_HOU,202110100htx,2021,5,REG,HOU,NE,Davis Mills,MillDa02,1,1,1,1,1,0
2021_05_NE_HOU,202110100htx,2021,5,REG,NE,HOU,Damien Harris,HarrDa06,14,15,1.1,43,3.1,0
2021_05_NE_HOU,202110100htx,2021,5,REG,NE,HOU,Rhamondre Stevenson,StevRh00,11,7,0.6,16,1.5,0
2021_05_NE_HOU,202110100htx,2021,5,REG,NE,HOU,Brandon Bolden,BoldBr00,2,19,9.5,6,3,0
2021_05_NE_HOU,202110100htx,2021,5,REG,NE,HOU,Kendrick Bourne,BourKe00,1,0,0,12,12,0
2021_05_NE_HOU,202110100htx,2021,5,REG,NE,HOU,Mac Jones,JoneMa05,1,1,1,2,2,0
2021_05_NE_HOU,202110100htx,2021,5,REG,NE,HOU,Jonnu Smith,SmitJo01,1,0,0,5,5,0
2021_05_TEN_JAX,202110100jax,2021,5,REG,JAX,TEN,James Robinson,RobiJa00,18,101,5.6,48,2.7,6
2021_05_TEN_JAX,202110100jax,2021,5,REG,JAX,TEN,Trevor Lawrence,LawrTr00,7,27,3.9,1,0.1,0
2021_05_TEN_JAX,202110100jax,2021,5,REG,JAX,TEN,Carlos Hyde,HydeCa00,5,10,2,3,0.6,0
2021_05_TEN_JAX,202110100jax,2021,5,REG,JAX,TEN,Jamal Agnew,AgneJa00,1,8,8,0,0,0
2021_05_TEN_JAX,202110100jax,2021,5,REG,TEN,JAX,Derrick Henry,HenrDe00,29,79,2.7,51,1.8,4
2021_05_TEN_JAX,202110100jax,2021,5,REG,TEN,JAX,Ryan Tannehill,TannRy00,3,20,6.7,1,0.3,0
2021_05_TEN_JAX,202110100jax,2021,5,REG,TEN,JAX,Cameron Batson,BatsCa00,2,11,5.5,4,2,0
2021_05_TEN_JAX,202110100jax,2021,5,REG,TEN,JAX,Jeremy McNichols,McNiJe00,1,6,6,3,3,0
2021_05_TEN_JAX,202110100jax,2021,5,REG,TEN,JAX,Chester Rogers,RogeCh02,1,5,5,4,4,0
2021_05_DET_MIN,202110100min,2021,5,REG,MIN,DET,Alexander Mattison,MattAl01,25,42,1.7,71,2.8,3
2021_05_DET_MIN,202110100min,2021,5,REG,MIN,DET,Ameer Abdullah,AbduAm00,1,2,2,0,0,0
2021_05_DET_MIN,202110100min,2021,5,REG,MIN,DET,Kirk Cousins,CousKi00,1,4,4,0,0,0
2021_05_DET_MIN,202110100min,2021,5,REG,MIN,DET,C.J. Ham,HamxC.00,1,1,1,0,0,0
2021_05_DET_MIN,202110100min,2021,5,REG,DET,MIN,Jamaal Williams,WillJa06,13,38,2.9,19,1.5,0
2021_05_DET_MIN,202110100min,2021,5,REG,DET,MIN,D'Andre Swift,SwifDA00,11,37,3.4,14,1.3,0
2021_05_DEN_PIT,202110100pit,2021,5,REG,PIT,DEN,Najee Harris,HarrNa00,23,69,3,53,2.3,2
2021_05_DEN_PIT,202110100pit,2021,5,REG,PIT,DEN,Benny Snell Jr.,SnelBe00,5,14,2.8,6,1.2,1
2021_05_DEN_PIT,202110100pit,2021,5,REG,PIT,DEN,Kalen Ballage,BallKa00,4,-2,-0.5,2,0.5,0
2021_05_DEN_PIT,202110100pit,2021,5,REG,PIT,DEN,JuJu Smith-Schuster,SmitJu00,2,5,2.5,1,0.5,0
2021_05_DEN_PIT,202110100pit,2021,5,REG,PIT,DEN,Ben Roethlisberger,RoetBe00,1,-1,-1,0,0,0
2021_05_DEN_PIT,202110100pit,2021,5,REG,DEN,PIT,Melvin Gordon,GordMe00,9,21,2.3,13,1.4,0
2021_05_DEN_PIT,202110100pit,2021,5,REG,DEN,PIT,Javonte Williams,WillJa10,8,40,5,21,2.6,0
2021_05_DEN_PIT,202110100pit,2021,5,REG,DEN,PIT,Teddy Bridgewater,BridTe00,1,8,8,3,3,0
2021_05_MIA_TB,202110100tam,2021,5,REG,TB,MIA,Leonard Fournette,FourLe00,12,28,2.3,39,3.3,0
2021_05_MIA_TB,202110100tam,2021,5,REG,TB,MIA,Ronald Jones II,JoneRo01,5,14,2.8,7,1.4,0
2021_05_MIA_TB,202110100tam,2021,5,REG,TB,MIA,Giovani Bernard,BernGi00,4,9,2.3,12,3,0
2021_05_MIA_TB,202110100tam,2021,5,REG,TB,MIA,Blaine Gabbert,GabbBl00,3,-1,-0.3,0,0,0
2021_05_MIA_TB,202110100tam,2021,5,REG,TB,MIA,Tom Brady,BradTo00,1,11,11,2,2,0
2021_05_MIA_TB,202110100tam,2021,5,REG,MIA,TB,Myles Gaskin,GaskMy00,5,20,4,5,1,0
2021_05_MIA_TB,202110100tam,2021,5,REG,MIA,TB,Salvon Ahmed,AhmeSa01,2,1,0.5,4,2,1
2021_05_MIA_TB,202110100tam,2021,5,REG,MIA,TB,Jaylen Waddle,WaddJa00,1,1,1,1,1,0
2021_05_MIA_TB,202110100tam,2021,5,REG,MIA,TB,Preston Williams,WillPr01,1,3,3,4,4,1
2021_05_NO_WAS,202110100was,2021,5,REG,WAS,NO,Antonio Gibson,GibsAn00,20,32,1.6,28,1.4,1
2021_05_NO_WAS,202110100was,2021,5,REG,WAS,NO,Taylor Heinicke,HeinTa00,5,39,7.8,1,0.2,0
2021_05_NO_WAS,202110100was,2021,5,REG,WAS,NO,Jaret Patterson,PattJa01,4,6,1.5,7,1.8,1
2021_05_NO_WAS,202110100was,2021,5,REG,WAS,NO,J.D. McKissic,McKiJ.00,2,-2,-1,1,0.5,0
2021_05_NO_WAS,202110100was,2021,5,REG,WAS,NO,DeAndre Carter,CartDe02,1,8,8,3,3,0
2021_05_NO_WAS,202110100was,2021,5,REG,WAS,NO,Curtis Samuel,SamuCu00,1,7,7,1,1,0
2021_05_NO_WAS,202110100was,2021,5,REG,NO,WAS,Alvin Kamara,KamaAl00,16,45,2.8,26,1.6,2
2021_05_NO_WAS,202110100was,2021,5,REG,NO,WAS,Jameis Winston,WinsJa00,6,15,2.5,11,1.8,0
2021_05_NO_WAS,202110100was,2021,5,REG,NO,WAS,Kenny Stills,StilKe00,1,1,1,0,0,0
2021_05_CLE_LAC,202110100sdg,2021,5,REG,LAC,CLE,Austin Ekeler,EkelAu00,17,34,2,32,1.9,1
2021_05_CLE_LAC,202110100sdg,2021,5,REG,LAC,CLE,Justin Herbert,HerbJu00,4,18,4.5,11,2.8,0
2021_05_CLE_LAC,202110100sdg,2021,5,REG,LAC,CLE,Joshua Kelley,KellJo01,2,13,6.5,4,2,0
2021_05_CLE_LAC,202110100sdg,2021,5,REG,CLE,LAC,Nick Chubb,ChubNi00,21,50,2.4,111,5.3,4
2021_05_CLE_LAC,202110100sdg,2021,5,REG,CLE,LAC,Kareem Hunt,HuntKa00,12,15,1.3,46,3.8,1
2021_05_CLE_LAC,202110100sdg,2021,5,REG,CLE,LAC,Baker Mayfield,MayfBa00,2,1,0.5,7,3.5,0
2021_05_CHI_LV,202110100rai,2021,5,REG,LV,CHI,Josh Jacobs,JacoJo01,15,45,3,3,0.2,0
2021_05_CHI_LV,202110100rai,2021,5,REG,LV,CHI,Derek Carr,CarrDe02,3,10,3.3,0,0,0
2021_05_CHI_LV,202110100rai,2021,5,REG,LV,CHI,Kenyan Drake,DrakKe00,2,9,4.5,2,1,0
2021_05_CHI_LV,202110100rai,2021,5,REG,LV,CHI,Nathan Peterman,PeteNa00,2,2,1,0,0,0
2021_05_CHI_LV,202110100rai,2021,5,REG,CHI,LV,Khalil Herbert,HerbKh00,18,63,3.5,12,0.7,0
2021_05_CHI_LV,202110100rai,2021,5,REG,CHI,LV,Damien Williams,WillDa05,16,57,3.6,7,0.4,1
2021_05_CHI_LV,202110100rai,2021,5,REG,CHI,LV,Justin Fields,FielJu00,3,2,0.7,2,0.7,0
2021_05_SF_ARI,202110100crd,2021,5,REG,ARI,SF,James Conner,ConnJa00,10,8,0.8,21,2.1,0
2021_05_SF_ARI,202110100crd,2021,5,REG,ARI,SF,Kyler Murray,MurrKy00,7,-3,-0.4,4,0.6,0
2021_05_SF_ARI,202110100crd,2021,5,REG,ARI,SF,Chase Edmonds,EdmoCh00,6,5,0.8,10,1.7,0
2021_05_SF_ARI,202110100crd,2021,5,REG,ARI,SF,Rondale Moore,MoorRo02,3,4,1.3,34,11.3,2
2021_05_SF_ARI,202110100crd,2021,5,REG,ARI,SF,Christian Kirk,KirkCh01,1,9,9,2,2,0
2021_05_SF_ARI,202110100crd,2021,5,REG,SF,ARI,Trey Lance,LancTr00,16,50,3.1,39,2.4,0
2021_05_SF_ARI,202110100crd,2021,5,REG,SF,ARI,Elijah Mitchell,MitcEl00,9,9,1,34,3.8,1
2021_05_SF_ARI,202110100crd,2021,5,REG,SF,ARI,Kyle Juszczyk,JuszKy00,1,0,0,0,0,0
2021_05_SF_ARI,202110100crd,2021,5,REG,SF,ARI,Deebo Samuel,SamuDe00,1,7,7,6,6,1
2021_05_SF_ARI,202110100crd,2021,5,REG,SF,ARI,Trey Sermon,SermTr00,1,0,0,7,7,1
2021_05_NYG_DAL,202110100dal,2021,5,REG,DAL,NYG,Ezekiel Elliott,ElliEz00,21,70,3.3,40,1.9,0
2021_05_NYG_DAL,202110100dal,2021,5,REG,DAL,NYG,Tony Pollard,PollTo00,14,46,3.3,29,2.1,0
2021_05_NYG_DAL,202110100dal,2021,5,REG,DAL,NYG,Dak Prescott,PresDa01,2,6,3,0,0,0
2021_05_NYG_DAL,202110100dal,2021,5,REG,DAL,NYG,CeeDee Lamb,LambCe00,1,1,1,3,3,0
2021_05_NYG_DAL,202110100dal,2021,5,REG,DAL,NYG,Cedrick Wilson Jr.,WilsCe01,1,6,6,0,0,0
2021_05_NYG_DAL,202110100dal,2021,5,REG,NYG,DAL,Devontae Booker,BookDe00,16,27,1.7,15,0.9,2
2021_05_NYG_DAL,202110100dal,2021,5,REG,NYG,DAL,Daniel Jones,JoneDa05,3,8,2.7,1,0.3,0
2021_05_NYG_DAL,202110100dal,2021,5,REG,NYG,DAL,Saquon Barkley,BarkSa00,2,6,3,3,1.5,0
2021_05_NYG_DAL,202110100dal,2021,5,REG,NYG,DAL,Mike Glennon,GlenMi00,2,2,1,0,0,0
2021_05_NYG_DAL,202110100dal,2021,5,REG,NYG,DAL,Elijhaa Penny,PennEl00,1,2,2,2,2,0
2021_05_NYG_DAL,202110100dal,2021,5,REG,NYG,DAL,Kadarius Toney,ToneKa00,1,7,7,0,0,0
2021_05_BUF_KC,202110100kan,2021,5,REG,KC,BUF,Patrick Mahomes,MahoPa00,8,58,7.3,3,0.4,0
2021_05_BUF_KC,202110100kan,2021,5,REG,KC,BUF,Clyde Edwards-Helaire,EdwaCl00,7,6,0.9,7,1,0
2021_05_BUF_KC,202110100kan,2021,5,REG,KC,BUF,Darrel Williams,WillDa10,5,20,4,7,1.4,0
2021_05_BUF_KC,202110100kan,2021,5,REG,KC,BUF,Michael Burton,BurtMi00,1,2,2,0,0,0
2021_05_BUF_KC,202110100kan,2021,5,REG,KC,BUF,Tyreek Hill,HillTy00,1,7,7,8,8,0
2021_05_BUF_KC,202110100kan,2021,5,REG,KC,BUF,Jerick McKinnon,McKiJe00,1,0,0,2,2,0
2021_05_BUF_KC,202110100kan,2021,5,REG,BUF,KC,Josh Allen,AlleJo02,11,50,4.5,9,0.8,0
2021_05_BUF_KC,202110100kan,2021,5,REG,BUF,KC,Zack Moss,MossZa00,11,15,1.4,22,2,3
2021_05_BUF_KC,202110100kan,2021,5,REG,BUF,KC,Devin Singletary,SingDe00,6,10,1.7,15,2.5,0
2021_05_IND_BAL,202110110rav,2021,5,REG,BAL,IND,Lamar Jackson,JackLa00,14,21,1.5,41,2.9,2
2021_05_IND_BAL,202110110rav,2021,5,REG,BAL,IND,Latavius Murray,MurrLa00,6,9,1.5,8,1.3,0
2021_05_IND_BAL,202110110rav,2021,5,REG,BAL,IND,Ty'Son Williams,WillTy01,4,3,0.8,3,0.8,0
2021_05_IND_BAL,202110110rav,2021,5,REG,BAL,IND,Devonta Freeman,FreeDe00,1,0,0,1,1,0
2021_05_IND_BAL,202110110rav,2021,5,REG,IND,BAL,Jonathan Taylor,TaylJo02,15,20,1.3,33,2.2,0
2021_05_IND_BAL,202110110rav,2021,5,REG,IND,BAL,Marlon Mack,MackMa00,5,31,6.2,16,3.2,0
2021_05_IND_BAL,202110110rav,2021,5,REG,IND,BAL,Nyheim Hines,HineNy00,4,5,1.3,13,3.3,2
2021_05_IND_BAL,202110110rav,2021,5,REG,IND,BAL,Carson Wentz,WentCa00,2,2,1,3,1.5,0
2021_06_TB_PHI,202110140phi,2021,6,REG,PHI,TB,Jalen Hurts,HurtJa00,10,38,3.8,6,0.6,1
2021_06_TB_PHI,202110140phi,2021,6,REG,PHI,TB,Miles Sanders,SandMi01,9,39,4.3,17,1.9,0
2021_06_TB_PHI,202110140phi,2021,6,REG,TB,PHI,Leonard Fournette,FourLe00,22,37,1.7,44,2,1
2021_06_TB_PHI,202110140phi,2021,6,REG,TB,PHI,Ronald Jones II,JoneRo01,5,10,2,10,2,0
2021_06_TB_PHI,202110140phi,2021,6,REG,TB,PHI,Tom Brady,BradTo00,4,1,0.3,0,0,0
2021_06_MIA_JAX,202110170jax,2021,6,REG,JAX,MIA,James Robinson,RobiJa00,17,24,1.4,49,2.9,0
2021_06_MIA_JAX,202110170jax,2021,6,REG,JAX,MIA,Trevor Lawrence,LawrTr00,2,11,5.5,0,0,1
2021_06_MIA_JAX,202110170jax,2021,6,REG,MIA,JAX,Salvon Ahmed,AhmeSa01,7,6,0.9,16,2.3,0
2021_06_MIA_JAX,202110170jax,2021,6,REG,MIA,JAX,Malcolm Brown,BrowMa03,5,13,2.6,11,2.2,0
2021_06_MIA_JAX,202110170jax,2021,6,REG,MIA,JAX,Myles Gaskin,GaskMy00,5,3,0.6,6,1.2,0
2021_06_MIA_JAX,202110170jax,2021,6,REG,MIA,JAX,Tua Tagovailoa,TagoTu00,3,22,7.3,0,0,0
2021_06_LAC_BAL,202110170rav,2021,6,REG,BAL,LAC,Devonta Freeman,FreeDe00,9,31,3.4,22,2.4,0
2021_06_LAC_BAL,202110170rav,2021,6,REG,BAL,LAC,Latavius Murray,MurrLa00,9,29,3.2,15,1.7,2
2021_06_LAC_BAL,202110170rav,2021,6,REG,BAL,LAC,Le'Veon Bell,BellLe00,8,13,1.6,5,0.6,0
2021_06_LAC_BAL,202110170rav,2021,6,REG,BAL,LAC,Lamar Jackson,JackLa00,8,25,3.1,26,3.3,2
2021_06_LAC_BAL,202110170rav,2021,6,REG,BAL,LAC,Tyler Huntley,HuntTy01,3,7,2.3,3,1,0
2021_06_LAC_BAL,202110170rav,2021,6,REG,BAL,LAC,Devin Duvernay,DuveDe00,1,7,7,4,4,0
2021_06_LAC_BAL,202110170rav,2021,6,REG,LAC,BAL,Austin Ekeler,EkelAu00,6,2,0.3,5,0.8,0
2021_06_LAC_BAL,202110170rav,2021,6,REG,LAC,BAL,Joshua Kelley,KellJo01,4,1,0.3,6,1.5,0
2021_06_LAC_BAL,202110170rav,2021,6,REG,LAC,BAL,Justin Herbert,HerbJu00,2,1,0.5,11,5.5,0
2021_06_MIN_CAR,202110170car,2021,6,REG,CAR,MIN,Chuba Hubbard,HubbCh01,16,23,1.4,38,2.4,0
2021_06_MIN_CAR,202110170car,2021,6,REG,CAR,MIN,Sam Darnold,DarnSa00,4,48,12,0,0,0
2021_06_MIN_CAR,202110170car,2021,6,REG,CAR,MIN,Royce Freeman,FreeRo00,1,2,2,1,1,0
2021_06_MIN_CAR,202110170car,2021,6,REG,CAR,MIN,D.J. Moore,MoorD.00,1,4,4,2,2,0
2021_06_MIN_CAR,202110170car,2021,6,REG,CAR,MIN,Tommy Tremble,TremTo00,1,0,0,0,0,0
2021_06_MIN_CAR,202110170car,2021,6,REG,MIN,CAR,Dalvin Cook,CookDa01,29,69,2.4,71,2.4,2
2021_06_MIN_CAR,202110170car,2021,6,REG,MIN,CAR,Alexander Mattison,MattAl01,3,3,1,7,2.3,1
2021_06_MIN_CAR,202110170car,2021,6,REG,MIN,CAR,Kirk Cousins,CousKi00,2,16,8,0,0,0
2021_06_MIN_CAR,202110170car,2021,6,REG,MIN,CAR,C.J. Ham,HamxC.00,1,22,22,8,8,0
2021_06_MIN_CAR,202110170car,2021,6,REG,MIN,CAR,Adam Thielen,ThieAd00,1,0,0,2,2,0
2021_06_GB_CHI,202110170chi,2021,6,REG,CHI,GB,Khalil Herbert,HerbKh00,19,58,3.1,39,2.1,1
2021_06_GB_CHI,202110170chi,2021,6,REG,CHI,GB,Justin Fields,FielJu00,6,19,3.2,24,4,0
2021_06_GB_CHI,202110170chi,2021,6,REG,CHI,GB,Cole Kmet,KmetCo00,1,0,0,0,0,0
2021_06_GB_CHI,202110170chi,2021,6,REG,GB,CHI,Aaron Jones,JoneAa00,13,50,3.8,26,2,0
2021_06_GB_CHI,202110170chi,2021,6,REG,GB,CHI,AJ Dillon,DillAJ00,11,17,1.5,42,3.8,2
2021_06_GB_CHI,202110170chi,2021,6,REG,GB,CHI,Aaron Rodgers,RodgAa00,7,19,2.7,0,0,0
2021_06_CIN_DET,202110170det,2021,6,REG,DET,CIN,D'Andre Swift,SwifDA00,13,12,0.9,12,0.9,0
2021_06_CIN_DET,202110170det,2021,6,REG,DET,CIN,Jamaal Williams,WillJa06,4,7,1.8,4,1,0
2021_06_CIN_DET,202110170det,2021,6,REG,DET,CIN,Jared Goff,GoffJa00,1,0,0,1,1,0
2021_06_CIN_DET,202110170det,2021,6,REG,CIN,DET,Joe Mixon,MixoJo00,18,20,1.1,74,4.1,1
2021_06_CIN_DET,202110170det,2021,6,REG,CIN,DET,Trayveon Williams,WillTr06,6,5,0.8,8,1.3,0
2021_06_CIN_DET,202110170det,2021,6,REG,CIN,DET,Joe Burrow,BurrJo01,5,15,3,5,1,1
2021_06_CIN_DET,202110170det,2021,6,REG,CIN,DET,Chris Evans,EvanCh02,4,9,2.3,9,2.3,0
2021_06_CIN_DET,202110170det,2021,6,REG,CIN,DET,Brandon Allen,AlleBr00,3,-3,-1,0,0,0
2021_06_HOU_IND,202110170clt,2021,6,REG,IND,HOU,Jonathan Taylor,TaylJo02,14,62,4.4,83,5.9,1
2021_06_HOU_IND,202110170clt,2021,6,REG,IND,HOU,Marlon Mack,MackMa00,5,6,1.2,6,1.2,0
2021_06_HOU_IND,202110170clt,2021,6,REG,IND,HOU,Nyheim Hines,HineNy00,4,8,2,5,1.3,0
2021_06_HOU_IND,202110170clt,2021,6,REG,IND,HOU,Carson Wentz,WentCa00,2,0,0,1,0.5,0
2021_06_HOU_IND,202110170clt,2021,6,REG,IND,HOU,Michael Pittman Jr.,PittMi01,1,2,2,1,1,0
2021_06_HOU_IND,202110170clt,2021,6,REG,HOU,IND,Mark Ingram,IngrMa01,18,50,2.8,23,1.3,1
2021_06_HOU_IND,202110170clt,2021,6,REG,HOU,IND,Phillip Lindsay,LindPh00,7,37,5.3,2,0.3,0
2021_06_HOU_IND,202110170clt,2021,6,REG,HOU,IND,David Johnson,JohnDa08,2,4,2,3,1.5,0
2021_06_HOU_IND,202110170clt,2021,6,REG,HOU,IND,Davis Mills,MillDa02,2,5,2.5,0,0,0
2021_06_LA_NYG,202110170nyg,2021,6,REG,NYG,LA,Devontae Booker,BookDe00,12,22,1.8,19,1.6,0
2021_06_LA_NYG,202110170nyg,2021,6,REG,NYG,LA,Daniel Jones,JoneDa05,3,3,1,1,0.3,0
2021_06_LA_NYG,202110170nyg,2021,6,REG,NYG,LA,Elijhaa Penny,PennEl00,3,8,2.7,7,2.3,0
2021_06_LA_NYG,202110170nyg,2021,6,REG,LA,NYG,Darrell Henderson,HendDa00,21,43,2,35,1.7,0
2021_06_LA_NYG,202110170nyg,2021,6,REG,LA,NYG,Sony Michel,MichSo00,9,17,1.9,25,2.8,1
2021_06_LA_NYG,202110170nyg,2021,6,REG,LA,NYG,Matthew Stafford,StafMa00,2,12,6,0,0,0
2021_06_LA_NYG,202110170nyg,2021,6,REG,LA,NYG,John Wolford,WolfJo00,2,-1,-0.5,0,0,0
2021_06_KC_WAS,202110170was,2021,6,REG,WAS,KC,Antonio Gibson,GibsAn00,10,23,2.3,21,2.1,1
2021_06_KC_WAS,202110170was,2021,6,REG,WAS,KC,J.D. McKissic,McKiJ.00,8,33,4.1,12,1.5,0
2021_06_KC_WAS,202110170was,2021,6,REG,WAS,KC,Jaret Patterson,PattJa01,1,4,4,1,1,0
2021_06_KC_WAS,202110170was,2021,6,REG,KC,WAS,Darrel Williams,WillDa10,21,39,1.9,23,1.1,0
2021_06_KC_WAS,202110170was,2021,6,REG,KC,WAS,Patrick Mahomes,MahoPa00,3,31,10.3,0,0,0
2021_06_KC_WAS,202110170was,2021,6,REG,KC,WAS,Jerick McKinnon,McKiJe00,3,7,2.3,3,1,0
2021_06_KC_WAS,202110170was,2021,6,REG,KC,WAS,Mecole Hardman,HardMe00,1,4,4,2,2,0
2021_06_ARI_CLE,202110170cle,2021,6,REG,CLE,ARI,Kareem Hunt,HuntKa00,14,41,2.9,25,1.8,1
2021_06_ARI_CLE,202110170cle,2021,6,REG,CLE,ARI,Baker Mayfield,MayfBa00,3,8,2.7,0,0,0
2021_06_ARI_CLE,202110170cle,2021,6,REG,CLE,ARI,D'Ernest Johnson,JohnDE04,1,1,1,1,1,0
2021_06_ARI_CLE,202110170cle,2021,6,REG,CLE,ARI,Anthony Schwartz,SchwAn00,1,-3,-3,0,0,0
2021_06_ARI_CLE,202110170cle,2021,6,REG,ARI,CLE,James Conner,ConnJa00,16,26,1.6,45,2.8,3
2021_06_ARI_CLE,202110170cle,2021,6,REG,ARI,CLE,Kyler Murray,MurrKy00,7,5,0.7,1,0.1,0
2021_06_ARI_CLE,202110170cle,2021,6,REG,ARI,CLE,Chase Edmonds,EdmoCh00,4,39,9.8,7,1.8,0
2021_06_ARI_CLE,202110170cle,2021,6,REG,ARI,CLE,Jonathan Ward,WardJo00,4,8,2,6,1.5,0
2021_06_ARI_CLE,202110170cle,2021,6,REG,ARI,CLE,Colt McCoy,McCoCo00,3,-3,-1,0,0,0
2021_06_ARI_CLE,202110170cle,2021,6,REG,ARI,CLE,Rondale Moore,MoorRo02,3,5,1.7,5,1.7,1
2021_06_LV_DEN,202110170den,2021,6,REG,DEN,LV,Javonte Williams,WillJa10,11,34,3.1,19,1.7,2
2021_06_LV_DEN,202110170den,2021,6,REG,DEN,LV,Melvin Gordon,GordMe00,10,30,3,20,2,1
2021_06_LV_DEN,202110170den,2021,6,REG,DEN,LV,Teddy Bridgewater,BridTe00,2,6,3,3,1.5,0
2021_06_LV_DEN,202110170den,2021,6,REG,LV,DEN,Josh Jacobs,JacoJo01,16,30,1.9,23,1.4,1
2021_06_LV_DEN,202110170den,2021,6,REG,LV,DEN,Kenyan Drake,DrakKe00,4,28,7,6,1.5,0
2021_06_LV_DEN,202110170den,2021,6,REG,LV,DEN,Derek Carr,CarrDe02,2,-1,-0.5,0,0,0
2021_06_LV_DEN,202110170den,2021,6,REG,LV,DEN,Jalen Richard,RichJa01,1,0,0,0,0,0
2021_06_DAL_NE,202110170nwe,2021,6,REG,NE,DAL,Damien Harris,HarrDa06,18,57,3.2,44,2.4,0
2021_06_DAL_NE,202110170nwe,2021,6,REG,NE,DAL,Rhamondre Stevenson,StevRh00,5,5,1,18,3.6,0
2021_06_DAL_NE,202110170nwe,2021,6,REG,NE,DAL,Mac Jones,JoneMa05,2,-4,-2,0,0,0
2021_06_DAL_NE,202110170nwe,2021,6,REG,NE,DAL,Nelson Agholor,AghoNe00,1,1,1,0,0,0
2021_06_DAL_NE,202110170nwe,2021,6,REG,NE,DAL,Brandon Bolden,BoldBr00,1,-1,-1,0,0,0
2021_06_DAL_NE,202110170nwe,2021,6,REG,DAL,NE,Ezekiel Elliott,ElliEz00,17,48,2.8,21,1.2,0
2021_06_DAL_NE,202110170nwe,2021,6,REG,DAL,NE,Tony Pollard,PollTo00,10,28,2.8,13,1.3,0
2021_06_DAL_NE,202110170nwe,2021,6,REG,DAL,NE,Dak Prescott,PresDa01,3,10,3.3,0,0,0
2021_06_DAL_NE,202110170nwe,2021,6,REG,DAL,NE,CeeDee Lamb,LambCe00,1,2,2,0,0,0
2021_06_SEA_PIT,202110170pit,2021,6,REG,PIT,SEA,Najee Harris,HarrNa00,24,38,1.6,43,1.8,0
2021_06_SEA_PIT,202110170pit,2021,6,REG,PIT,SEA,Kalen Ballage,BallKa00,2,0,0,15,7.5,0
2021_06_SEA_PIT,202110170pit,2021,6,REG,PIT,SEA,Ben Roethlisberger,RoetBe00,2,-3,-1.5,0,0,0
2021_06_SEA_PIT,202110170pit,2021,6,REG,PIT,SEA,Eric Ebron,EbroEr00,1,1,1,0,0,0
2021_06_SEA_PIT,202110170pit,2021,6,REG,PIT,SEA,Diontae Johnson,JohnDi01,1,15,15,10,10,0
2021_06_SEA_PIT,202110170pit,2021,6,REG,SEA,PIT,Alex Collins,CollAl00,20,52,2.6,49,2.5,1
2021_06_SEA_PIT,202110170pit,2021,6,REG,SEA,PIT,DeeJay Dallas,DallDe00,4,6,1.5,11,2.8,0
2021_06_SEA_PIT,202110170pit,2021,6,REG,SEA,PIT,Travis Homer,HomeTr00,2,12,6,15,7.5,0
2021_06_SEA_PIT,202110170pit,2021,6,REG,SEA,PIT,Geno Smith,SmitGe00,1,-1,-1,0,0,0
2021_06_BUF_TEN,202110180oti,2021,6,REG,TEN,BUF,Derrick Henry,HenrDe00,20,47,2.4,96,4.8,1
2021_06_BUF_TEN,202110180oti,2021,6,REG,TEN,BUF,Ryan Tannehill,TannRy00,2,1,0.5,2,1,1
2021_06_BUF_TEN,202110180oti,2021,6,REG,BUF,TEN,Josh Allen,AlleJo02,9,14,1.6,12,1.3,1
2021_06_BUF_TEN,202110180oti,2021,6,REG,BUF,TEN,Zack Moss,MossZa00,8,10,1.3,14,1.8,1
2021_06_BUF_TEN,202110180oti,2021,6,REG,BUF,TEN,Devin Singletary,SingDe00,5,6,1.2,21,4.2,1
2021_06_BUF_TEN,202110180oti,2021,6,REG,BUF,TEN,Isaiah McKenzie,McKeIs00,1,3,3,2,2,0
2021_07_DEN_CLE,202110210cle,2021,7,REG,CLE,DEN,D'Ernest Johnson,JohnDE04,22,63,2.9,83,3.8,1
2021_07_DEN_CLE,202110210cle,2021,7,REG,CLE,DEN,Case Keenum,KeenCa00,4,1,0.3,6,1.5,0
2021_07_DEN_CLE,202110210cle,2021,7,REG,CLE,DEN,Demetric Felton,FeltDe00,2,6,3,7,3.5,0
2021_07_DEN_CLE,202110210cle,2021,7,REG,CLE,DEN,John Kelly,KellJo00,2,7,3.5,6,3,0
2021_07_DEN_CLE,202110210cle,2021,7,REG,CLE,DEN,Johnny Stanton,StanJo02,2,2,1,3,1.5,0
2021_07_DEN_CLE,202110210cle,2021,7,REG,CLE,DEN,Anthony Schwartz,SchwAn00,1,-2,-2,0,0,0
2021_07_DEN_CLE,202110210cle,2021,7,REG,DEN,CLE,Melvin Gordon,GordMe00,8,6,0.8,12,1.5,0
2021_07_DEN_CLE,202110210cle,2021,7,REG,DEN,CLE,Javonte Williams,WillJa10,4,8,2,12,3,0
2021_07_DEN_CLE,202110210cle,2021,7,REG,DEN,CLE,Teddy Bridgewater,BridTe00,2,0,0,3,1.5,0
2021_07_CIN_BAL,202110240rav,2021,7,REG,BAL,CIN,Lamar Jackson,JackLa00,12,63,5.3,25,2.1,0
2021_07_CIN_BAL,202110240rav,2021,7,REG,BAL,CIN,Le'Veon Bell,BellLe00,5,1,0.2,4,0.8,0
2021_07_CIN_BAL,202110240rav,2021,7,REG,BAL,CIN,Devonta Freeman,FreeDe00,4,5,1.3,9,2.3,0
2021_07_CIN_BAL,202110240rav,2021,7,REG,BAL,CIN,Ty'Son Williams,WillTy01,2,5,2.5,5,2.5,0
2021_07_CIN_BAL,202110240rav,2021,7,REG,BAL,CIN,Devin Duvernay,DuveDe00,1,-2,-2,0,0,0
2021_07_CIN_BAL,202110240rav,2021,7,REG,CIN,BAL,Joe Mixon,MixoJo00,12,39,3.3,20,1.7,1
2021_07_CIN_BAL,202110240rav,2021,7,REG,CIN,BAL,Samaje Perine,PeriSa00,11,11,1,41,3.7,0
2021_07_CIN_BAL,202110240rav,2021,7,REG,CIN,BAL,Joe Burrow,BurrJo01,1,0,0,0,0,0
2021_07_WAS_GB,202110240gnb,2021,7,REG,GB,WAS,Aaron Jones,JoneAa00,6,9,1.5,10,1.7,0
2021_07_WAS_GB,202110240gnb,2021,7,REG,GB,WAS,AJ Dillon,DillAJ00,3,3,1,3,1,0
2021_07_WAS_GB,202110240gnb,2021,7,REG,GB,WAS,Kylin Hill,HillKy00,3,-1,-0.3,3,1,0
2021_07_WAS_GB,202110240gnb,2021,7,REG,GB,WAS,Aaron Rodgers,RodgAa00,2,2,1,15,7.5,0
2021_07_WAS_GB,202110240gnb,2021,7,REG,GB,WAS,Equanimeous St. Brown,St.BEq00,1,7,7,6,6,0
2021_07_WAS_GB,202110240gnb,2021,7,REG,WAS,GB,Antonio Gibson,GibsAn00,14,27,1.9,24,1.7,0
2021_07_WAS_GB,202110240gnb,2021,7,REG,WAS,GB,Taylor Heinicke,HeinTa00,10,92,9.2,3,0.3,0
2021_07_WAS_GB,202110240gnb,2021,7,REG,WAS,GB,J.D. McKissic,McKiJ.00,4,15,3.8,7,1.8,0
2021_07_WAS_GB,202110240gnb,2021,7,REG,WAS,GB,DeAndre Carter,CartDe02,1,27,27,0,0,0
2021_07_ATL_MIA,202110240mia,2021,7,REG,MIA,ATL,Myles Gaskin,GaskMy00,15,45,3,22,1.5,2
2021_07_ATL_MIA,202110240mia,2021,7,REG,MIA,ATL,Salvon Ahmed,AhmeSa01,7,15,2.1,11,1.6,1
2021_07_ATL_MIA,202110240mia,2021,7,REG,MIA,ATL,Tua Tagovailoa,TagoTu00,4,17,4.3,12,3,0
2021_07_ATL_MIA,202110240mia,2021,7,REG,MIA,ATL,Malcolm Brown,BrowMa03,3,6,2,4,1.3,1
2021_07_ATL_MIA,202110240mia,2021,7,REG,ATL,MIA,Cordarrelle Patterson,PattCo00,14,21,1.5,39,2.8,1
2021_07_ATL_MIA,202110240mia,2021,7,REG,ATL,MIA,Mike Davis,DaviMi01,4,3,0.8,7,1.8,1
2021_07_ATL_MIA,202110240mia,2021,7,REG,ATL,MIA,Matt Ryan,RyanMa00,3,-2,-0.7,2,0.7,0
2021_07_ATL_MIA,202110240mia,2021,7,REG,ATL,MIA,Wayne Gallman,GallWa00,1,0,0,2,2,0
2021_07_NYJ_NE,202110240nwe,2021,7,REG,NE,NYJ,Damien Harris,HarrDa06,14,76,5.4,30,2.1,0
2021_07_NYJ_NE,202110240nwe,2021,7,REG,NE,NYJ,J.J. Taylor,TaylJJ01,9,16,1.8,5,0.6,0
2021_07_NYJ_NE,202110240nwe,2021,7,REG,NE,NYJ,Brian Hoyer,HoyeBr00,3,-3,-1,0,0,0
2021_07_NYJ_NE,202110240nwe,2021,7,REG,NE,NYJ,Mac Jones,JoneMa05,3,19,6.3,0,0,0
2021_07_NYJ_NE,202110240nwe,2021,7,REG,NE,NYJ,Brandon Bolden,BoldBr00,2,0,0,0,0,0
2021_07_NYJ_NE,202110240nwe,2021,7,REG,NE,NYJ,Jonnu Smith,SmitJo01,1,4,4,1,1,0
2021_07_NYJ_NE,202110240nwe,2021,7,REG,NYJ,NE,Michael Carter,CartMi03,11,11,1,26,2.4,1
2021_07_NYJ_NE,202110240nwe,2021,7,REG,NYJ,NE,Ty Johnson,JohnTy02,5,5,1,1,0.2,0
2021_07_NYJ_NE,202110240nwe,2021,7,REG,NYJ,NE,Elijah Moore,MoorEl00,1,17,17,2,2,0
2021_07_CAR_NYG,202110240nyg,2021,7,REG,NYG,CAR,Devontae Booker,BookDe00,14,36,2.6,15,1.1,0
2021_07_CAR_NYG,202110240nyg,2021,7,REG,NYG,CAR,Elijhaa Penny,PennEl00,9,5,0.6,19,2.1,1
2021_07_CAR_NYG,202110240nyg,2021,7,REG,NYG,CAR,Daniel Jones,JoneDa05,8,25,3.1,3,0.4,0
2021_07_CAR_NYG,202110240nyg,2021,7,REG,CAR,NYG,Chuba Hubbard,HubbCh01,12,18,1.5,10,0.8,0
2021_07_CAR_NYG,202110240nyg,2021,7,REG,CAR,NYG,Royce Freeman,FreeRo00,3,11,3.7,7,2.3,0
2021_07_CAR_NYG,202110240nyg,2021,7,REG,CAR,NYG,Shi Smith,SmitSh03,1,-3,-3,0,0,0
2021_07_CAR_NYG,202110240nyg,2021,7,REG,CAR,NYG,Phillip Walker,WalkPh00,1,13,13,0,0,0
2021_07_KC_TEN,202110240oti,2021,7,REG,TEN,KC,Derrick Henry,HenrDe00,29,28,1,58,2,1
2021_07_KC_TEN,202110240oti,2021,7,REG,TEN,KC,Darrynton Evans,EvanDa02,2,2,1,5,2.5,0
2021_07_KC_TEN,202110240oti,2021,7,REG,TEN,KC,Ryan Tannehill,TannRy00,2,3,1.5,3,1.5,0
2021_07_KC_TEN,202110240oti,2021,7,REG,TEN,KC,Marcus Johnson,JohnMa07,1,1,1,4,4,0
2021_07_KC_TEN,202110240oti,2021,7,REG,TEN,KC,Logan Woodside,WoodLo00,1,-1,-1,0,0,0
2021_07_KC_TEN,202110240oti,2021,7,REG,KC,TEN,Patrick Mahomes,MahoPa00,6,34,5.7,1,0.2,0
2021_07_KC_TEN,202110240oti,2021,7,REG,KC,TEN,Darrel Williams,WillDa10,5,9,1.8,11,2.2,0
2021_07_KC_TEN,202110240oti,2021,7,REG,KC,TEN,Chad Henne,HennCh01,1,4,4,0,0,0
2021_07_KC_TEN,202110240oti,2021,7,REG,KC,TEN,Tyreek Hill,HillTy00,1,18,18,0,0,0
2021_07_DET_LA,202110240ram,2021,7,REG,LA,DET,Darrell Henderson,HendDa00,15,18,1.2,27,1.8,0
2021_07_DET_LA,202110240ram,2021,7,REG,LA,DET,Sony Michel,MichSo00,2,1,0.5,3,1.5,0
2021_07_DET_LA,202110240ram,2021,7,REG,LA,DET,Matthew Stafford,StafMa00,2,-2,-1,0,0,0
2021_07_DET_LA,202110240ram,2021,7,REG,DET,LA,D'Andre Swift,SwifDA00,13,25,1.9,23,1.8,1
2021_07_DET_LA,202110240ram,2021,7,REG,DET,LA,Jamaal Williams,WillJa06,12,25,2.1,32,2.7,1
2021_07_DET_LA,202110240ram,2021,7,REG,DET,LA,Jared Goff,GoffJa00,1,2,2,1,1,0
2021_07_DET_LA,202110240ram,2021,7,REG,DET,LA,C.J. Moore,MoorCJ01,1,28,28,0,0,0
2021_07_DET_LA,202110240ram,2021,7,REG,DET,LA,Kalif Raymond,RaymKa00,1,0,0,1,1,0
2021_07_PHI_LV,202110240rai,2021,7,REG,LV,PHI,Kenyan Drake,DrakKe00,14,36,2.6,33,2.4,0
2021_07_PHI_LV,202110240rai,2021,7,REG,LV,PHI,Josh Jacobs,JacoJo01,6,21,3.5,8,1.3,0
2021_07_PHI_LV,202110240rai,2021,7,REG,LV,PHI,Jalen Richard,RichJa01,4,2,0.5,6,1.5,0
2021_07_PHI_LV,202110240rai,2021,7,REG,LV,PHI,Derek Carr,CarrDe02,2,1,0.5,0,0,0
2021_07_PHI_LV,202110240rai,2021,7,REG,LV,PHI,Alec Ingold,IngoAl01,1,1,1,0,0,0
2021_07_PHI_LV,202110240rai,2021,7,REG,LV,PHI,Marcus Mariota,MariMa01,1,3,3,1,1,0
2021_07_PHI_LV,202110240rai,2021,7,REG,LV,PHI,Henry Ruggs III,RuggHe00,1,7,7,0,0,0
2021_07_PHI_LV,202110240rai,2021,7,REG,PHI,LV,Jalen Hurts,HurtJa00,13,56,4.3,5,0.4,0
2021_07_PHI_LV,202110240rai,2021,7,REG,PHI,LV,Boston Scott,ScotBo02,7,9,1.3,15,2.1,0
2021_07_PHI_LV,202110240rai,2021,7,REG,PHI,LV,Miles Sanders,SandMi01,6,16,2.7,14,2.3,0
2021_07_PHI_LV,202110240rai,2021,7,REG,PHI,LV,Kenneth Gainwell,GainKe00,5,11,2.2,9,1.8,0
2021_07_PHI_LV,202110240rai,2021,7,REG,PHI,LV,Jalen Reagor,ReagJa00,1,0,0,0,0,0
2021_07_HOU_ARI,202110240crd,2021,7,REG,ARI,HOU,Chase Edmonds,EdmoCh00,15,51,3.4,30,2,2
2021_07_HOU_ARI,202110240crd,2021,7,REG,ARI,HOU,James Conner,ConnJa00,10,40,4,24,2.4,2
2021_07_HOU_ARI,202110240crd,2021,7,REG,ARI,HOU,Kyler Murray,MurrKy00,6,10,1.7,0,0,0
2021_07_HOU_ARI,202110240crd,2021,7,REG,ARI,HOU,Eno Benjamin,BenjEn00,2,6,3,1,0.5,0
2021_07_HOU_ARI,202110240crd,2021,7,REG,ARI,HOU,Colt McCoy,McCoCo00,2,-1,-0.5,0,0,0
2021_07_HOU_ARI,202110240crd,2021,7,REG,ARI,HOU,Zach Ertz,ErtzZa00,1,4,4,0,0,0
2021_07_HOU_ARI,202110240crd,2021,7,REG,ARI,HOU,Jonathan Ward,WardJo00,1,7,7,0,0,0
2021_07_HOU_ARI,202110240crd,2021,7,REG,HOU,ARI,David Johnson,JohnDa08,7,21,3,4,0.6,1
2021_07_HOU_ARI,202110240crd,2021,7,REG,HOU,ARI,Mark Ingram,IngrMa01,6,8,1.3,1,0.2,0
2021_07_HOU_ARI,202110240crd,2021,7,REG,HOU,ARI,Phillip Lindsay,LindPh00,2,8,4,0,0,0
2021_07_CHI_TB,202110240tam,2021,7,REG,TB,CHI,Leonard Fournette,FourLe00,15,41,2.7,40,2.7,3
2021_07_CHI_TB,202110240tam,2021,7,REG,TB,CHI,Ronald Jones II,JoneRo01,10,45,4.5,18,1.8,1
2021_07_CHI_TB,202110240tam,2021,7,REG,TB,CHI,Ke'Shawn Vaughn,VaugKe00,5,13,2.6,14,2.8,2
2021_07_CHI_TB,202110240tam,2021,7,REG,TB,CHI,Jaelon Darden,DardJa00,1,10,10,1,1,0
2021_07_CHI_TB,202110240tam,2021,7,REG,CHI,TB,Khalil Herbert,HerbKh00,18,49,2.7,51,2.8,2
2021_07_CHI_TB,202110240tam,2021,7,REG,CHI,TB,Justin Fields,FielJu00,8,26,3.3,12,1.5,0
2021_07_CHI_TB,202110240tam,2021,7,REG,CHI,TB,Damien Williams,WillDa05,3,3,1,2,0.7,0
2021_07_IND_SF,202110240sfo,2021,7,REG,SF,IND,Elijah Mitchell,MitcEl00,18,58,3.2,49,2.7,2
2021_07_IND_SF,202110240sfo,2021,7,REG,SF,IND,Jamycal Hasty,HastJa02,3,1,0.3,0,0,0
2021_07_IND_SF,202110240sfo,2021,7,REG,SF,IND,Jimmy Garoppolo,GaroJi00,2,0,0,0,0,0
2021_07_IND_SF,202110240sfo,2021,7,REG,SF,IND,Brandon Aiyuk,AiyuBr00,1,0,0,3,3,0
2021_07_IND_SF,202110240sfo,2021,7,REG,IND,SF,Jonathan Taylor,TaylJo02,18,40,2.2,67,3.7,3
2021_07_IND_SF,202110240sfo,2021,7,REG,IND,SF,Nyheim Hines,HineNy00,8,7,0.9,7,0.9,0
2021_07_IND_SF,202110240sfo,2021,7,REG,IND,SF,Carson Wentz,WentCa00,4,15,3.8,8,2,0
2021_07_IND_SF,202110240sfo,2021,7,REG,IND,SF,Marlon Mack,MackMa00,3,1,0.3,3,1,0
2021_07_NO_SEA,202110250sea,2021,7,REG,SEA,NO,Alex Collins,CollAl00,16,15,0.9,20,1.3,1
2021_07_NO_SEA,202110250sea,2021,7,REG,SEA,NO,Rashaad Penny,PennRa00,6,3,0.5,6,1,0
2021_07_NO_SEA,202110250sea,2021,7,REG,SEA,NO,Geno Smith,SmitGe00,3,11,3.7,1,0.3,0
2021_07_NO_SEA,202110250sea,2021,7,REG,SEA,NO,Gerald Everett,EverGe00,1,7,7,5,5,0
2021_07_NO_SEA,202110250sea,2021,7,REG,SEA,NO,Travis Homer,HomeTr00,1,9,9,5,5,0
2021_07_NO_SEA,202110250sea,2021,7,REG,SEA,NO,Freddie Swain,SwaiFr00,1,6,6,2,2,0
2021_07_NO_SEA,202110250sea,2021,7,REG,NO,SEA,Alvin Kamara,KamaAl00,20,29,1.5,22,1.1,0
2021_07_NO_SEA,202110250sea,2021,7,REG,NO,SEA,Jameis Winston,WinsJa00,8,25,3.1,15,1.9,0
2021_07_NO_SEA,202110250sea,2021,7,REG,NO,SEA,Alex Armah,ArmaAl00,1,1,1,1,1,0
2021_07_NO_SEA,202110250sea,2021,7,REG,NO,SEA,Ty Montgomery,MontTy01,1,2,2,2,2,0
2021_07_NO_SEA,202110250sea,2021,7,REG,NO,SEA,Devine Ozigbo,OzigDe01,1,-3,-3,0,0,0
2021_08_GB_ARI,202110280crd,2021,8,REG,ARI,GB,Chase Edmonds,EdmoCh00,7,24,3.4,6,0.9,0
2021_08_GB_ARI,202110280crd,2021,8,REG,ARI,GB,Kyler Murray,MurrKy00,6,21,3.5,0,0,0
2021_08_GB_ARI,202110280crd,2021,8,REG,ARI,GB,James Conner,ConnJa00,5,14,2.8,8,1.6,0
2021_08_GB_ARI,202110280crd,2021,8,REG,ARI,GB,Rondale Moore,MoorRo02,2,1,0.5,0,0,0
2021_08_GB_ARI,202110280crd,2021,8,REG,GB,ARI,AJ Dillon,DillAJ00,16,35,2.2,43,2.7,2
2021_08_GB_ARI,202110280crd,2021,8,REG,GB,ARI,Aaron Jones,JoneAa00,15,35,2.3,24,1.6,0
2021_08_GB_ARI,202110280crd,2021,8,REG,GB,ARI,Aaron Rodgers,RodgAa00,2,2,1,1,0.5,0
2021_08_GB_ARI,202110280crd,2021,8,REG,GB,ARI,Amari Rodgers,RodgAm00,1,6,6,5,5,0
2021_08_CAR_ATL,202110310atl,2021,8,REG,ATL,CAR,Mike Davis,DaviMi01,9,27,3,17,1.9,0
2021_08_CAR_ATL,202110310atl,2021,8,REG,ATL,CAR,Cordarrelle Patterson,PattCo00,9,13,1.4,22,2.4,1
2021_08_CAR_ATL,202110310atl,2021,8,REG,ATL,CAR,Matt Ryan,RyanMa00,2,0,0,3,1.5,0
2021_08_CAR_ATL,202110310atl,2021,8,REG,CAR,ATL,Chuba Hubbard,HubbCh01,24,31,1.3,51,2.1,0
2021_08_CAR_ATL,202110310atl,2021,8,REG,CAR,ATL,Ameer Abdullah,AbduAm00,8,16,2,15,1.9,0
2021_08_CAR_ATL,202110310atl,2021,8,REG,CAR,ATL,Sam Darnold,DarnSa00,8,58,7.3,8,1,0
2021_08_CAR_ATL,202110310atl,2021,8,REG,CAR,ATL,Royce Freeman,FreeRo00,6,9,1.5,16,2.7,0
2021_08_CAR_ATL,202110310atl,2021,8,REG,CAR,ATL,Phillip Walker,WalkPh00,1,-1,-1,0,0,0
2021_08_MIA_BUF,202110310buf,2021,8,REG,BUF,MIA,Josh Allen,AlleJo02,8,36,4.5,19,2.4,2
2021_08_MIA_BUF,202110310buf,2021,8,REG,BUF,MIA,Zack Moss,MossZa00,8,8,1,11,1.4,0
2021_08_MIA_BUF,202110310buf,2021,8,REG,BUF,MIA,Devin Singletary,SingDe00,7,10,1.4,18,2.6,0
2021_08_MIA_BUF,202110310buf,2021,8,REG,MIA,BUF,Myles Gaskin,GaskMy00,12,20,1.7,16,1.3,0
2021_08_MIA_BUF,202110310buf,2021,8,REG,MIA,BUF,Salvon Ahmed,AhmeSa01,7,5,0.7,17,2.4,1
2021_08_MIA_BUF,202110310buf,2021,8,REG,MIA,BUF,Tua Tagovailoa,TagoTu00,4,7,1.8,3,0.8,0
2021_08_SF_CHI,202110310chi,2021,8,REG,CHI,SF,Khalil Herbert,HerbKh00,23,32,1.4,40,1.7,4
2021_08_SF_CHI,202110310chi,2021,8,REG,CHI,SF,Justin Fields,FielJu00,10,57,5.7,46,4.6,2
2021_08_SF_CHI,202110310chi,2021,8,REG,CHI,SF,Damien Williams,WillDa05,2,-3,-1.5,0,0,0
2021_08_SF_CHI,202110310chi,2021,8,REG,CHI,SF,Ryan Nall,NallRy00,1,0,0,4,4,0
2021_08_SF_CHI,202110310chi,2021,8,REG,SF,CHI,Elijah Mitchell,MitcEl00,18,42,2.3,95,5.3,0
2021_08_SF_CHI,202110310chi,2021,8,REG,SF,CHI,Jimmy Garoppolo,GaroJi00,5,3,0.6,1,0.2,0
2021_08_SF_CHI,202110310chi,2021,8,REG,SF,CHI,Jamycal Hasty,HastJa02,3,0,0,4,1.3,0
2021_08_PIT_CLE,202110310cle,2021,8,REG,CLE,PIT,Nick Chubb,ChubNi00,16,30,1.9,31,1.9,0
2021_08_PIT_CLE,202110310cle,2021,8,REG,CLE,PIT,D'Ernest Johnson,JohnDE04,4,15,3.8,7,1.8,0
2021_08_PIT_CLE,202110310cle,2021,8,REG,CLE,PIT,Demetric Felton,FeltDe00,1,1,1,2,2,0
2021_08_PIT_CLE,202110310cle,2021,8,REG,CLE,PIT,Jarvis Landry,LandJa00,1,1,1,4,4,1
2021_08_PIT_CLE,202110310cle,2021,8,REG,CLE,PIT,Baker Mayfield,MayfBa00,1,5,5,0,0,0
2021_08_PIT_CLE,202110310cle,2021,8,REG,PIT,CLE,Najee Harris,HarrNa00,26,49,1.9,42,1.6,1
2021_08_PIT_CLE,202110310cle,2021,8,REG,PIT,CLE,Chase Claypool,ClayCh01,2,16,8,0,0,0
2021_08_PIT_CLE,202110310cle,2021,8,REG,PIT,CLE,Kalen Ballage,BallKa00,1,-3,-3,0,0,0
2021_08_PIT_CLE,202110310cle,2021,8,REG,PIT,CLE,Ray-Ray McCloud,McClRa00,1,10,10,0,0,0
2021_08_PIT_CLE,202110310cle,2021,8,REG,PIT,CLE,Anthony McFarland Jr.,McFaAn00,1,0,0,1,1,0
2021_08_PIT_CLE,202110310cle,2021,8,REG,PIT,CLE,Ben Roethlisberger,RoetBe00,1,0,0,0,0,0
2021_08_PHI_DET,202110310det,2021,8,REG,DET,PHI,D'Andre Swift,SwifDA00,12,19,1.6,8,0.7,2
2021_08_PHI_DET,202110310det,2021,8,REG,DET,PHI,Godwin Igwebuike,IgweGo00,3,14,4.7,4,1.3,0
2021_08_PHI_DET,202110310det,2021,8,REG,DET,PHI,Jermar Jefferson,JeffJe00,2,3,1.5,3,1.5,0
2021_08_PHI_DET,202110310det,2021,8,REG,DET,PHI,David Blough,BlouDa00,1,2,2,4,4,0
2021_08_PHI_DET,202110310det,2021,8,REG,PHI,DET,Kenneth Gainwell,GainKe00,13,2,0.2,25,1.9,2
2021_08_PHI_DET,202110310det,2021,8,REG,PHI,DET,Jordan Howard,HowaJo00,12,28,2.3,29,2.4,2
2021_08_PHI_DET,202110310det,2021,8,REG,PHI,DET,Boston Scott,ScotBo02,12,45,3.8,15,1.3,0
2021_08_PHI_DET,202110310det,2021,8,REG,PHI,DET,Jalen Hurts,HurtJa00,7,49,7,22,3.1,2
2021_08_PHI_DET,202110310det,2021,8,REG,PHI,DET,Jalen Reagor,ReagJa00,2,21,10.5,0,0,0
2021_08_LA_HOU,202110310htx,2021,8,REG,HOU,LA,Scottie Phillips,PhilSc01,5,8,1.6,3,0.6,0
2021_08_LA_HOU,202110310htx,2021,8,REG,HOU,LA,Rex Burkhead,BurkRe00,4,10,2.5,11,2.8,0
2021_08_LA_HOU,202110310htx,2021,8,REG,HOU,LA,Phillip Lindsay,LindPh00,3,2,0.7,6,2,0
2021_08_LA_HOU,202110310htx,2021,8,REG,HOU,LA,David Johnson,JohnDa08,2,0,0,4,2,0
2021_08_LA_HOU,202110310htx,2021,8,REG,LA,HOU,Darrell Henderson,HendDa00,14,58,4.1,32,2.3,0
2021_08_LA_HOU,202110310htx,2021,8,REG,LA,HOU,Sony Michel,MichSo00,9,32,3.6,10,1.1,0
2021_08_LA_HOU,202110310htx,2021,8,REG,LA,HOU,Buddy Howell,HoweGr00,5,9,1.8,2,0.4,0
2021_08_LA_HOU,202110310htx,2021,8,REG,LA,HOU,Robert Woods,WoodRo02,3,21,7,1,0.3,0
2021_08_TEN_IND,202110310clt,2021,8,REG,IND,TEN,Jonathan Taylor,TaylJo02,16,38,2.4,32,2,0
2021_08_TEN_IND,202110310clt,2021,8,REG,IND,TEN,Carson Wentz,WentCa00,3,7,2.3,4,1.3,0
2021_08_TEN_IND,202110310clt,2021,8,REG,IND,TEN,Nyheim Hines,HineNy00,1,0,0,2,2,0
2021_08_TEN_IND,202110310clt,2021,8,REG,TEN,IND,Derrick Henry,HenrDe00,28,13,0.5,55,2,0
2021_08_TEN_IND,202110310clt,2021,8,REG,TEN,IND,Ryan Tannehill,TannRy00,2,23,11.5,3,1.5,0
2021_08_TEN_IND,202110310clt,2021,8,REG,TEN,IND,Logan Woodside,WoodLo00,1,-1,-1,0,0,0
2021_08_CIN_NYJ,202110310nyj,2021,8,REG,NYJ,CIN,Michael Carter,CartMi03,15,51,3.4,26,1.7,0
2021_08_CIN_NYJ,202110310nyj,2021,8,REG,NYJ,CIN,Mike White,WhitMi01,5,-3,-0.6,2,0.4,0
2021_08_CIN_NYJ,202110310nyj,2021,8,REG,NYJ,CIN,Ty Johnson,JohnTy02,4,8,2,7,1.8,0
2021_08_CIN_NYJ,202110310nyj,2021,8,REG,NYJ,CIN,Elijah Moore,MoorEl00,1,4,4,0,0,0
2021_08_CIN_NYJ,202110310nyj,2021,8,REG,NYJ,CIN,La'Mical Perine,PeriLa00,1,2,2,1,1,0
2021_08_CIN_NYJ,202110310nyj,2021,8,REG,NYJ,CIN,Jeff Smith,SmitJe03,1,-1,-1,0,0,0
2021_08_CIN_NYJ,202110310nyj,2021,8,REG,CIN,NYJ,Joe Mixon,MixoJo00,14,19,1.4,14,1,1
2021_08_CIN_NYJ,202110310nyj,2021,8,REG,CIN,NYJ,Joe Burrow,BurrJo01,1,-1,-1,0,0,0
2021_08_CIN_NYJ,202110310nyj,2021,8,REG,CIN,NYJ,Ja'Marr Chase,ChasJa00,1,9,9,0,0,0
2021_08_NE_LAC,202110310sdg,2021,8,REG,LAC,NE,Austin Ekeler,EkelAu00,11,27,2.5,37,3.4,1
2021_08_NE_LAC,202110310sdg,2021,8,REG,LAC,NE,Larry Rountree,RounLa00,4,5,1.3,6,1.5,0
2021_08_NE_LAC,202110310sdg,2021,8,REG,LAC,NE,Justin Jackson,JackJu01,3,73,24.3,6,2,0
2021_08_NE_LAC,202110310sdg,2021,8,REG,LAC,NE,Justin Herbert,HerbJu00,2,9,4.5,0,0,0
2021_08_NE_LAC,202110310sdg,2021,8,REG,NE,LAC,Damien Harris,HarrDa06,23,44,1.9,36,1.6,2
2021_08_NE_LAC,202110310sdg,2021,8,REG,NE,LAC,Rhamondre Stevenson,StevRh00,8,16,2,9,1.1,0
2021_08_NE_LAC,202110310sdg,2021,8,REG,NE,LAC,Brandon Bolden,BoldBr00,4,16,4,10,2.5,0
2021_08_NE_LAC,202110310sdg,2021,8,REG,NE,LAC,Mac Jones,JoneMa05,4,6,1.5,4,1,0
2021_08_JAX_SEA,202110310sea,2021,8,REG,SEA,JAX,Alex Collins,CollAl00,10,23,2.3,21,2.1,2
2021_08_JAX_SEA,202110310sea,2021,8,REG,SEA,JAX,Rashaad Penny,PennRa00,7,4,0.6,3,0.4,0
2021_08_JAX_SEA,202110310sea,2021,8,REG,SEA,JAX,Travis Homer,HomeTr00,4,3,0.8,6,1.5,0
2021_08_JAX_SEA,202110310sea,2021,8,REG,SEA,JAX,Geno Smith,SmitGe00,2,1,0.5,7,3.5,0
2021_08_JAX_SEA,202110310sea,2021,8,REG,SEA,JAX,DeeJay Dallas,DallDe00,1,1,1,5,5,0
2021_08_JAX_SEA,202110310sea,2021,8,REG,SEA,JAX,Gerald Everett,EverGe00,1,-5,-5,0,0,0
2021_08_JAX_SEA,202110310sea,2021,8,REG,JAX,SEA,Carlos Hyde,HydeCa00,9,15,1.7,17,1.9,1
2021_08_JAX_SEA,202110310sea,2021,8,REG,JAX,SEA,James Robinson,RobiJa00,4,10,2.5,12,3,1
2021_08_JAX_SEA,202110310sea,2021,8,REG,JAX,SEA,Trevor Lawrence,LawrTr00,3,3,1,8,2.7,0
2021_08_JAX_SEA,202110310sea,2021,8,REG,JAX,SEA,Dare Ogunbowale,OgunDa00,2,5,2.5,4,2,0
2021_08_JAX_SEA,202110310sea,2021,8,REG,JAX,SEA,Laviska Shenault Jr.,ShenLa00,1,5,5,3,3,0
2021_08_WAS_DEN,202110310den,2021,8,REG,DEN,WAS,Melvin Gordon,GordMe00,10,21,2.1,26,2.6,1
2021_08_WAS_DEN,202110310den,2021,8,REG,DEN,WAS,Javonte Williams,WillJa10,9,18,2,17,1.9,1
2021_08_WAS_DEN,202110310den,2021,8,REG,DEN,WAS,Teddy Bridgewater,BridTe00,1,1,1,0,0,0
2021_08_WAS_DEN,202110310den,2021,8,REG,DEN,WAS,Jerry Jeudy,JeudJe00,1,0,0,0,0,0
2021_08_WAS_DEN,202110310den,2021,8,REG,WAS,DEN,Jaret Patterson,PattJa01,11,25,2.3,21,1.9,0
2021_08_WAS_DEN,202110310den,2021,8,REG,WAS,DEN,Antonio Gibson,GibsAn00,8,27,3.4,7,0.9,0
2021_08_WAS_DEN,202110310den,2021,8,REG,WAS,DEN,J.D. McKissic,McKiJ.00,3,4,1.3,6,2,1
2021_08_WAS_DEN,202110310den,2021,8,REG,WAS,DEN,Taylor Heinicke,HeinTa00,1,7,7,3,3,0
2021_08_WAS_DEN,202110310den,2021,8,REG,WAS,DEN,Terry McLaurin,McLaTe00,1,7,7,5,5,0
2021_08_TB_NO,202110310nor,2021,8,REG,NO,TB,Alvin Kamara,KamaAl00,19,41,2.2,20,1.1,2
2021_08_TB_NO,202110310nor,2021,8,REG,NO,TB,Mark Ingram,IngrMa01,6,9,1.5,18,3,1
2021_08_TB_NO,202110310nor,2021,8,REG,NO,TB,Jameis Winston,WinsJa00,4,36,9,4,1,2
2021_08_TB_NO,202110310nor,2021,8,REG,NO,TB,Trevor Siemian,SiemTr00,2,2,1,0,0,0
2021_08_TB_NO,202110310nor,2021,8,REG,NO,TB,Deonte Harris,HarrDe07,1,20,20,2,2,0
2021_08_TB_NO,202110310nor,2021,8,REG,TB,NO,Leonard Fournette,FourLe00,8,17,2.1,9,1.1,0
2021_08_TB_NO,202110310nor,2021,8,REG,TB,NO,Ronald Jones II,JoneRo01,3,7,2.3,6,2,0
2021_08_TB_NO,202110310nor,2021,8,REG,TB,NO,Giovani Bernard,BernGi00,2,23,11.5,7,3.5,0
2021_08_TB_NO,202110310nor,2021,8,REG,TB,NO,Tom Brady,BradTo00,1,1,1,1,1,0
2021_08_DAL_MIN,202110310min,2021,8,REG,MIN,DAL,Dalvin Cook,CookDa01,18,37,2.1,41,2.3,4
2021_08_DAL_MIN,202110310min,2021,8,REG,MIN,DAL,Kirk Cousins,CousKi00,3,15,5,3,1,0
2021_08_DAL_MIN,202110310min,2021,8,REG,MIN,DAL,Alexander Mattison,MattAl01,2,2,1,3,1.5,0
2021_08_DAL_MIN,202110310min,2021,8,REG,MIN,DAL,C.J. Ham,HamxC.00,1,0,0,0,0,0
2021_08_DAL_MIN,202110310min,2021,8,REG,DAL,MIN,Ezekiel Elliott,ElliEz00,16,26,1.6,24,1.5,1
2021_08_DAL_MIN,202110310min,2021,8,REG,DAL,MIN,Tony Pollard,PollTo00,7,11,1.6,15,2.1,1
2021_08_DAL_MIN,202110310min,2021,8,REG,DAL,MIN,Cooper Rush,RushCo00,1,2,2,0,0,0
2021_08_NYG_KC,202111010kan,2021,8,REG,KC,NYG,Darrel Williams,WillDa10,13,31,2.4,18,1.4,0
2021_08_NYG_KC,202111010kan,2021,8,REG,KC,NYG,Derrick Gore,GoreDe00,11,32,2.9,16,1.5,0
2021_08_NYG_KC,202111010kan,2021,8,REG,KC,NYG,Patrick Mahomes,MahoPa00,3,10,3.3,0,0,0
2021_08_NYG_KC,202111010kan,2021,8,REG,NYG,KC,Devontae Booker,BookDe00,15,37,2.5,23,1.5,0
2021_08_NYG_KC,202111010kan,2021,8,REG,NYG,KC,Daniel Jones,JoneDa05,5,10,2,2,0.4,0
2021_09_NYJ_IND,202111040clt,2021,9,REG,IND,NYJ,Jonathan Taylor,TaylJo02,19,56,2.9,116,6.1,2
2021_09_NYJ_IND,202111040clt,2021,9,REG,IND,NYJ,Nyheim Hines,HineNy00,6,29,4.8,45,7.5,0
2021_09_NYJ_IND,202111040clt,2021,9,REG,IND,NYJ,Carson Wentz,WentCa00,4,11,2.8,2,0.5,0
2021_09_NYJ_IND,202111040clt,2021,9,REG,IND,NYJ,Sam Ehlinger,EhliSa00,1,1,1,0,0,0
2021_09_NYJ_IND,202111040clt,2021,9,REG,NYJ,IND,Michael Carter,CartMi03,13,33,2.5,16,1.2,1
2021_09_NYJ_IND,202111040clt,2021,9,REG,NYJ,IND,Josh Johnson,JohnJo05,4,18,4.5,0,0,0
2021_09_NYJ_IND,202111040clt,2021,9,REG,NYJ,IND,Ty Johnson,JohnTy02,4,17,4.3,4,1,0
